patient,window_sec,fold,n_folds,test_recordings,n_train,n_test,best_epoch,TP,FP,TN,FN,auroc,sensitivity,specificity,precision,f1,accuracy
chb01,1,0,5,chb01_03.edf,1929,240,30,34,3,197,6,0.9878750000000001,0.85,0.985,0.918918918918919,0.8831168831168831,0.9625
chb01,1,1,5,chb01_21.edf,1675,558,15,92,49,416,1,0.9896172967973176,0.989247311827957,0.8946236559139785,0.6524822695035462,0.7863247863247863,0.910394265232975
chb01,1,2,5,chb01_15.edf;chb01_16.edf,1684,546,17,79,22,433,12,0.982755705832629,0.8681318681318682,0.9516483516483516,0.7821782178217822,0.8229166666666666,0.9377289377289377
chb01,1,3,5,chb01_04.edf;chb01_18.edf,1560,702,17,112,4,581,5,0.996814960917525,0.9572649572649573,0.9931623931623932,0.9655172413793104,0.9613733905579399,0.9871794871794872
chb01,1,4,5,chb01_26.edf,1636,606,19,98,31,474,3,0.9901970395059307,0.9702970297029703,0.9386138613861386,0.7596899224806202,0.8521739130434782,0.9438943894389439
chb02,1,0,3,chb02_16+.edf,436,486,13,66,14,391,15,0.983234263069654,0.8148148148148148,0.9654320987654321,0.825,0.8198757763975155,0.9403292181069959
chb02,1,1,3,chb02_16.edf,432,492,27,70,24,386,12,0.9565437239738251,0.8536585365853658,0.9414634146341463,0.7446808510638298,0.7954545454545454,0.926829268292683
chb02,1,2,3,chb02_19.edf,782,54,29,8,12,33,1,0.8716049382716049,0.8888888888888888,0.7333333333333333,0.4,0.5517241379310345,0.7592592592592593
chb03,1,0,5,chb03_02.edf,1617,390,17,60,3,322,5,0.9917633136094675,0.9230769230769231,0.9907692307692307,0.9523809523809523,0.9375,0.9794871794871794
chb03,1,1,5,chb03_03.edf,1598,414,9,67,1,344,2,0.9995379122033187,0.9710144927536232,0.9971014492753624,0.9852941176470589,0.9781021897810219,0.9927536231884058
chb03,1,2,5,chb03_35.edf,1622,384,4,63,18,302,1,0.9896484375,0.984375,0.94375,0.7777777777777778,0.8689655172413793,0.9505208333333334
chb03,1,3,5,chb03_01.edf;chb03_36.edf,1425,630,12,99,9,516,6,0.9938866213151927,0.9428571428571428,0.9828571428571429,0.9166666666666666,0.9295774647887324,0.9761904761904762
chb03,1,4,5,chb03_04.edf;chb03_34.edf,1454,594,9,94,30,465,5,0.9836139169472503,0.9494949494949495,0.9393939393939394,0.7580645161290323,0.8430493273542601,0.9410774410774411
chb04,1,0,3,chb04_05.edf,1579,294,22,48,190,55,1,0.3419408579758434,0.9795918367346939,0.22448979591836735,0.20168067226890757,0.3344947735191638,0.35034013605442177
chb04,1,1,3,chb04_08.edf,1281,666,28,109,38,517,2,0.9794010226442659,0.9819819819819819,0.9315315315315316,0.7414965986394558,0.8449612403100775,0.93993993993994
chb04,1,2,3,chb04_28.edf,768,1308,28,38,110,980,180,0.588784614089723,0.1743119266055046,0.8990825688073395,0.25675675675675674,0.20765027322404372,0.7782874617737003
chb05,1,0,5,chb05_06.edf,2126,690,16,82,4,571,33,0.9805066162570888,0.7130434782608696,0.9930434782608696,0.9534883720930233,0.8159203980099502,0.946376811594203
chb05,1,1,5,chb05_13.edf,2150,660,14,101,15,535,9,0.9846942148760331,0.9181818181818182,0.9727272727272728,0.8706896551724138,0.8938053097345132,0.9636363636363636
chb05,1,2,5,chb05_16.edf,2217,576,14,84,3,477,12,0.9811197916666666,0.875,0.99375,0.9655172413793104,0.9180327868852459,0.9739583333333334
chb05,1,3,5,chb05_17.edf,2102,720,27,110,17,583,10,0.9786805555555556,0.9166666666666666,0.9716666666666667,0.8661417322834646,0.8906882591093117,0.9625
chb05,1,4,5,chb05_22.edf,2116,702,24,114,81,504,3,0.9750748776389802,0.9743589743589743,0.8615384615384616,0.5846153846153846,0.7307692307692307,0.8803418803418803
chb06,1,0,5,chb06_13.edf,672,78,20,12,3,62,1,0.9573964497041421,0.9230769230769231,0.9538461538461539,0.8,0.8571428571428571,0.9487179487179487
chb06,1,1,5,chb06_09.edf,657,96,37,12,4,76,4,0.940625,0.75,0.95,0.75,0.75,0.9166666666666666
chb06,1,2,5,chb06_01.edf;chb06_18.edf,465,336,99,49,14,266,7,0.9613520408163265,0.875,0.95,0.7777777777777778,0.8235294117647058,0.9375
chb06,1,3,5,chb06_04.edf,542,240,15,22,96,104,18,0.568125,0.55,0.52,0.1864406779661017,0.27848101265822783,0.525
chb06,1,4,5,chb06_10.edf;chb06_24.edf,600,168,27,25,17,123,3,0.9339285714285714,0.8928571428571429,0.8785714285714286,0.5952380952380952,0.7142857142857143,0.8809523809523809
chb07,1,0,3,chb07_12.edf,1147,516,9,85,39,391,1,0.9906435911303406,0.9883720930232558,0.9093023255813953,0.6854838709677419,0.8095238095238095,0.9224806201550387
chb07,1,1,3,chb07_13.edf,1099,576,13,78,9,471,18,0.9814019097222223,0.8125,0.98125,0.896551724137931,0.8524590163934426,0.953125
chb07,1,2,3,chb07_19.edf,873,858,24,83,11,704,60,0.9594601202992812,0.5804195804195804,0.9846153846153847,0.8829787234042553,0.70042194092827,0.9172494172494172
chb08,1,0,5,chb08_02.edf,3590,1026,36,149,61,794,22,0.9536335966622208,0.8713450292397661,0.928654970760234,0.7095238095238096,0.7821522309711286,0.919103313840156
chb08,1,1,5,chb08_05.edf,3499,1140,7,154,204,746,36,0.8954349030470914,0.8105263157894737,0.7852631578947369,0.4301675977653631,0.5620437956204379,0.7894736842105263
chb08,1,2,5,chb08_11.edf,3768,804,13,119,15,655,15,0.9847516150590332,0.8880597014925373,0.9776119402985075,0.8880597014925373,0.8880597014925373,0.9626865671641791
chb08,1,3,5,chb08_13.edf,3643,960,14,144,33,767,16,0.9849218750000001,0.9,0.95875,0.8135593220338984,0.8545994065281899,0.9489583333333333
chb08,1,4,5,chb08_21.edf,3144,1584,13,216,123,1197,48,0.9355630165289257,0.8181818181818182,0.9068181818181819,0.6371681415929203,0.7164179104477612,0.8920454545454546
chb09,1,0,3,chb09_06.edf,1017,384,35,57,25,295,7,0.934033203125,0.890625,0.921875,0.6951219512195121,0.7808219178082192,0.9166666666666666
chb09,1,1,3,chb09_08.edf,604,900,17,135,77,673,15,0.9612,0.9,0.8973333333333333,0.6367924528301887,0.7458563535911602,0.8977777777777778
chb09,1,2,3,chb09_19.edf,1027,372,18,54,32,278,8,0.909729448491155,0.8709677419354839,0.896774193548387,0.627906976744186,0.7297297297297297,0.8924731182795699
chb10,1,0,5,chb10_38.edf,1718,534,7,79,38,407,10,0.9700542860749906,0.8876404494382022,0.9146067415730337,0.6752136752136753,0.7669902912621359,0.9101123595505618
chb10,1,1,5,chb10_89.edf,1886,324,5,45,8,262,9,0.9327846364883401,0.8333333333333334,0.9703703703703703,0.8490566037735849,0.8411214953271028,0.9475308641975309
chb10,1,2,5,chb10_27.edf,1833,390,11,61,9,316,4,0.9774201183431952,0.9384615384615385,0.9723076923076923,0.8714285714285714,0.9037037037037037,0.9666666666666667
chb10,1,3,5,chb10_12.edf;chb10_30.edf,1699,558,20,76,3,462,17,0.9755809920221991,0.8172043010752689,0.9935483870967742,0.9620253164556962,0.8837209302325582,0.96415770609319
chb10,1,4,5,chb10_20.edf;chb10_31.edf,1444,876,7,138,114,616,8,0.9686995683993245,0.9452054794520548,0.8438356164383561,0.5476190476190477,0.6934673366834171,0.860730593607306
chb11,1,0,3,chb11_82.edf,2440,132,15,19,2,108,3,0.9888429752066116,0.8636363636363636,0.9818181818181818,0.9047619047619048,0.8837209302325582,0.9621212121212122
chb11,1,1,3,chb11_92.edf,2392,192,13,25,2,158,7,0.9904296875,0.78125,0.9875,0.9259259259259259,0.847457627118644,0.953125
chb11,1,2,3,chb11_99.edf,259,2859,99,589,313,1794,163,0.8984962738187803,0.7832446808510638,0.8514475557664927,0.6529933481152993,0.7122128174123338,0.8335082196572228
chb12,1,0,5,chb12_42.edf,3998,936,22,141,85,695,15,0.9602975016436556,0.9038461538461539,0.8910256410256411,0.6238938053097345,0.7382198952879581,0.8931623931623932
chb12,1,1,5,chb12_08.edf,4353,492,13,68,8,402,14,0.946162998215348,0.8292682926829268,0.9804878048780488,0.8947368421052632,0.8607594936708861,0.9552845528455285
chb12,1,2,5,chb12_10.edf;chb12_23.edf,3336,1764,34,203,102,1368,91,0.8983525382942293,0.6904761904761905,0.9306122448979591,0.6655737704918033,0.67779632721202,0.8905895691609977
chb12,1,3,5,chb12_06.edf;chb12_09.edf;chb12_38.edf,3072,2094,12,280,211,1534,69,0.9117560611160828,0.8022922636103151,0.879083094555874,0.570264765784114,0.6666666666666666,0.8662846227316141
chb12,1,4,5,chb12_11.edf;chb12_33.edf;chb12_36.edf,4228,648,28,86,29,511,22,0.9283093278463649,0.7962962962962963,0.9462962962962963,0.7478260869565218,0.7713004484304933,0.9212962962962963
chb13,1,0,5,chb13_19.edf,1900,264,12,43,12,208,1,0.9787190082644628,0.9772727272727273,0.9454545454545454,0.7818181818181819,0.8686868686868687,0.9507575757575758
chb13,1,1,5,chb13_55.edf,1929,228,26,24,17,173,14,0.8988919667590027,0.631578947368421,0.9105263157894737,0.5853658536585366,0.6075949367088608,0.8640350877192983
chb13,1,2,5,chb13_62.edf,1214,1122,12,115,99,836,72,0.7737310189024564,0.6149732620320856,0.8941176470588236,0.5373831775700935,0.57356608478803,0.8475935828877005
chb13,1,3,5,chb13_58.edf;chb13_59.edf,1732,474,5,73,19,376,6,0.9764140362121455,0.9240506329113924,0.9518987341772152,0.7934782608695652,0.8538011695906432,0.9472573839662447
chb13,1,4,5,chb13_21.edf;chb13_60.edf,1670,552,15,57,19,441,35,0.9260869565217391,0.6195652173913043,0.9586956521739131,0.75,0.6785714285714286,0.9021739130434783
chb14,1,0,5,chb14_11.edf,614,246,16,22,0,205,19,0.957763236168947,0.5365853658536586,1.0,1.0,0.6984126984126984,0.9227642276422764
chb14,1,1,5,chb14_18.edf,705,132,7,19,17,93,3,0.947107438016529,0.8636363636363636,0.8454545454545455,0.5277777777777778,0.6551724137931034,0.8484848484848485
chb14,1,2,5,chb14_17.edf;chb14_27.edf,638,216,4,28,12,168,8,0.917746913580247,0.7777777777777778,0.9333333333333333,0.7,0.7368421052631579,0.9074074074074074
chb14,1,3,5,chb14_03.edf;chb14_04.edf,542,336,19,51,37,243,5,0.9434948979591837,0.9107142857142857,0.8678571428571429,0.5795454545454546,0.7083333333333334,0.875
chb14,1,4,5,chb14_06.edf,744,84,7,10,16,54,4,0.8591836734693876,0.7142857142857143,0.7714285714285715,0.38461538461538464,0.5,0.7619047619047619
chb15,1,0,5,chb15_62.edf,9043,648,18,106,11,529,2,0.9990226337448559,0.9814814814814815,0.9796296296296296,0.905982905982906,0.9422222222222222,0.9799382716049383
chb15,1,1,5,chb15_06.edf;chb15_22.edf;chb15_49.edf,7305,2820,21,427,46,2304,43,0.9920389316432775,0.9085106382978724,0.9804255319148936,0.9027484143763214,0.9056203605514316,0.9684397163120567
chb15,1,2,5,chb15_15.edf;chb15_31.edf;chb15_40.edf;chb15_54.edf,5121,5550,21,819,104,4521,106,0.975139342585829,0.8854054054054054,0.9775135135135136,0.8873239436619719,0.8863636363636364,0.9621621621621622
chb15,1,3,5,chb15_10.edf;chb15_17.edf;chb15_52.edf,8904,822,25,130,34,651,7,0.9879695242154617,0.948905109489051,0.9503649635036496,0.7926829268292683,0.8637873754152824,0.9501216545012166
chb15,1,4,5,chb15_20.edf;chb15_28.edf;chb15_46.edf,7872,2112,20,331,58,1702,21,0.9852579416322315,0.9403409090909091,0.9670454545454545,0.8508997429305912,0.893387314439946,0.962594696969697
chb16,1,0,5,chb16_10.edf,288,54,49,5,3,42,4,0.8691358024691358,0.5555555555555556,0.9333333333333333,0.625,0.5882352941176471,0.8703703703703703
chb16,1,1,5,chb16_11.edf,288,54,37,6,7,38,3,0.8790123456790123,0.6666666666666666,0.8444444444444444,0.46153846153846156,0.5454545454545454,0.8148148148148148
chb16,1,2,5,chb16_14.edf,264,84,42,7,43,27,7,0.4010204081632653,0.5,0.38571428571428573,0.14,0.21875,0.40476190476190477
chb16,1,3,5,chb16_16.edf,302,36,45,3,4,26,3,0.7499999999999999,0.5,0.8666666666666667,0.42857142857142855,0.46153846153846156,0.8055555555555556
chb16,1,4,5,chb16_17.edf,182,186,18,16,56,99,15,0.6235171696149844,0.5161290322580645,0.6387096774193548,0.2222222222222222,0.3106796116504854,0.6182795698924731
chb17,1,0,3,chb17a_03.edf,974,540,20,77,21,429,13,0.9652839506172839,0.8555555555555555,0.9533333333333334,0.7857142857142857,0.8191489361702128,0.937037037037037
chb17,1,1,3,chb17a_04.edf,854,690,18,106,24,551,9,0.9867674858223062,0.9217391304347826,0.9582608695652174,0.8153846153846154,0.8653061224489796,0.9521739130434783
chb17,1,2,3,chb17b_63.edf,984,528,8,68,28,412,20,0.9376033057851241,0.7727272727272727,0.9363636363636364,0.7083333333333334,0.7391304347826086,0.9090909090909091
chb18,1,0,5,chb18_30.edf,1377,180,21,8,6,144,22,0.6393333333333333,0.26666666666666666,0.96,0.5714285714285714,0.36363636363636365,0.8444444444444444
chb18,1,1,5,chb18_36.edf,1300,276,13,46,80,150,0,0.9780718336483932,1.0,0.6521739130434783,0.36507936507936506,0.5348837209302325,0.7101449275362319
chb18,1,2,5,chb18_35.edf,1195,408,23,56,6,334,12,0.9717993079584776,0.8235294117647058,0.9823529411764705,0.9032258064516129,0.8615384615384616,0.9558823529411765
chb18,1,3,5,chb18_32.edf,1257,330,27,54,11,264,1,0.9947107438016528,0.9818181818181818,0.96,0.8307692307692308,0.9,0.9636363636363636
chb18,1,4,5,chb18_29.edf;chb18_31.edf,955,708,9,110,29,561,8,0.9822464808962942,0.9322033898305084,0.9508474576271186,0.7913669064748201,0.8560311284046692,0.9477401129943502
chb19,1,0,3,chb19_28.edf,758,468,27,52,21,369,26,0.8542077580539118,0.6666666666666666,0.9461538461538461,0.7123287671232876,0.6887417218543046,0.8995726495726496
chb19,1,1,3,chb19_29.edf,763,462,28,64,14,371,13,0.9747343565525384,0.8311688311688312,0.9636363636363636,0.8205128205128205,0.8258064516129032,0.9415584415584416
chb19,1,2,3,chb19_30.edf,744,486,18,68,18,387,13,0.9711934156378601,0.8395061728395061,0.9555555555555556,0.7906976744186046,0.8143712574850299,0.9362139917695473
chb20,1,0,5,chb20_15.edf,1008,504,19,68,5,415,16,0.9809240362811792,0.8095238095238095,0.9880952380952381,0.9315068493150684,0.8662420382165605,0.9583333333333334
chb20,1,1,5,chb20_14.edf,1228,228,17,32,1,189,6,0.9969529085872576,0.8421052631578947,0.9947368421052631,0.9696969696969697,0.9014084507042254,0.9692982456140351
chb20,1,2,5,chb20_12.edf,1272,174,13,28,5,140,1,0.9897740784780025,0.9655172413793104,0.9655172413793104,0.8484848484848485,0.9032258064516129,0.9655172413793104
chb20,1,3,5,chb20_13.edf,1080,414,17,67,15,330,2,0.9855912623398445,0.9710144927536232,0.9565217391304348,0.8170731707317073,0.8874172185430463,0.9589371980676329
chb20,1,4,5,chb20_16.edf;chb20_68.edf,1056,444,20,62,36,334,12,0.931190650109569,0.8378378378378378,0.9027027027027027,0.6326530612244898,0.7209302325581395,0.8918918918918919
chb21,1,0,4,chb21_19.edf,686,336,36,51,26,254,5,0.9686224489795918,0.9107142857142857,0.9071428571428571,0.6623376623376623,0.7669172932330827,0.9077380952380952
chb21,1,1,4,chb21_20.edf,715,300,32,42,5,245,8,0.9692,0.84,0.98,0.8936170212765957,0.865979381443299,0.9566666666666667
chb21,1,2,4,chb21_21.edf,566,486,15,73,39,366,8,0.9534522176497484,0.9012345679012346,0.9037037037037037,0.6517857142857143,0.7564766839378239,0.9032921810699589
chb21,1,3,4,chb21_22.edf,897,72,24,12,7,53,0,0.9875,1.0,0.8833333333333333,0.631578947368421,0.7741935483870968,0.9027777777777778
chb22,1,0,3,chb22_20.edf,700,348,28,58,11,279,0,0.9957193816884662,1.0,0.9620689655172414,0.8405797101449275,0.9133858267716536,0.9683908045977011
chb22,1,1,3,chb22_25.edf,624,444,19,72,19,351,2,0.9945215485756027,0.972972972972973,0.9486486486486486,0.7912087912087912,0.8727272727272727,0.9527027027027027
chb22,1,2,3,chb22_38.edf,633,432,24,56,6,354,16,0.9763503086419754,0.7777777777777778,0.9833333333333333,0.9032258064516129,0.835820895522388,0.9490740740740741
chb23,1,0,3,chb23_06.edf,1492,678,7,109,31,534,4,0.990915498472864,0.9646017699115044,0.9451327433628318,0.7785714285714286,0.8616600790513834,0.948377581120944
chb23,1,1,3,chb23_08.edf,1713,402,11,65,8,327,2,0.9945644909779461,0.9701492537313433,0.9761194029850746,0.8904109589041096,0.9285714285714286,0.9751243781094527
chb23,1,2,3,chb23_09.edf,864,1464,20,203,28,1192,41,0.984113813490997,0.8319672131147541,0.9770491803278688,0.8787878787878788,0.8547368421052631,0.9528688524590164
chb24,1,0,5,chb24_07.edf;chb24_21.edf,2020,540,13,76,18,432,14,0.9347901234567901,0.8444444444444444,0.96,0.8085106382978723,0.8260869565217391,0.9407407407407408
chb24,1,1,5,chb24_01.edf;chb24_04.edf;chb24_14.edf,1708,930,9,114,87,688,41,0.887267429760666,0.7354838709677419,0.8877419354838709,0.5671641791044776,0.6404494382022472,0.8623655913978494
chb24,1,2,5,chb24_03.edf;chb24_13.edf;chb24_15.edf,2035,522,17,66,17,418,21,0.9142290923503766,0.7586206896551724,0.960919540229885,0.7951807228915663,0.7764705882352941,0.9272030651340997
chb24,1,3,5,chb24_06.edf;chb24_09.edf,2246,258,22,32,7,208,11,0.8946457544618712,0.7441860465116279,0.9674418604651163,0.8205128205128205,0.7804878048780488,0.9302325581395349
chb24,1,4,5,chb24_11.edf;chb24_17.edf,1800,816,18,82,23,657,54,0.8038927335640138,0.6029411764705882,0.9661764705882353,0.780952380952381,0.6804979253112033,0.9056372549019608
chb01,3,0,5,chb01_03.edf,638,78,79,12,0,65,1,1.0,0.9230769230769231,1.0,1.0,0.96,0.9871794871794872
chb01,3,1,5,chb01_21.edf,552,186,19,31,17,138,0,0.9900104058272633,1.0,0.8903225806451613,0.6458333333333334,0.7848101265822784,0.9086021505376344
chb01,3,2,5,chb01_26.edf,542,198,33,32,2,163,1,0.9985307621671258,0.9696969696969697,0.9878787878787879,0.9411764705882353,0.9552238805970149,0.9848484848484849
chb01,3,3,5,chb01_15.edf;chb01_16.edf,556,180,95,27,2,148,3,0.994,0.9,0.9866666666666667,0.9310344827586207,0.9152542372881356,0.9722222222222222
chb01,3,4,5,chb01_04.edf;chb01_18.edf,513,234,52,37,1,194,2,0.9980276134122288,0.9487179487179487,0.9948717948717949,0.9736842105263158,0.961038961038961,0.9871794871794872
chb02,3,0,3,chb02_16+.edf,144,162,39,21,0,135,6,0.9978052126200274,0.7777777777777778,1.0,1.0,0.875,0.9629629629629629
chb02,3,1,3,chb02_16.edf,144,162,86,26,21,114,1,0.9835390946502057,0.9629629629629629,0.8444444444444444,0.5531914893617021,0.7027027027027027,0.8641975308641975
chb02,3,2,3,chb02_19.edf,259,18,97,3,0,15,0,1.0,1.0,1.0,1.0,1.0,1.0
chb03,3,0,5,chb03_02.edf,528,126,24,21,2,103,0,0.9977324263038548,1.0,0.9809523809523809,0.9130434782608695,0.9545454545454546,0.9841269841269841
chb03,3,1,5,chb03_03.edf,518,138,21,23,0,115,0,1.0,1.0,1.0,1.0,1.0,1.0
chb03,3,2,5,chb03_35.edf,528,126,62,20,2,103,1,0.9981859410430839,0.9523809523809523,0.9809523809523809,0.9090909090909091,0.9302325581395349,0.9761904761904762
chb03,3,3,5,chb03_01.edf;chb03_34.edf,475,192,40,31,7,153,1,0.995703125,0.96875,0.95625,0.8157894736842105,0.8857142857142857,0.9583333333333334
chb03,3,4,5,chb03_04.edf;chb03_36.edf,465,204,57,32,0,170,2,0.9975778546712804,0.9411764705882353,1.0,1.0,0.9696969696969697,0.9901960784313726
chb04,3,0,3,chb04_05.edf,523,96,27,16,57,23,0,0.30000000000000004,1.0,0.2875,0.2191780821917808,0.3595505617977528,0.40625
chb04,3,1,3,chb04_08.edf,422,222,10,35,24,161,2,0.9723886048210373,0.9459459459459459,0.8702702702702703,0.5932203389830508,0.7291666666666666,0.8828828828828829
chb04,3,2,3,chb04_28.edf,254,432,42,14,37,323,58,0.44799382716049385,0.19444444444444445,0.8972222222222223,0.27450980392156865,0.22764227642276422,0.7800925925925926
chb05,3,0,5,chb05_06.edf,705,228,41,36,2,188,2,0.995983379501385,0.9473684210526315,0.9894736842105263,0.9473684210526315,0.9473684210526315,0.9824561403508771
chb05,3,1,5,chb05_13.edf,715,216,40,35,1,179,1,0.9998456790123457,0.9722222222222222,0.9944444444444445,0.9722222222222222,0.9722222222222222,0.9907407407407407
chb05,3,2,5,chb05_16.edf,734,192,68,28,2,158,4,0.9978515625,0.875,0.9875,0.9333333333333333,0.9032258064516129,0.96875
chb05,3,3,5,chb05_17.edf,696,240,21,35,6,194,5,0.98975,0.875,0.97,0.8536585365853658,0.8641975308641975,0.9541666666666667
chb05,3,4,5,chb05_22.edf,700,234,27,37,14,181,2,0.9877712031558186,0.9487179487179487,0.9282051282051282,0.7254901960784313,0.8222222222222222,0.9316239316239316
chb06,3,0,5,chb06_13.edf,211,24,18,4,1,19,0,0.9874999999999999,1.0,0.95,0.8,0.8888888888888888,0.9583333333333334
chb06,3,1,5,chb06_09.edf,206,30,99,4,1,24,1,0.984,0.8,0.96,0.8,0.8,0.9333333333333333
chb06,3,2,5,chb06_01.edf;chb06_24.edf,139,114,49,19,22,73,0,0.9894736842105263,1.0,0.7684210526315789,0.4634146341463415,0.6333333333333333,0.8070175438596491
chb06,3,3,5,chb06_04.edf,172,72,99,8,31,29,4,0.5930555555555554,0.6666666666666666,0.48333333333333334,0.20512820512820512,0.3137254901960784,0.5138888888888888
chb06,3,4,5,chb06_10.edf;chb06_18.edf,192,48,69,7,1,39,1,0.984375,0.875,0.975,0.875,0.875,0.9583333333333334
chb07,3,0,3,chb07_12.edf,379,168,36,28,5,135,0,0.9982142857142857,1.0,0.9642857142857143,0.8484848484848485,0.9180327868852459,0.9702380952380952
chb07,3,1,3,chb07_13.edf,360,192,13,27,8,152,5,0.9767578125,0.84375,0.95,0.7714285714285715,0.8059701492537313,0.9322916666666666
chb07,3,2,3,chb07_19.edf,288,282,96,19,4,231,28,0.9300135808057944,0.40425531914893614,0.9829787234042553,0.8260869565217391,0.5428571428571428,0.8865248226950354
chb08,3,0,5,chb08_02.edf,1190,342,14,53,30,255,4,0.9707602339181286,0.9298245614035088,0.8947368421052632,0.6385542168674698,0.7571428571428571,0.9005847953216374
chb08,3,1,5,chb08_05.edf,1161,378,23,52,47,268,11,0.9314688838498363,0.8253968253968254,0.8507936507936508,0.5252525252525253,0.6419753086419753,0.8465608465608465
chb08,3,2,5,chb08_11.edf,1252,264,15,41,10,210,3,0.9859504132231405,0.9318181818181818,0.9545454545454546,0.803921568627451,0.8631578947368421,0.9507575757575758
chb08,3,3,5,chb08_13.edf,1209,318,40,49,19,246,4,0.990245639017444,0.9245283018867925,0.9283018867924528,0.7205882352941176,0.8099173553719008,0.9276729559748428
chb08,3,4,5,chb08_21.edf,1041,528,12,73,29,411,15,0.9633780991735538,0.8295454545454546,0.9340909090909091,0.7156862745098039,0.7684210526315789,0.9166666666666666
chb09,3,0,3,chb09_06.edf,331,126,58,18,2,103,3,0.9836734693877551,0.8571428571428571,0.9809523809523809,0.9,0.8780487804878049,0.9603174603174603
chb09,3,1,3,chb09_08.edf,196,294,36,37,8,237,12,0.964014993752603,0.7551020408163265,0.9673469387755103,0.8222222222222222,0.7872340425531915,0.9319727891156463
chb09,3,2,3,chb09_19.edf,336,120,16,17,9,91,3,0.9075,0.85,0.91,0.6538461538461539,0.7391304347826086,0.9
chb10,3,0,5,chb10_38.edf,561,174,94,24,0,145,5,0.9923900118906065,0.8275862068965517,1.0,1.0,0.9056603773584906,0.9712643678160919
chb10,3,1,5,chb10_89.edf,614,108,20,15,3,87,3,0.9006172839506172,0.8333333333333334,0.9666666666666667,0.8333333333333334,0.8333333333333334,0.9444444444444444
chb10,3,2,5,chb10_20.edf;chb10_31.edf,470,288,21,46,64,176,2,0.9591145833333334,0.9583333333333334,0.7333333333333333,0.41818181818181815,0.5822784810126582,0.7708333333333334
chb10,3,3,5,chb10_12.edf;chb10_30.edf,556,180,13,26,0,150,4,0.9931111111111112,0.8666666666666667,1.0,1.0,0.9285714285714286,0.9777777777777777
chb10,3,4,5,chb10_27.edf,600,126,20,20,0,105,1,0.9977324263038548,0.9523809523809523,1.0,1.0,0.975609756097561,0.9920634920634921
chb11,3,0,3,chb11_82.edf,808,42,28,6,0,35,1,1.0,0.8571428571428571,1.0,1.0,0.9230769230769231,0.9761904761904762
chb11,3,1,3,chb11_92.edf,794,60,13,10,0,50,0,1.0,1.0,1.0,1.0,1.0,1.0
chb11,3,2,3,chb11_99.edf,81,951,95,203,97,604,47,0.9291868758915836,0.812,0.8616262482168331,0.6766666666666666,0.7381818181818182,0.8485804416403786
chb12,3,0,5,chb12_42.edf,1286,300,35,45,21,229,5,0.98224,0.9,0.916,0.6818181818181818,0.7758620689655172,0.9133333333333333
chb12,3,1,5,chb12_08.edf,1406,150,28,20,7,118,5,0.9248,0.8,0.944,0.7407407407407407,0.7692307692307693,0.92
chb12,3,2,5,chb12_09.edf;chb12_10.edf,1310,270,39,40,8,217,5,0.9892345679012345,0.8888888888888888,0.9644444444444444,0.8333333333333334,0.8602150537634409,0.9518518518518518
chb12,3,3,5,chb12_11.edf;chb12_23.edf;chb12_36.edf,1084,552,24,68,23,437,24,0.9224952741020794,0.7391304347826086,0.95,0.7472527472527473,0.7431693989071039,0.9148550724637681
chb12,3,4,5,chb12_06.edf;chb12_33.edf;chb12_38.edf,1017,636,26,82,18,512,24,0.9357600569597722,0.7735849056603774,0.9660377358490566,0.82,0.7961165048543689,0.9339622641509434
chb13,3,0,5,chb13_19.edf,614,84,32,13,1,69,1,0.9979591836734695,0.9285714285714286,0.9857142857142858,0.9285714285714286,0.9285714285714286,0.9761904761904762
chb13,3,1,5,chb13_55.edf,624,72,20,9,10,50,3,0.9055555555555556,0.75,0.8333333333333334,0.47368421052631576,0.5806451612903226,0.8194444444444444
chb13,3,2,5,chb13_62.edf,388,366,92,36,16,289,25,0.6963181940338619,0.5901639344262295,0.9475409836065574,0.6923076923076923,0.6371681415929203,0.8879781420765027
chb13,3,3,5,chb13_58.edf;chb13_59.edf,561,150,65,22,4,121,3,0.97216,0.88,0.968,0.8461538461538461,0.8627450980392157,0.9533333333333334
chb13,3,4,5,chb13_21.edf;chb13_60.edf,537,180,13,17,1,149,13,0.9553333333333334,0.5666666666666667,0.9933333333333333,0.9444444444444444,0.7083333333333334,0.9222222222222223
chb14,3,0,5,chb14_11.edf,187,78,99,7,0,65,6,0.9597633136094675,0.5384615384615384,1.0,1.0,0.7,0.9230769230769231
chb14,3,1,5,chb14_18.edf,216,42,38,6,1,34,1,0.9918367346938776,0.8571428571428571,0.9714285714285714,0.8571428571428571,0.8571428571428571,0.9523809523809523
chb14,3,2,5,chb14_03.edf;chb14_04.edf,168,102,33,16,5,80,1,0.9930795847750865,0.9411764705882353,0.9411764705882353,0.7619047619047619,0.8421052631578947,0.9411764705882353
chb14,3,3,5,chb14_06.edf,230,24,15,3,4,16,1,0.8875000000000001,0.75,0.8,0.42857142857142855,0.5454545454545454,0.7916666666666666
chb14,3,4,5,chb14_17.edf;chb14_27.edf,196,66,53,9,1,54,2,0.9619834710743802,0.8181818181818182,0.9818181818181818,0.9,0.8571428571428571,0.9545454545454546
chb15,3,0,5,chb15_62.edf,2976,216,22,36,3,177,0,1.0,1.0,0.9833333333333333,0.9230769230769231,0.96,0.9861111111111112
chb15,3,1,5,chb15_06.edf;chb15_22.edf;chb15_49.edf,2404,930,20,138,4,771,17,0.9959791883454734,0.8903225806451613,0.9948387096774194,0.971830985915493,0.9292929292929293,0.9774193548387097
chb15,3,2,5,chb15_10.edf;chb15_17.edf;chb15_52.edf,2937,264,15,43,12,208,1,0.9964876033057852,0.9772727272727273,0.9454545454545454,0.7818181818181819,0.8686868686868687,0.9507575757575758
chb15,3,3,5,chb15_15.edf;chb15_31.edf;chb15_40.edf;chb15_54.edf,1684,1830,49,286,37,1488,19,0.9897124428916958,0.9377049180327869,0.9757377049180328,0.8854489164086687,0.910828025477707,0.9693989071038251
chb15,3,4,5,chb15_20.edf;chb15_28.edf;chb15_46.edf,2592,696,25,108,8,572,8,0.992449464922711,0.9310344827586207,0.9862068965517241,0.9310344827586207,0.9310344827586207,0.9770114942528736
chb16,3,0,5,chb16_10.edf,86,18,25,1,0,15,2,0.9555555555555556,0.3333333333333333,1.0,1.0,0.5,0.8888888888888888
chb16,3,1,5,chb16_11.edf,86,18,3,0,0,15,3,0.4666666666666667,0.0,1.0,,0.0,0.8333333333333334
chb16,3,2,5,chb16_14.edf,81,24,43,3,20,0,1,0.43749999999999994,0.75,0.0,0.13043478260869565,0.2222222222222222,0.125
chb16,3,3,5,chb16_16.edf,91,12,37,0,1,9,2,0.8500000000000001,0.0,0.9,0.0,0.0,0.75
chb16,3,4,5,chb16_17.edf,57,54,37,2,3,42,7,0.7851851851851852,0.2222222222222222,0.9333333333333333,0.4,0.2857142857142857,0.8148148148148148
chb17,3,0,3,chb17a_03.edf,321,180,99,26,3,147,4,0.9953333333333333,0.8666666666666667,0.98,0.896551724137931,0.8813559322033898,0.9611111111111111
chb17,3,1,3,chb17a_04.edf,283,228,29,37,3,187,1,0.9979224376731302,0.9736842105263158,0.9842105263157894,0.925,0.9487179487179487,0.9824561403508771
chb17,3,2,3,chb17b_63.edf,326,174,43,20,2,143,9,0.9517241379310346,0.6896551724137931,0.9862068965517241,0.9090909090909091,0.7843137254901961,0.9367816091954023
chb18,3,0,5,chb18_36.edf,422,90,39,15,5,70,0,0.9946666666666667,1.0,0.9333333333333333,0.75,0.8571428571428571,0.9444444444444444
chb18,3,1,5,chb18_35.edf,388,132,38,20,0,110,2,0.9954545454545454,0.9090909090909091,1.0,1.0,0.9523809523809523,0.9848484848484849
chb18,3,2,5,chb18_29.edf;chb18_31.edf,312,228,17,38,9,181,0,0.9976454293628809,1.0,0.9526315789473684,0.8085106382978723,0.8941176470588236,0.9605263157894737
chb18,3,3,5,chb18_30.edf,446,60,27,3,2,48,7,0.628,0.3,0.96,0.6,0.4,0.85
chb18,3,4,5,chb18_32.edf,408,108,31,18,2,88,0,0.9993827160493828,1.0,0.9777777777777777,0.9,0.9473684210526315,0.9814814814814815
chb19,3,0,3,chb19_28.edf,249,156,54,16,9,121,10,0.8834319526627219,0.6153846153846154,0.9307692307692308,0.64,0.6274509803921569,0.8782051282051282
chb19,3,1,3,chb19_29.edf,254,150,28,22,15,110,3,0.95168,0.88,0.88,0.5945945945945946,0.7096774193548387,0.88
chb19,3,2,3,chb19_30.edf,244,162,42,20,0,135,7,0.9914951989026064,0.7407407407407407,1.0,1.0,0.851063829787234,0.9567901234567902
chb20,3,0,5,chb20_15.edf,326,162,41,24,3,132,3,0.9539094650205762,0.8888888888888888,0.9777777777777777,0.8888888888888888,0.8888888888888888,0.9629629629629629
chb20,3,1,5,chb20_14.edf,398,72,28,12,1,59,0,1.0,1.0,0.9833333333333333,0.9230769230769231,0.96,0.9861111111111112
chb20,3,2,5,chb20_12.edf,412,54,16,9,0,45,0,1.0,1.0,1.0,1.0,1.0,1.0
chb20,3,3,5,chb20_13.edf,345,138,32,22,3,112,1,0.998109640831758,0.9565217391304348,0.9739130434782609,0.88,0.9166666666666666,0.9710144927536232
chb20,3,4,5,chb20_16.edf;chb20_68.edf,340,144,32,19,7,113,5,0.9284722222222221,0.7916666666666666,0.9416666666666667,0.7307692307692307,0.76,0.9166666666666666
chb21,3,0,4,chb21_19.edf,225,108,53,15,3,87,3,0.9796296296296296,0.8333333333333334,0.9666666666666667,0.8333333333333334,0.8333333333333334,0.9444444444444444
chb21,3,1,4,chb21_20.edf,235,96,40,15,3,77,1,0.9773437500000001,0.9375,0.9625,0.8333333333333334,0.8823529411764706,0.9583333333333334
chb21,3,2,4,chb21_21.edf,182,162,33,23,14,121,4,0.967352537722908,0.8518518518518519,0.8962962962962963,0.6216216216216216,0.71875,0.8888888888888888
chb21,3,3,4,chb21_22.edf,292,24,29,4,1,19,0,1.0,1.0,0.95,0.8,0.8888888888888888,0.9583333333333334
chb22,3,0,3,chb22_20.edf,230,114,23,18,0,95,1,1.0,0.9473684210526315,1.0,1.0,0.972972972972973,0.9912280701754386
chb22,3,1,3,chb22_25.edf,206,144,66,23,4,116,1,0.9975694444444445,0.9583333333333334,0.9666666666666667,0.8518518518518519,0.9019607843137255,0.9652777777777778
chb22,3,2,3,chb22_38.edf,206,144,63,19,2,118,5,0.9857638888888889,0.7916666666666666,0.9833333333333333,0.9047619047619048,0.8444444444444444,0.9513888888888888
chb23,3,0,3,chb23_06.edf,484,222,16,36,5,180,1,0.9951789627465303,0.972972972972973,0.972972972972973,0.8780487804878049,0.9230769230769231,0.972972972972973
chb23,3,1,3,chb23_08.edf,561,126,31,21,2,103,0,1.0,1.0,0.9809523809523809,0.9130434782608695,0.9545454545454546,0.9841269841269841
chb23,3,2,3,chb23_09.edf,278,480,52,69,3,397,11,0.9952500000000001,0.8625,0.9925,0.9583333333333334,0.9078947368421053,0.9708333333333333
chb24,3,0,5,chb24_07.edf;chb24_21.edf,652,174,10,24,7,138,5,0.9210463733650416,0.8275862068965517,0.9517241379310345,0.7741935483870968,0.8,0.9310344827586207
chb24,3,1,5,chb24_01.edf;chb24_04.edf;chb24_13.edf,571,276,18,36,13,217,10,0.9135160680529302,0.782608695652174,0.9434782608695652,0.7346938775510204,0.7578947368421053,0.9166666666666666
chb24,3,2,5,chb24_03.edf;chb24_09.edf,681,138,20,20,6,109,3,0.9115311909262759,0.8695652173913043,0.9478260869565217,0.7692307692307693,0.8163265306122449,0.9347826086956522
chb24,3,3,5,chb24_06.edf;chb24_14.edf;chb24_15.edf,686,132,28,17,1,109,5,0.8979338842975206,0.7727272727272727,0.990909090909091,0.9444444444444444,0.85,0.9545454545454546
chb24,3,4,5,chb24_11.edf;chb24_17.edf,576,270,32,27,5,220,18,0.7838024691358025,0.6,0.9777777777777777,0.84375,0.7012987012987013,0.9148148148148149
chb01,5,0,5,chb01_03.edf,379,48,45,8,1,39,0,0.996875,1.0,0.975,0.8888888888888888,0.9411764705882353,0.9791666666666666
chb01,5,1,5,chb01_21.edf,331,108,40,18,4,86,0,0.9981481481481481,1.0,0.9555555555555556,0.8181818181818182,0.9,0.9629629629629629
chb01,5,2,5,chb01_26.edf,321,120,80,19,2,98,1,0.9964999999999999,0.95,0.98,0.9047619047619048,0.926829268292683,0.975
chb01,5,3,5,chb01_15.edf;chb01_16.edf,331,108,34,18,1,89,0,0.9975308641975309,1.0,0.9888888888888889,0.9473684210526315,0.972972972972973,0.9907407407407407
chb01,5,4,5,chb01_04.edf;chb01_18.edf,307,138,31,23,3,112,0,0.9996219281663516,1.0,0.9739130434782609,0.8846153846153846,0.9387755102040817,0.9782608695652174
chb02,5,0,3,chb02_16+.edf,81,96,30,13,0,80,3,0.99609375,0.8125,1.0,1.0,0.896551724137931,0.96875
chb02,5,1,3,chb02_16.edf,81,96,88,15,12,68,1,0.95390625,0.9375,0.85,0.5555555555555556,0.6976744186046512,0.8645833333333334
chb02,5,2,3,chb02_19.edf,153,6,47,1,1,4,0,1.0,1.0,0.8,0.5,0.6666666666666666,0.8333333333333334
chb03,5,0,5,chb03_03.edf,307,78,65,13,0,65,0,1.0,1.0,1.0,1.0,1.0,1.0
chb03,5,1,5,chb03_04.edf;chb03_34.edf,278,114,86,18,1,94,1,0.992797783933518,0.9473684210526315,0.9894736842105263,0.9473684210526315,0.9473684210526315,0.9824561403508771
chb03,5,2,5,chb03_02.edf,307,78,40,13,0,65,0,1.0,1.0,1.0,1.0,1.0,1.0
chb03,5,3,5,chb03_35.edf,312,72,40,12,2,58,0,0.9944444444444445,1.0,0.9666666666666667,0.8571428571428571,0.9230769230769231,0.9722222222222222
chb03,5,4,5,chb03_01.edf;chb03_36.edf,273,120,67,19,2,98,1,0.9984999999999999,0.95,0.98,0.9047619047619048,0.926829268292683,0.975
chb04,5,0,3,chb04_05.edf,312,54,37,9,33,12,0,0.28888888888888886,1.0,0.26666666666666666,0.21428571428571427,0.35294117647058826,0.3888888888888889
chb04,5,1,3,chb04_08.edf,249,132,17,21,16,94,1,0.9475206611570248,0.9545454545454546,0.8545454545454545,0.5675675675675675,0.711864406779661,0.8712121212121212
chb04,5,2,3,chb04_28.edf,148,258,49,8,17,198,35,0.4744186046511628,0.18604651162790697,0.9209302325581395,0.32,0.23529411764705882,0.7984496124031008
chb05,5,0,5,chb05_06.edf,422,138,47,20,0,115,3,0.9988657844990548,0.8695652173913043,1.0,1.0,0.9302325581395349,0.9782608695652174
chb05,5,1,5,chb05_13.edf,427,132,55,22,1,109,0,0.9987603305785124,1.0,0.990909090909091,0.9565217391304348,0.9777777777777777,0.9924242424242424
chb05,5,2,5,chb05_16.edf,441,114,43,16,0,95,3,0.997229916897507,0.8421052631578947,1.0,1.0,0.9142857142857143,0.9736842105263158
chb05,5,3,5,chb05_17.edf,417,144,67,23,1,119,1,0.9965277777777777,0.9583333333333334,0.9916666666666667,0.9583333333333334,0.9583333333333334,0.9861111111111112
chb05,5,4,5,chb05_22.edf,422,138,21,23,7,108,0,0.9977315689981097,1.0,0.9391304347826087,0.7666666666666667,0.8679245283018868,0.9492753623188406
chb06,5,0,5,chb06_09.edf,120,18,99,2,3,12,1,0.9111111111111112,0.6666666666666666,0.8,0.4,0.5,0.7777777777777778
chb06,5,1,5,chb06_13.edf,124,12,58,1,0,10,1,1.0,0.5,1.0,1.0,0.6666666666666666,0.9166666666666666
chb06,5,2,5,chb06_01.edf;chb06_24.edf,81,66,49,10,4,51,1,0.9768595041322313,0.9090909090909091,0.9272727272727272,0.7142857142857143,0.8,0.9242424242424242
chb06,5,3,5,chb06_04.edf,96,48,70,4,13,27,4,0.6875,0.5,0.675,0.23529411764705882,0.32,0.6458333333333334
chb06,5,4,5,chb06_10.edf;chb06_18.edf,115,24,38,4,2,18,0,0.9874999999999999,1.0,0.9,0.6666666666666666,0.8,0.9166666666666666
chb07,5,0,3,chb07_12.edf,225,102,99,17,10,75,0,0.9993079584775086,1.0,0.8823529411764706,0.6296296296296297,0.7727272727272727,0.9019607843137255
chb07,5,1,3,chb07_13.edf,216,114,41,16,1,94,3,0.9955678670360111,0.8421052631578947,0.9894736842105263,0.9411764705882353,0.8888888888888888,0.9649122807017544
chb07,5,2,3,chb07_19.edf,172,168,41,8,7,133,20,0.8762755102040816,0.2857142857142857,0.95,0.5333333333333333,0.37209302325581395,0.8392857142857143
chb08,5,0,5,chb08_02.edf,710,204,10,33,25,145,1,0.9794117647058824,0.9705882352941176,0.8529411764705882,0.5689655172413793,0.717391304347826,0.8725490196078431
chb08,5,1,5,chb08_05.edf,691,228,54,30,40,150,8,0.9146814404432133,0.7894736842105263,0.7894736842105263,0.42857142857142855,0.5555555555555556,0.7894736842105263
chb08,5,2,5,chb08_11.edf,748,156,9,24,7,123,2,0.9872781065088757,0.9230769230769231,0.9461538461538461,0.7741935483870968,0.8421052631578947,0.9423076923076923
chb08,5,3,5,chb08_13.edf,720,192,23,29,4,156,3,0.990234375,0.90625,0.975,0.8787878787878788,0.8923076923076924,0.9635416666666666
chb08,5,4,5,chb08_21.edf,624,312,10,46,24,236,6,0.9608727810650888,0.8846153846153846,0.9076923076923077,0.6571428571428571,0.7540983606557377,0.9038461538461539
chb09,5,0,3,chb09_06.edf,196,72,99,9,4,56,3,0.9583333333333334,0.75,0.9333333333333333,0.6923076923076923,0.72,0.9027777777777778
chb09,5,1,3,chb09_08.edf,115,174,48,28,10,135,1,0.990011890606421,0.9655172413793104,0.9310344827586207,0.7368421052631579,0.835820895522388,0.9367816091954023
chb09,5,2,3,chb09_19.edf,196,72,99,10,2,58,2,0.9083333333333332,0.8333333333333334,0.9666666666666667,0.8333333333333334,0.8333333333333334,0.9444444444444444
chb10,5,0,5,chb10_38.edf,336,102,86,13,0,85,4,0.9757785467128027,0.7647058823529411,1.0,1.0,0.8666666666666667,0.9607843137254902
chb10,5,1,5,chb10_27.edf,355,78,36,13,0,65,0,1.0,1.0,1.0,1.0,1.0,1.0
chb10,5,2,5,chb10_89.edf,369,60,30,9,0,50,1,1.0,0.9,1.0,1.0,0.9473684210526315,0.9833333333333333
chb10,5,3,5,chb10_20.edf;chb10_31.edf,278,174,33,27,17,128,2,0.9833531510107014,0.9310344827586207,0.8827586206896552,0.6136363636363636,0.7397260273972602,0.8908045977011494
chb10,5,4,5,chb10_12.edf;chb10_30.edf,331,108,49,17,0,90,1,1.0,0.9444444444444444,1.0,1.0,0.9714285714285714,0.9907407407407407
chb11,5,0,3,chb11_82.edf,484,24,78,4,0,20,0,1.0,1.0,1.0,1.0,1.0,1.0
chb11,5,1,3,chb11_92.edf,475,36,69,6,0,30,0,1.0,1.0,1.0,1.0,1.0,1.0
chb11,5,2,3,chb11_99.edf,48,570,99,114,27,393,36,0.9371904761904762,0.76,0.9357142857142857,0.8085106382978723,0.7835051546391752,0.8894736842105263
chb12,5,0,5,chb12_08.edf,835,90,52,13,0,75,2,0.9662222222222222,0.8666666666666667,1.0,1.0,0.9285714285714286,0.9777777777777777
chb12,5,1,5,chb12_10.edf;chb12_23.edf,628,348,26,49,44,246,9,0.9412009512485137,0.8448275862068966,0.8482758620689655,0.5268817204301075,0.6490066225165563,0.8477011494252874
chb12,5,2,5,chb12_42.edf,768,174,25,28,9,136,1,0.9757431629013079,0.9655172413793104,0.9379310344827586,0.7567567567567568,0.8484848484848485,0.9425287356321839
chb12,5,3,5,chb12_06.edf;chb12_09.edf;chb12_38.edf,585,402,41,55,10,325,12,0.9621296502561818,0.8208955223880597,0.9701492537313433,0.8461538461538461,0.8333333333333334,0.945273631840796
chb12,5,4,5,chb12_11.edf;chb12_33.edf;chb12_36.edf,811,120,46,15,2,98,5,0.912,0.75,0.98,0.8823529411764706,0.8108108108108109,0.9416666666666667
chb13,5,0,5,chb13_19.edf,369,48,54,8,2,38,0,1.0,1.0,0.95,0.8,0.8888888888888888,0.9583333333333334
chb13,5,1,5,chb13_55.edf,374,42,29,5,2,33,2,0.9510204081632654,0.7142857142857143,0.9428571428571428,0.7142857142857143,0.7142857142857143,0.9047619047619048
chb13,5,2,5,chb13_62.edf,230,222,35,23,9,176,14,0.6870708546384221,0.6216216216216216,0.9513513513513514,0.71875,0.6666666666666666,0.8963963963963963
chb13,5,3,5,chb13_58.edf;chb13_59.edf,336,90,28,14,12,63,1,0.976,0.9333333333333333,0.84,0.5384615384615384,0.6829268292682927,0.8555555555555555
chb13,5,4,5,chb13_21.edf;chb13_60.edf,321,108,95,11,1,89,7,0.9777777777777777,0.6111111111111112,0.9888888888888889,0.9166666666666666,0.7333333333333333,0.9259259259259259
chb14,5,0,5,chb14_11.edf,110,48,96,4,0,40,4,1.0,0.5,1.0,1.0,0.6666666666666666,0.9166666666666666
chb14,5,1,5,chb14_18.edf,129,24,56,4,0,20,0,1.0,1.0,1.0,1.0,1.0,1.0
chb14,5,2,5,chb14_06.edf,139,12,56,2,2,8,0,0.9,1.0,0.8,0.5,0.6666666666666666,0.8333333333333334
chb14,5,3,5,chb14_17.edf;chb14_27.edf,115,42,40,5,0,35,2,0.9918367346938776,0.7142857142857143,1.0,1.0,0.8333333333333334,0.9523809523809523
chb14,5,4,5,chb14_03.edf;chb14_04.edf,100,60,99,10,0,50,0,1.0,1.0,1.0,1.0,1.0,1.0
chb15,5,0,5,chb15_62.edf,1790,126,50,21,2,103,0,1.0,1.0,0.9809523809523809,0.9130434782608695,0.9545454545454546,0.9841269841269841
chb15,5,1,5,chb15_15.edf;chb15_40.edf;chb15_54.edf,1132,948,22,153,41,749,5,0.9948966511776959,0.9683544303797469,0.9481012658227848,0.788659793814433,0.8693181818181818,0.9514767932489452
chb15,5,2,5,chb15_10.edf;chb15_17.edf;chb15_52.edf,1761,162,44,26,3,132,1,0.9934156378600822,0.9629629629629629,0.9777777777777777,0.896551724137931,0.9285714285714286,0.9753086419753086
chb15,5,3,5,chb15_20.edf;chb15_28.edf;chb15_46.edf,1555,420,40,66,6,344,4,0.9936326530612245,0.9428571428571428,0.9828571428571429,0.9166666666666666,0.9295774647887324,0.9761904761904762
chb15,5,4,5,chb15_06.edf;chb15_22.edf;chb15_31.edf;chb15_49.edf,1324,708,48,106,5,585,12,0.993536340132146,0.8983050847457628,0.9915254237288136,0.954954954954955,0.925764192139738,0.9759887005649718
chb16,5,0,5,chb16_10.edf,38,6,4,0,0,5,1,1.0,0.0,1.0,,0.0,0.8333333333333334
chb16,5,1,5,chb16_11.edf,38,6,70,1,0,5,0,1.0,1.0,1.0,1.0,1.0,1.0
chb16,5,2,5,chb16_14.edf,33,12,32,1,10,0,1,0.04999999999999999,0.5,0.0,0.09090909090909091,0.15384615384615385,0.08333333333333333
chb16,5,3,5,chb16_16.edf,38,6,42,1,1,4,0,0.8,1.0,0.8,0.5,0.6666666666666666,0.8333333333333334
chb16,5,4,5,chb16_17.edf,24,24,12,0,0,20,4,0.7999999999999999,0.0,1.0,,0.0,0.8333333333333334
chb17,5,0,3,chb17a_03.edf,192,108,98,16,3,87,2,0.9919753086419754,0.8888888888888888,0.9666666666666667,0.8421052631578947,0.8648648648648649,0.9537037037037037
chb17,5,1,3,chb17a_04.edf,168,138,34,23,1,114,0,0.9996219281663516,1.0,0.991304347826087,0.9583333333333334,0.9787234042553191,0.9927536231884058
chb17,5,2,3,chb17b_63.edf,196,102,98,14,1,84,3,0.9930795847750865,0.8235294117647058,0.9882352941176471,0.9333333333333333,0.875,0.9607843137254902
chb18,5,0,5,chb18_36.edf,254,54,75,9,4,41,0,1.0,1.0,0.9111111111111111,0.6923076923076923,0.8181818181818182,0.9259259259259259
chb18,5,1,5,chb18_32.edf,244,66,28,11,1,54,0,1.0,1.0,0.9818181818181818,0.9166666666666666,0.9565217391304348,0.9848484848484849
chb18,5,2,5,chb18_35.edf,235,78,22,12,0,65,1,0.9988165680473373,0.9230769230769231,1.0,1.0,0.96,0.9871794871794872
chb18,5,3,5,chb18_30.edf,268,36,92,2,0,30,4,0.5833333333333333,0.3333333333333333,1.0,1.0,0.5,0.8888888888888888
chb18,5,4,5,chb18_29.edf;chb18_31.edf,187,138,38,22,0,115,1,0.9996219281663516,0.9565217391304348,1.0,1.0,0.9777777777777777,0.9927536231884058
chb19,5,0,3,chb19_28.edf,148,90,70,11,2,73,4,0.9244444444444445,0.7333333333333333,0.9733333333333334,0.8461538461538461,0.7857142857142857,0.9333333333333333
chb19,5,1,3,chb19_29.edf,148,90,26,14,4,71,1,0.9742222222222223,0.9333333333333333,0.9466666666666667,0.7777777777777778,0.8484848484848485,0.9444444444444444
chb19,5,2,3,chb19_30.edf,144,96,72,11,1,79,5,0.98984375,0.6875,0.9875,0.9166666666666666,0.7857142857142857,0.9375
chb20,5,0,5,chb20_15.edf,187,96,39,13,1,79,3,0.99140625,0.8125,0.9875,0.9285714285714286,0.8666666666666667,0.9583333333333334
chb20,5,1,5,chb20_14.edf,230,42,87,7,0,35,0,1.0,1.0,1.0,1.0,1.0,1.0
chb20,5,2,5,chb20_12.edf;chb20_16.edf,206,72,26,12,6,54,0,0.9791666666666666,1.0,0.9,0.6666666666666666,0.8,0.9166666666666666
chb20,5,3,5,chb20_13.edf,201,78,35,12,1,64,1,0.9893491124260355,0.9230769230769231,0.9846153846153847,0.9230769230769231,0.9230769230769231,0.9743589743589743
chb20,5,4,5,chb20_68.edf,230,42,78,2,0,35,5,0.8938775510204081,0.2857142857142857,1.0,1.0,0.4444444444444444,0.8809523809523809
chb21,5,0,4,chb21_19.edf,134,66,92,11,2,53,0,1.0,1.0,0.9636363636363636,0.8461538461538461,0.9166666666666666,0.9696969696969697
chb21,5,1,4,chb21_20.edf,139,60,99,9,0,50,1,1.0,0.9,1.0,1.0,0.9473684210526315,0.9833333333333333
chb21,5,2,4,chb21_21.edf,110,96,99,13,4,76,3,0.9890625,0.8125,0.95,0.7647058823529411,0.7878787878787878,0.9270833333333334
chb21,5,3,4,chb21_22.edf,177,12,98,2,0,10,0,1.0,1.0,1.0,1.0,1.0,1.0
chb22,5,0,3,chb22_20.edf,134,66,88,11,2,53,0,1.0,1.0,0.9636363636363636,0.8461538461538461,0.9166666666666666,0.9696969696969697
chb22,5,1,3,chb22_25.edf,120,84,46,13,0,70,1,1.0,0.9285714285714286,1.0,1.0,0.9629629629629629,0.9880952380952381
chb22,5,2,3,chb22_38.edf,120,84,29,12,2,68,2,0.9846938775510204,0.8571428571428571,0.9714285714285714,0.8571428571428571,0.8571428571428571,0.9523809523809523
chb23,5,0,3,chb23_06.edf,288,132,32,21,9,101,1,0.9946280991735538,0.9545454545454546,0.9181818181818182,0.7,0.8076923076923077,0.9242424242424242
chb23,5,1,3,chb23_08.edf,331,78,48,13,2,63,0,0.978698224852071,1.0,0.9692307692307692,0.8666666666666667,0.9285714285714286,0.9743589743589743
chb23,5,2,3,chb23_09.edf,168,282,50,40,2,233,7,0.9914893617021276,0.851063829787234,0.9914893617021276,0.9523809523809523,0.898876404494382,0.9680851063829787
chb24,5,0,5,chb24_01.edf;chb24_15.edf,398,78,23,13,1,64,0,0.9940828402366865,1.0,0.9846153846153847,0.9285714285714286,0.9629629629629629,0.9871794871794872
chb24,5,1,5,chb24_07.edf;chb24_13.edf;chb24_14.edf,403,72,27,11,8,52,1,0.9611111111111111,0.9166666666666666,0.8666666666666667,0.5789473684210527,0.7096774193548387,0.875
chb24,5,2,5,chb24_03.edf;chb24_09.edf,398,78,30,12,1,64,1,0.9964497041420117,0.9230769230769231,0.9846153846153847,0.9230769230769231,0.9230769230769231,0.9743589743589743
chb24,5,3,5,chb24_04.edf;chb24_06.edf;chb24_21.edf,312,186,18,28,17,138,3,0.9729448491155046,0.9032258064516129,0.8903225806451613,0.6222222222222222,0.7368421052631579,0.8924731182795699
chb24,5,4,5,chb24_11.edf;chb24_17.edf,331,162,37,16,2,133,11,0.7884773662551441,0.5925925925925926,0.9851851851851852,0.8888888888888888,0.7111111111111111,0.9197530864197531
chb01,8,0,5,chb01_03.edf,230,30,27,5,0,25,0,1.0,1.0,1.0,1.0,1.0,1.0
chb01,8,1,5,chb01_21.edf,201,66,60,11,2,53,0,1.0,1.0,0.9636363636363636,0.8461538461538461,0.9166666666666666,0.9696969696969697
chb01,8,2,5,chb01_26.edf,196,72,99,12,0,60,0,1.0,1.0,1.0,1.0,1.0,1.0
chb01,8,3,5,chb01_15.edf;chb01_16.edf,201,66,81,10,0,55,1,0.9983471074380165,0.9090909090909091,1.0,1.0,0.9523809523809523,0.9848484848484849
chb01,8,4,5,chb01_04.edf;chb01_18.edf,187,84,60,14,0,70,0,1.0,1.0,1.0,1.0,1.0,1.0
chb02,8,0,3,chb02_16+.edf,52,60,99,4,0,50,6,0.988,0.4,1.0,1.0,0.5714285714285714,0.9
chb02,8,1,3,chb02_16.edf,52,60,97,9,10,40,1,0.916,0.9,0.8,0.47368421052631576,0.6206896551724138,0.8166666666666667
chb02,8,2,3,chb02_19.edf,96,6,99,1,0,5,0,1.0,1.0,1.0,1.0,1.0,1.0
chb03,8,0,5,chb03_02.edf,187,48,82,8,0,40,0,1.0,1.0,1.0,1.0,1.0,1.0
chb03,8,1,5,chb03_03.edf,187,48,84,8,1,39,0,1.0,1.0,0.975,0.8888888888888888,0.9411764705882353,0.9791666666666666
chb03,8,2,5,chb03_35.edf,187,48,52,8,0,40,0,1.0,1.0,1.0,1.0,1.0,1.0
chb03,8,3,5,chb03_01.edf;chb03_34.edf,172,66,96,11,0,55,0,1.0,1.0,1.0,1.0,1.0,1.0
chb03,8,4,5,chb03_04.edf;chb03_36.edf,168,72,36,11,2,58,1,0.9958333333333333,0.9166666666666666,0.9666666666666667,0.8461538461538461,0.88,0.9583333333333334
chb04,8,0,3,chb04_05.edf,187,36,28,6,19,11,0,0.3666666666666667,1.0,0.36666666666666664,0.24,0.3870967741935484,0.4722222222222222
chb04,8,1,3,chb04_08.edf,153,78,60,12,2,63,1,0.9952662721893492,0.9230769230769231,0.9692307692307692,0.8571428571428571,0.8888888888888888,0.9615384615384616
chb04,8,2,3,chb04_28.edf,91,156,99,3,2,128,23,0.3940828402366864,0.11538461538461539,0.9846153846153847,0.6,0.1935483870967742,0.8397435897435898
chb05,8,0,5,chb05_06.edf,259,84,96,14,0,70,0,1.0,1.0,1.0,1.0,1.0,1.0
chb05,8,1,5,chb05_13.edf,264,78,91,13,0,65,0,1.0,1.0,1.0,1.0,1.0,1.0
chb05,8,2,5,chb05_16.edf,268,72,96,11,0,60,1,1.0,0.9166666666666666,1.0,1.0,0.9565217391304348,0.9861111111111112
chb05,8,3,5,chb05_17.edf,254,90,97,13,2,73,2,0.9777777777777779,0.8666666666666667,0.9733333333333334,0.8666666666666667,0.8666666666666667,0.9555555555555556
chb05,8,4,5,chb05_22.edf,259,84,50,14,10,60,0,1.0,1.0,0.8571428571428571,0.5833333333333334,0.7368421052631579,0.8809523809523809
chb06,8,0,5,chb06_09.edf,57,12,50,1,0,10,1,1.0,0.5,1.0,1.0,0.6666666666666666,0.9166666666666666
chb06,8,1,5,chb06_13.edf,62,6,59,1,0,5,0,1.0,1.0,1.0,1.0,1.0,1.0
chb06,8,2,5,chb06_01.edf;chb06_24.edf,43,30,44,4,1,24,1,0.9600000000000001,0.8,0.96,0.8,0.8,0.9333333333333333
chb06,8,3,5,chb06_04.edf,48,24,40,2,6,14,2,0.7124999999999999,0.5,0.7,0.25,0.3333333333333333,0.6666666666666666
chb06,8,4,5,chb06_10.edf;chb06_18.edf,57,12,99,2,0,10,0,1.0,1.0,1.0,1.0,1.0,1.0
chb07,8,0,3,chb07_12.edf,139,60,61,10,9,41,0,1.0,1.0,0.82,0.5263157894736842,0.6896551724137931,0.85
chb07,8,1,3,chb07_13.edf,129,72,82,11,3,57,1,0.9694444444444443,0.9166666666666666,0.95,0.7857142857142857,0.8461538461538461,0.9444444444444444
chb07,8,2,3,chb07_19.edf,105,102,70,9,1,84,8,0.9536332179930795,0.5294117647058824,0.9882352941176471,0.9,0.6666666666666666,0.9117647058823529
chb08,8,0,5,chb08_02.edf,441,126,52,20,10,95,1,0.9705215419501133,0.9523809523809523,0.9047619047619048,0.6666666666666666,0.7843137254901961,0.9126984126984127
chb08,8,1,5,chb08_05.edf,432,138,19,18,19,96,5,0.9164461247637051,0.782608695652174,0.8347826086956521,0.4864864864864865,0.6,0.8260869565217391
chb08,8,2,5,chb08_11.edf,465,96,81,15,1,79,1,0.98828125,0.9375,0.9875,0.9375,0.9375,0.9791666666666666
chb08,8,3,5,chb08_13.edf,446,120,24,19,6,94,1,0.9905,0.95,0.94,0.76,0.8444444444444444,0.9416666666666667
chb08,8,4,5,chb08_21.edf,384,198,18,31,21,144,2,0.9803489439853076,0.9393939393939394,0.8727272727272727,0.5961538461538461,0.7294117647058823,0.8838383838383839
chb09,8,0,3,chb09_06.edf,115,48,43,7,0,40,1,0.9906250000000001,0.875,1.0,1.0,0.9333333333333333,0.9791666666666666
chb09,8,1,3,chb09_08.edf,72,102,96,13,1,84,4,0.9951557093425606,0.7647058823529411,0.9882352941176471,0.9285714285714286,0.8387096774193549,0.9509803921568627
chb09,8,2,3,chb09_19.edf,120,42,47,6,0,35,1,1.0,0.8571428571428571,1.0,1.0,0.9230769230769231,0.9761904761904762
chb10,8,0,5,chb10_38.edf,201,66,45,8,0,55,3,1.0,0.7272727272727273,1.0,1.0,0.8421052631578947,0.9545454545454546
chb10,8,1,5,chb10_89.edf,225,36,98,6,0,30,0,1.0,1.0,1.0,1.0,1.0,1.0
chb10,8,2,5,chb10_20.edf;chb10_31.edf,172,102,96,17,6,79,0,0.9993079584775086,1.0,0.9294117647058824,0.7391304347826086,0.85,0.9411764705882353
chb10,8,3,5,chb10_27.edf,216,48,41,8,0,40,0,1.0,1.0,1.0,1.0,1.0,1.0
chb10,8,4,5,chb10_12.edf;chb10_30.edf,201,66,42,10,0,55,1,0.9983471074380165,0.9090909090909091,1.0,1.0,0.9523809523809523,0.9848484848484849
chb11,8,0,3,chb11_82.edf,304,12,97,2,0,10,0,1.0,1.0,1.0,1.0,1.0,1.0
chb11,8,1,3,chb11_92.edf,294,24,46,4,0,20,0,1.0,1.0,1.0,1.0,1.0,1.0
chb11,8,2,3,chb11_99.edf,28,356,99,70,37,225,24,0.8981240864057172,0.7446808510638298,0.8587786259541985,0.6542056074766355,0.6965174129353234,0.8286516853932584
chb12,8,0,5,chb12_08.edf,499,48,91,6,0,40,2,0.99375,0.75,1.0,1.0,0.8571428571428571,0.9583333333333334
chb12,8,1,5,chb12_09.edf;chb12_10.edf,456,102,50,17,4,81,0,0.9986159169550173,1.0,0.9529411764705882,0.8095238095238095,0.8947368421052632,0.9607843137254902
chb12,8,2,5,chb12_11.edf;chb12_33.edf;chb12_38.edf,398,174,57,19,9,136,10,0.9265160523186683,0.6551724137931034,0.9379310344827586,0.6785714285714286,0.6666666666666666,0.8908045977011494
chb12,8,3,5,chb12_42.edf,456,102,99,17,8,77,0,1.0,1.0,0.9058823529411765,0.68,0.8095238095238095,0.9215686274509803
chb12,8,4,5,chb12_06.edf;chb12_23.edf;chb12_36.edf,340,246,20,26,23,182,15,0.8624628197501487,0.6341463414634146,0.8878048780487805,0.5306122448979592,0.5777777777777777,0.8455284552845529
chb13,8,0,5,chb13_19.edf,220,30,44,5,1,24,0,1.0,1.0,0.96,0.8333333333333334,0.9090909090909091,0.9666666666666667
chb13,8,1,5,chb13_55.edf,225,24,24,4,3,17,0,0.9624999999999999,1.0,0.85,0.5714285714285714,0.7272727272727273,0.875
chb13,8,2,5,chb13_62.edf,134,138,61,15,7,108,8,0.7092627599243856,0.6521739130434783,0.9391304347826087,0.6818181818181818,0.6666666666666666,0.8913043478260869
chb13,8,3,5,chb13_59.edf;chb13_60.edf,201,54,54,9,5,40,0,0.9876543209876543,1.0,0.8888888888888888,0.6428571428571429,0.782608695652174,0.9074074074074074
chb13,8,4,5,chb13_21.edf;chb13_58.edf,196,60,77,5,0,50,5,1.0,0.5,1.0,1.0,0.6666666666666666,0.9166666666666666
chb14,8,0,5,chb14_11.edf,57,30,99,3,0,25,2,1.0,0.6,1.0,1.0,0.75,0.9333333333333333
chb14,8,1,5,chb14_06.edf,76,6,71,1,0,5,0,1.0,1.0,1.0,1.0,1.0,1.0
chb14,8,2,5,chb14_03.edf;chb14_04.edf,57,30,26,5,0,25,0,1.0,1.0,1.0,1.0,1.0,1.0
chb14,8,3,5,chb14_17.edf;chb14_18.edf,62,24,98,4,1,19,0,1.0,1.0,0.95,0.8,0.8888888888888888,0.9583333333333334
chb14,8,4,5,chb14_27.edf,72,12,99,2,0,10,0,1.0,1.0,1.0,1.0,1.0,1.0
chb15,8,0,5,chb15_62.edf,1075,78,33,13,0,65,0,1.0,1.0,1.0,1.0,1.0,1.0
chb15,8,1,5,chb15_06.edf;chb15_22.edf;chb15_31.edf;chb15_49.edf,792,432,29,69,8,352,3,0.9975308641975309,0.9583333333333334,0.9777777777777777,0.8961038961038961,0.9261744966442953,0.9745370370370371
chb15,8,2,5,chb15_15.edf;chb15_52.edf;chb15_54.edf,777,450,68,70,8,367,5,0.9849244444444445,0.9333333333333333,0.9786666666666667,0.8974358974358975,0.9150326797385621,0.9711111111111111
chb15,8,3,5,chb15_10.edf;chb15_17.edf;chb15_40.edf,969,210,75,33,0,175,2,0.9986938775510203,0.9428571428571428,1.0,1.0,0.9705882352941176,0.9904761904761905
chb15,8,4,5,chb15_20.edf;chb15_28.edf;chb15_46.edf,936,252,74,39,2,208,3,0.9944444444444445,0.9285714285714286,0.9904761904761905,0.9512195121951219,0.9397590361445783,0.9801587301587301
chb16,8,0,4,chb16_10.edf,24,6,22,0,0,5,1,1.0,0.0,1.0,,0.0,0.8333333333333334
chb16,8,1,4,chb16_11.edf,24,6,96,1,0,5,0,1.0,1.0,1.0,1.0,1.0,1.0
chb16,8,2,4,chb16_14.edf,24,6,98,0,2,3,1,0.4,0.0,0.6,0.0,0.0,0.5
chb16,8,3,4,chb16_17.edf,14,18,21,0,0,15,3,0.9333333333333333,0.0,1.0,,0.0,0.8333333333333334
chb17,8,0,3,chb17a_03.edf,120,66,86,10,3,52,1,0.9950413223140495,0.9090909090909091,0.9454545454545454,0.7692307692307693,0.8333333333333334,0.9393939393939394
chb17,8,1,3,chb17a_04.edf,105,84,96,14,0,70,0,1.0,1.0,1.0,1.0,1.0,1.0
chb17,8,2,3,chb17b_63.edf,120,66,99,8,1,54,3,0.9851239669421488,0.7272727272727273,0.9818181818181818,0.8888888888888888,0.8,0.9393939393939394
chb18,8,0,5,chb18_30.edf,158,18,83,1,0,15,2,0.6666666666666666,0.3333333333333333,1.0,1.0,0.5,0.8888888888888888
chb18,8,1,5,chb18_36.edf,148,30,26,5,7,18,0,1.0,1.0,0.72,0.4166666666666667,0.5882352941176471,0.7666666666666667
chb18,8,2,5,chb18_32.edf,144,36,46,6,0,30,0,1.0,1.0,1.0,1.0,1.0,1.0
chb18,8,3,5,chb18_35.edf,134,48,98,7,1,39,1,0.9937499999999999,0.875,0.975,0.875,0.875,0.9583333333333334
chb18,8,4,5,chb18_29.edf;chb18_31.edf,105,84,58,14,3,67,0,1.0,1.0,0.9571428571428572,0.8235294117647058,0.9032258064516129,0.9642857142857143
chb19,8,0,3,chb19_28.edf,91,54,42,8,1,44,1,0.9753086419753088,0.8888888888888888,0.9777777777777777,0.8888888888888888,0.8888888888888888,0.9629629629629629
chb19,8,1,3,chb19_29.edf,91,54,39,8,4,41,1,0.9703703703703703,0.8888888888888888,0.9111111111111111,0.6666666666666666,0.7619047619047619,0.9074074074074074
chb19,8,2,3,chb19_30.edf,86,60,35,6,2,48,4,0.9700000000000001,0.6,0.96,0.75,0.6666666666666666,0.9
chb20,8,0,5,chb20_15.edf,105,60,36,8,0,50,2,1.0,0.8,1.0,1.0,0.8888888888888888,0.9666666666666667
chb20,8,1,5,chb20_14.edf,134,24,92,3,0,20,1,1.0,0.75,1.0,1.0,0.8571428571428571,0.9583333333333334
chb20,8,2,5,chb20_12.edf;chb20_16.edf,120,42,56,7,7,28,0,0.9591836734693877,1.0,0.8,0.5,0.6666666666666666,0.8333333333333334
chb20,8,3,5,chb20_13.edf,120,42,33,7,0,35,0,1.0,1.0,1.0,1.0,1.0,1.0
chb20,8,4,5,chb20_68.edf,134,24,67,1,0,20,3,0.975,0.25,1.0,1.0,0.4,0.875
chb21,8,0,4,chb21_19.edf,81,42,48,5,1,34,2,0.9877551020408163,0.7142857142857143,0.9714285714285714,0.8333333333333334,0.7692307692307693,0.9285714285714286
chb21,8,1,4,chb21_20.edf,86,36,65,6,0,30,0,1.0,1.0,1.0,1.0,1.0,1.0
chb21,8,2,4,chb21_21.edf,67,60,99,10,4,46,0,0.994,1.0,0.92,0.7142857142857143,0.8333333333333334,0.9333333333333333
chb21,8,3,4,chb21_22.edf,110,6,96,1,0,5,0,1.0,1.0,1.0,1.0,1.0,1.0
chb22,8,0,3,chb22_20.edf,86,42,66,7,0,35,0,1.0,1.0,1.0,1.0,1.0,1.0
chb22,8,1,3,chb22_25.edf,76,54,98,9,0,45,0,1.0,1.0,1.0,1.0,1.0,1.0
chb22,8,2,3,chb22_38.edf,76,54,98,7,0,45,2,1.0,0.7777777777777778,1.0,1.0,0.875,0.9629629629629629
chb23,8,0,3,chb23_06.edf,168,84,79,14,2,68,0,0.9989795918367348,1.0,0.9714285714285714,0.875,0.9333333333333333,0.9761904761904762
chb23,8,1,3,chb23_08.edf,201,42,99,7,0,35,0,1.0,1.0,1.0,1.0,1.0,1.0
chb23,8,2,3,chb23_09.edf,100,168,85,24,1,139,4,0.9982142857142857,0.8571428571428571,0.9928571428571429,0.96,0.9056603773584906,0.9702380952380952
chb24,8,0,5,chb24_07.edf;chb24_13.edf;chb24_21.edf,225,72,24,11,1,59,1,0.9958333333333333,0.9166666666666666,0.9833333333333333,0.9166666666666666,0.9166666666666666,0.9722222222222222
chb24,8,1,5,chb24_01.edf;chb24_09.edf,244,48,27,7,0,40,1,1.0,0.875,1.0,1.0,0.9333333333333333,0.9791666666666666
chb24,8,2,5,chb24_03.edf;chb24_15.edf,244,48,34,8,0,40,0,1.0,1.0,1.0,1.0,1.0,1.0
chb24,8,3,5,chb24_04.edf;chb24_06.edf;chb24_14.edf,211,90,59,13,2,73,2,0.952,0.8666666666666667,0.9733333333333334,0.8666666666666667,0.8666666666666667,0.9555555555555556
chb24,8,4,5,chb24_11.edf;chb24_17.edf,206,96,93,9,1,79,7,0.8054687500000001,0.5625,0.9875,0.9,0.6923076923076923,0.9166666666666666
chb01,10,0,5,chb01_21.edf,163,54,95,9,0,45,0,1.0,1.0,1.0,1.0,1.0,1.0
chb01,10,1,5,chb01_26.edf,158,60,96,10,1,49,0,0.998,1.0,0.98,0.9090909090909091,0.9523809523809523,0.9833333333333333
chb01,10,2,5,chb01_03.edf,187,24,99,4,0,20,0,1.0,1.0,1.0,1.0,1.0,1.0
chb01,10,3,5,chb01_15.edf;chb01_16.edf,163,54,73,8,0,45,1,1.0,0.8888888888888888,1.0,1.0,0.9411764705882353,0.9814814814814815
chb01,10,4,5,chb01_04.edf;chb01_18.edf,153,66,65,11,1,54,0,1.0,1.0,0.9818181818181818,0.9166666666666666,0.9565217391304348,0.9848484848484849
chb02,10,0,2,chb02_16+.edf,38,48,24,0,0,40,8,0.975,0.0,1.0,,0.0,0.8333333333333334
chb02,10,1,2,chb02_16.edf,38,48,99,8,28,12,0,0.85,1.0,0.3,0.2222222222222222,0.36363636363636365,0.4166666666666667
chb03,10,0,5,chb03_02.edf,148,36,55,6,0,30,0,1.0,1.0,1.0,1.0,1.0,1.0
chb03,10,1,5,chb03_03.edf,148,36,95,6,0,30,0,1.0,1.0,1.0,1.0,1.0,1.0
chb03,10,2,5,chb03_01.edf;chb03_34.edf,134,54,95,9,2,43,0,0.9901234567901235,1.0,0.9555555555555556,0.8181818181818182,0.9,0.9629629629629629
chb03,10,3,5,chb03_35.edf,148,36,36,5,0,30,1,1.0,0.8333333333333334,1.0,1.0,0.9090909090909091,0.9722222222222222
chb03,10,4,5,chb03_04.edf;chb03_36.edf,129,60,99,10,2,48,0,0.996,1.0,0.96,0.8333333333333334,0.9090909090909091,0.9666666666666667
chb04,10,0,3,chb04_05.edf,153,24,48,4,15,5,0,0.30000000000000004,1.0,0.25,0.21052631578947367,0.34782608695652173,0.375
chb04,10,1,3,chb04_08.edf,120,66,29,10,4,51,1,0.9702479338842975,0.9090909090909091,0.9272727272727272,0.7142857142857143,0.8,0.9242424242424242
chb04,10,2,3,chb04_28.edf,72,126,99,2,0,105,19,0.4244897959183674,0.09523809523809523,1.0,1.0,0.17391304347826086,0.8492063492063492
chb05,10,0,5,chb05_06.edf,206,66,97,10,0,55,1,1.0,0.9090909090909091,1.0,1.0,0.9523809523809523,0.9848484848484849
chb05,10,1,5,chb05_13.edf,206,66,52,11,0,55,0,1.0,1.0,1.0,1.0,1.0,1.0
chb05,10,2,5,chb05_16.edf,216,54,99,7,0,45,2,1.0,0.7777777777777778,1.0,1.0,0.875,0.9629629629629629
chb05,10,3,5,chb05_17.edf,201,72,36,10,2,58,2,0.9833333333333334,0.8333333333333334,0.9666666666666667,0.8333333333333334,0.8333333333333334,0.9444444444444444
chb05,10,4,5,chb05_22.edf,206,66,77,11,3,52,0,0.9917355371900827,1.0,0.9454545454545454,0.7857142857142857,0.88,0.9545454545454546
chb06,10,0,5,chb06_09.edf,52,6,99,1,0,5,0,1.0,1.0,1.0,1.0,1.0,1.0
chb06,10,1,5,chb06_13.edf,52,6,99,1,0,5,0,1.0,1.0,1.0,1.0,1.0,1.0
chb06,10,2,5,chb06_01.edf;chb06_18.edf,38,24,72,3,0,20,1,1.0,0.75,1.0,1.0,0.8571428571428571,0.9583333333333334
chb06,10,3,5,chb06_04.edf;chb06_24.edf,33,30,99,4,10,15,1,0.6880000000000001,0.8,0.6,0.2857142857142857,0.42105263157894735,0.6333333333333333
chb06,10,4,5,chb06_10.edf,52,6,93,1,0,5,0,1.0,1.0,1.0,1.0,1.0,1.0
chb07,10,0,3,chb07_12.edf,110,48,28,8,8,32,0,0.996875,1.0,0.8,0.5,0.6666666666666666,0.8333333333333334
chb07,10,1,3,chb07_13.edf,105,54,33,7,1,44,2,0.9950617283950617,0.7777777777777778,0.9777777777777777,0.875,0.8235294117647058,0.9444444444444444
chb07,10,2,3,chb07_19.edf,81,84,79,6,1,69,8,0.9612244897959183,0.42857142857142855,0.9857142857142858,0.8571428571428571,0.5714285714285714,0.8928571428571429
chb08,10,0,5,chb08_02.edf,355,102,29,16,8,77,1,0.9896193771626297,0.9411764705882353,0.9058823529411765,0.6666666666666666,0.7804878048780488,0.9117647058823529
chb08,10,1,5,chb08_05.edf,345,114,64,13,12,83,6,0.9301939058171746,0.6842105263157895,0.8736842105263158,0.52,0.5909090909090909,0.8421052631578947
chb08,10,2,5,chb08_11.edf,374,78,47,12,1,64,1,0.9940828402366865,0.9230769230769231,0.9846153846153847,0.9230769230769231,0.9230769230769231,0.9743589743589743
chb08,10,3,5,chb08_13.edf,360,96,50,16,4,76,0,0.99296875,1.0,0.95,0.8,0.8888888888888888,0.9583333333333334
chb08,10,4,5,chb08_21.edf,312,156,30,23,9,121,3,0.9739644970414201,0.8846153846153846,0.9307692307692308,0.71875,0.7931034482758621,0.9230769230769231
chb09,10,0,3,chb09_06.edf,96,36,47,5,2,28,1,0.9444444444444445,0.8333333333333334,0.9333333333333333,0.7142857142857143,0.7692307692307693,0.9166666666666666
chb09,10,1,3,chb09_08.edf,57,84,37,5,0,70,9,0.9938775510204081,0.35714285714285715,1.0,1.0,0.5263157894736842,0.8928571428571429
chb09,10,2,3,chb09_19.edf,96,36,99,5,2,28,1,0.888888888888889,0.8333333333333334,0.9333333333333333,0.7142857142857143,0.7692307692307693,0.9166666666666666
chb10,10,0,5,chb10_27.edf,168,36,48,6,0,30,0,1.0,1.0,1.0,1.0,1.0,1.0
chb10,10,1,5,chb10_89.edf,172,30,97,4,0,25,1,1.0,0.8,1.0,1.0,0.8888888888888888,0.9666666666666667
chb10,10,2,5,chb10_38.edf,158,48,36,8,0,40,0,1.0,1.0,1.0,1.0,1.0,1.0
chb10,10,3,5,chb10_20.edf;chb10_31.edf,129,84,96,13,2,68,1,0.9979591836734694,0.9285714285714286,0.9714285714285714,0.8666666666666667,0.896551724137931,0.9642857142857143
chb10,10,4,5,chb10_12.edf;chb10_30.edf,158,48,58,8,0,40,0,1.0,1.0,1.0,1.0,1.0,1.0
chb11,10,0,3,chb11_82.edf,242,12,38,2,0,10,0,1.0,1.0,1.0,1.0,1.0,1.0
chb11,10,1,3,chb11_92.edf,237,18,96,3,0,15,0,1.0,1.0,1.0,1.0,1.0,1.0
chb11,10,2,3,chb11_99.edf,24,285,99,58,33,177,17,0.9227936507936508,0.7733333333333333,0.8428571428571429,0.6373626373626373,0.6987951807228916,0.8245614035087719
chb12,10,0,5,chb12_42.edf,364,78,32,13,11,54,0,0.9727810650887574,1.0,0.8307692307692308,0.5416666666666666,0.7027027027027027,0.8589743589743589
chb12,10,1,5,chb12_08.edf,393,42,76,6,1,34,1,0.9877551020408163,0.8571428571428571,0.9714285714285714,0.8571428571428571,0.8571428571428571,0.9523809523809523
chb12,10,2,5,chb12_10.edf;chb12_23.edf,292,168,66,23,28,112,5,0.9102040816326531,0.8214285714285714,0.8,0.45098039215686275,0.5822784810126582,0.8035714285714286
chb12,10,3,5,chb12_06.edf;chb12_33.edf;chb12_38.edf,283,180,68,22,0,150,8,0.9586666666666667,0.7333333333333333,1.0,1.0,0.8461538461538461,0.9555555555555556
chb12,10,4,5,chb12_09.edf;chb12_11.edf;chb12_36.edf,374,66,73,10,1,54,1,0.9388429752066115,0.9090909090909091,0.9818181818181818,0.9090909090909091,0.9090909090909091,0.9696969696969697
chb13,10,0,5,chb13_19.edf,172,24,29,4,0,20,0,1.0,1.0,1.0,1.0,1.0,1.0
chb13,10,1,5,chb13_55.edf,177,18,42,2,2,13,1,0.888888888888889,0.6666666666666666,0.8666666666666667,0.5,0.5714285714285714,0.8333333333333334
chb13,10,2,5,chb13_62.edf,110,102,45,11,2,83,6,0.7570934256055364,0.6470588235294118,0.9764705882352941,0.8461538461538461,0.7333333333333333,0.9215686274509803
chb13,10,3,5,chb13_58.edf;chb13_59.edf,158,42,90,7,2,33,0,0.9918367346938776,1.0,0.9428571428571428,0.7777777777777778,0.875,0.9523809523809523
chb13,10,4,5,chb13_21.edf;chb13_60.edf,148,54,22,6,0,45,3,1.0,0.6666666666666666,1.0,1.0,0.8,0.9444444444444444
chb14,10,0,5,chb14_06.edf,67,6,94,1,1,4,0,0.8,1.0,0.8,0.5,0.6666666666666666,0.8333333333333334
chb14,10,1,5,chb14_11.edf,52,24,99,2,0,20,2,1.0,0.5,1.0,1.0,0.6666666666666666,0.9166666666666666
chb14,10,2,5,chb14_17.edf;chb14_18.edf,52,24,95,4,0,20,0,1.0,1.0,1.0,1.0,1.0,1.0
chb14,10,3,5,chb14_27.edf,67,6,68,1,0,5,0,1.0,1.0,1.0,1.0,1.0,1.0
chb14,10,4,5,chb14_03.edf;chb14_04.edf,48,30,34,5,0,25,0,1.0,1.0,1.0,1.0,1.0,1.0
chb15,10,0,5,chb15_62.edf,873,60,66,10,1,49,0,1.0,1.0,0.98,0.9090909090909091,0.9523809523809523,0.9833333333333333
chb15,10,1,5,chb15_06.edf;chb15_22.edf;chb15_31.edf;chb15_49.edf,643,348,94,54,1,289,4,0.9975029726516053,0.9310344827586207,0.996551724137931,0.9818181818181818,0.9557522123893806,0.985632183908046
chb15,10,2,5,chb15_15.edf;chb15_52.edf;chb15_54.edf,628,366,54,57,2,303,4,0.9955388336468691,0.9344262295081968,0.9934426229508196,0.9661016949152542,0.95,0.9836065573770492
chb15,10,3,5,chb15_10.edf;chb15_17.edf;chb15_40.edf,782,174,58,27,0,145,2,1.0,0.9310344827586207,1.0,1.0,0.9642857142857143,0.9885057471264368
chb15,10,4,5,chb15_20.edf;chb15_28.edf;chb15_46.edf,758,204,65,29,2,168,5,0.9925605536332179,0.8529411764705882,0.9882352941176471,0.9354838709677419,0.8923076923076924,0.9656862745098039
chb17,10,0,3,chb17a_03.edf,91,54,73,8,0,45,1,1.0,0.8888888888888888,1.0,1.0,0.9411764705882353,0.9814814814814815
chb17,10,1,3,chb17a_04.edf,81,66,98,11,0,55,0,1.0,1.0,1.0,1.0,1.0,1.0
chb17,10,2,3,chb17b_63.edf,96,48,87,4,0,40,4,0.9781249999999999,0.5,1.0,1.0,0.6666666666666666,0.9166666666666666
chb18,10,0,5,chb18_30.edf,124,18,98,1,0,15,2,0.7333333333333334,0.3333333333333333,1.0,1.0,0.5,0.8888888888888888
chb18,10,1,5,chb18_36.edf,120,24,97,4,3,17,0,1.0,1.0,0.85,0.5714285714285714,0.7272727272727273,0.875
chb18,10,2,5,chb18_32.edf,115,30,97,5,1,24,0,1.0,1.0,0.96,0.8333333333333334,0.9090909090909091,0.9666666666666667
chb18,10,3,5,chb18_35.edf,110,36,97,3,0,30,3,1.0,0.5,1.0,1.0,0.6666666666666666,0.9166666666666666
chb18,10,4,5,chb18_29.edf;chb18_31.edf,86,66,55,11,1,54,0,1.0,1.0,0.9818181818181818,0.9166666666666666,0.9565217391304348,0.9848484848484849
chb19,10,0,3,chb19_28.edf,72,42,84,5,1,34,2,0.9714285714285714,0.7142857142857143,0.9714285714285714,0.8333333333333334,0.7692307692307693,0.9285714285714286
chb19,10,1,3,chb19_29.edf,72,42,38,7,1,34,0,1.0,1.0,0.9714285714285714,0.875,0.9333333333333333,0.9761904761904762
chb19,10,2,3,chb19_30.edf,67,48,78,6,2,38,2,0.9625,0.75,0.95,0.75,0.75,0.9166666666666666
chb20,10,0,5,chb20_15.edf,81,42,78,6,0,35,1,1.0,0.8571428571428571,1.0,1.0,0.9230769230769231,0.9761904761904762
chb20,10,1,5,chb20_14.edf,100,18,39,3,0,15,0,1.0,1.0,1.0,1.0,1.0,1.0
chb20,10,2,5,chb20_12.edf;chb20_16.edf,91,30,52,5,2,23,0,1.0,1.0,0.92,0.7142857142857143,0.8333333333333334,0.9333333333333333
chb20,10,3,5,chb20_13.edf,86,36,89,6,0,30,0,1.0,1.0,1.0,1.0,1.0,1.0
chb20,10,4,5,chb20_68.edf,100,18,97,1,0,15,2,0.9333333333333333,0.3333333333333333,1.0,1.0,0.5,0.8888888888888888
chb21,10,0,4,chb21_19.edf,67,30,97,5,0,25,0,1.0,1.0,1.0,1.0,1.0,1.0
chb21,10,1,4,chb21_20.edf,67,30,83,5,4,21,0,1.0,1.0,0.84,0.5555555555555556,0.7142857142857143,0.8666666666666667
chb21,10,2,4,chb21_21.edf,52,48,84,6,0,40,2,1.0,0.75,1.0,1.0,0.8571428571428571,0.9583333333333334
chb21,10,3,4,chb21_22.edf,86,6,97,1,0,5,0,1.0,1.0,1.0,1.0,1.0,1.0
chb22,10,0,3,chb22_20.edf,67,30,99,5,0,25,0,1.0,1.0,1.0,1.0,1.0,1.0
chb22,10,1,3,chb22_25.edf,57,42,73,6,0,35,1,1.0,0.8571428571428571,1.0,1.0,0.9230769230769231,0.9761904761904762
chb22,10,2,3,chb22_38.edf,57,42,99,5,0,35,2,1.0,0.7142857142857143,1.0,1.0,0.8333333333333334,0.9523809523809523
chb23,10,0,3,chb23_06.edf,139,66,53,11,1,54,0,1.0,1.0,0.9818181818181818,0.9166666666666666,0.9565217391304348,0.9848484848484849
chb23,10,1,3,chb23_08.edf,163,36,32,6,0,30,0,1.0,1.0,1.0,1.0,1.0,1.0
chb23,10,2,3,chb23_09.edf,81,138,81,22,3,112,1,0.985633270321361,0.9565217391304348,0.9739130434782609,0.88,0.9166666666666666,0.9710144927536232
chb24,10,0,5,chb24_01.edf;chb24_13.edf;chb24_14.edf,168,42,49,7,2,33,0,1.0,1.0,0.9428571428571428,0.7777777777777778,0.875,0.9523809523809523
chb24,10,1,5,chb24_03.edf;chb24_04.edf,153,60,87,10,2,48,0,0.996,1.0,0.96,0.8333333333333334,0.9090909090909091,0.9666666666666667
chb24,10,2,5,chb24_06.edf;chb24_09.edf,187,18,26,3,0,15,0,1.0,1.0,1.0,1.0,1.0,1.0
chb24,10,3,5,chb24_07.edf;chb24_15.edf,187,18,71,3,1,14,0,1.0,1.0,0.9333333333333333,0.75,0.8571428571428571,0.9444444444444444
chb24,10,4,5,chb24_11.edf;chb24_17.edf;chb24_21.edf,110,114,35,9,0,95,10,0.8825484764542936,0.47368421052631576,1.0,1.0,0.6428571428571429,0.9122807017543859
