patient,window_sec,tcn_layers,fold,test_recordings,n_train_win,n_val_win,n_test_seg,n_boundary_seg,best_epoch,TP,FP,TN,FN,bTP,bFP,bTN,bFN,shuf_TP,shuf_FP,shuf_TN,shuf_FN,shuf_bTP,shuf_bFP,shuf_bTN,shuf_bFN,auroc
chb01,3,0,0,chb01_15.edf;chb01_21.edf,1482,420,810,16,5,120,70,607,13,6,4,4,2,120,70,607,13,6,4,4,2,0.9714796592663342
chb01,3,1,0,chb01_15.edf;chb01_21.edf,1482,420,810,16,6,125,38,639,8,7,2,6,1,127,39,638,6,8,3,5,0,0.9870392376806121
chb01,3,2,0,chb01_15.edf;chb01_21.edf,1482,420,810,16,5,124,32,645,9,7,2,6,1,125,28,649,8,8,2,6,0,0.9861840717006697
chb01,3,3,0,chb01_15.edf;chb01_21.edf,1482,420,810,16,4,125,28,649,8,8,2,6,0,125,29,648,8,8,2,6,0,0.9875612221099277
chb01,3,0,1,chb01_03.edf;chb01_18.edf,1614,318,810,16,8,117,22,658,13,7,2,6,1,117,22,658,13,7,2,6,1,0.9863009049773757
chb01,3,1,1,chb01_03.edf;chb01_18.edf,1614,318,810,16,4,119,13,667,11,7,4,4,1,119,11,669,11,7,4,4,1,0.9938461538461538
chb01,3,2,1,chb01_03.edf;chb01_18.edf,1614,318,810,16,2,121,13,667,9,7,3,5,1,121,14,666,9,7,4,4,1,0.9944117647058823
chb01,3,3,1,chb01_03.edf;chb01_18.edf,1614,318,810,16,6,126,10,670,4,7,4,4,1,127,11,669,3,7,4,4,1,0.9970927601809955
chb01,3,0,2,chb01_16.edf,1986,396,324,8,21,43,6,267,8,3,1,3,1,43,6,267,8,3,1,3,1,0.9818286288874524
chb01,3,1,2,chb01_16.edf,1986,396,324,8,29,30,3,270,21,0,1,3,4,33,3,270,18,1,1,3,3,0.9787402140343316
chb01,3,2,2,chb01_16.edf,1986,396,324,8,28,39,1,272,12,2,0,4,2,35,3,270,16,1,1,3,3,0.991955756661639
chb01,3,3,2,chb01_16.edf,1986,396,324,8,24,36,4,269,15,1,0,4,3,36,3,270,15,0,0,4,4,0.9860662213603391
chb01,3,0,3,chb01_04.edf,2202,324,162,8,4,24,8,127,3,3,3,1,1,24,8,127,3,3,3,1,1,0.9739368998628257
chb01,3,1,3,chb01_04.edf,2202,324,162,8,13,24,9,126,3,2,4,0,2,24,9,126,3,2,4,0,2,0.9824417009602194
chb01,3,2,3,chb01_04.edf,2202,324,162,8,9,24,9,126,3,2,4,0,2,24,10,125,3,2,4,0,2,0.9843621399176955
chb01,3,3,3,chb01_04.edf,2202,324,162,8,19,27,9,126,0,4,4,0,0,27,9,126,0,4,4,0,0,0.9821673525377229
chb01,3,0,4,chb01_26.edf,1614,468,630,8,35,92,22,507,9,2,2,2,2,92,22,507,9,2,2,2,2,0.9810028261805387
chb01,3,1,4,chb01_26.edf,1614,468,630,8,14,97,7,522,4,3,2,2,1,97,9,520,4,3,2,2,1,0.993711280390799
chb01,3,2,4,chb01_26.edf,1614,468,630,8,33,99,10,519,2,3,2,2,1,100,7,522,1,3,2,2,1,0.9966871923487244
chb01,3,3,4,chb01_26.edf,1614,468,630,8,29,97,7,522,4,2,2,2,2,96,9,520,5,2,2,2,2,0.9955080574219993
chb01,5,0,0,chb01_15.edf;chb01_21.edf,1518,420,840,16,4,117,38,669,16,6,3,5,2,117,38,669,16,6,3,5,2,0.9737214322936053
chb01,5,1,0,chb01_15.edf;chb01_21.edf,1518,420,840,16,5,125,16,691,8,6,1,7,2,122,15,692,11,5,3,5,3,0.996798928013102
chb01,5,2,0,chb01_15.edf;chb01_21.edf,1518,420,840,16,13,132,27,680,1,8,4,4,0,128,28,679,5,6,4,4,2,0.9979793897757122
chb01,5,3,0,chb01_15.edf;chb01_21.edf,1518,420,840,16,9,130,17,690,3,7,2,6,1,125,16,691,8,6,3,5,2,0.997596537312163
chb01,5,0,1,chb01_03.edf;chb01_18.edf,1662,330,810,16,2,116,30,650,14,7,2,6,1,116,30,650,14,7,2,6,1,0.9780429864253394
chb01,5,1,1,chb01_03.edf;chb01_18.edf,1662,330,810,16,6,126,18,662,4,8,5,3,0,128,15,665,2,8,4,4,0,0.9970814479638009
chb01,5,2,1,chb01_03.edf;chb01_18.edf,1662,330,810,16,2,127,11,669,3,8,4,4,0,129,11,669,1,8,4,4,0,0.9972285067873303
chb01,5,3,1,chb01_03.edf;chb01_18.edf,1662,330,810,16,7,130,13,667,0,8,4,4,0,130,13,667,0,8,4,4,0,0.9978733031674207
chb01,5,0,2,chb01_16.edf,2034,384,330,8,30,41,7,272,10,3,2,2,1,41,7,272,10,3,2,2,1,0.9813057839623305
chb01,5,1,2,chb01_16.edf,2034,384,330,8,29,35,1,278,16,2,0,4,2,40,3,276,11,3,1,3,1,0.9818680160236137
chb01,5,2,2,chb01_16.edf,2034,384,330,8,32,33,0,279,18,2,0,4,2,36,1,278,15,3,0,4,1,0.9743481622039497
chb01,5,3,2,chb01_16.edf,2034,384,330,8,35,34,2,277,17,2,0,4,2,35,2,277,16,3,0,4,1,0.9837655492304448
chb01,5,0,3,chb01_04.edf,2238,324,180,8,6,25,9,144,2,3,4,0,1,25,9,144,2,3,4,0,1,0.9789397240377632
chb01,5,1,3,chb01_04.edf,2238,324,180,8,7,25,7,146,2,2,3,1,2,26,8,145,1,3,4,0,1,0.981360445412733
chb01,5,2,3,chb01_04.edf,2238,324,180,8,5,25,7,146,2,2,3,1,2,26,8,145,1,3,4,0,1,0.9832970225127088
chb01,5,3,3,chb01_04.edf,2238,324,180,8,2,27,8,145,0,4,4,0,0,27,8,145,0,4,4,0,0,0.9801500847252481
chb01,5,0,4,chb01_26.edf,1662,456,630,8,26,90,11,518,11,1,2,2,3,90,11,518,11,1,2,2,3,0.9898931291994985
chb01,5,1,4,chb01_26.edf,1662,456,630,8,7,94,8,521,7,2,2,2,2,93,5,524,8,2,2,2,2,0.9948716988901158
chb01,5,2,4,chb01_26.edf,1662,456,630,8,14,98,3,526,3,2,2,2,2,97,3,526,4,2,2,2,2,0.9973048344531995
chb01,5,3,4,chb01_26.edf,1662,456,630,8,25,98,3,526,3,2,2,2,2,98,2,527,3,2,2,2,2,0.9976791630013664
chb01,8,0,0,chb01_15.edf;chb01_21.edf,1572,420,912,16,5,122,46,733,11,6,4,4,2,122,46,733,11,6,4,4,2,0.9779068981825553
chb01,8,1,0,chb01_15.edf;chb01_21.edf,1572,420,912,16,4,124,25,754,9,7,5,3,1,127,20,759,6,5,4,4,3,0.9955697974075111
chb01,8,2,0,chb01_15.edf;chb01_21.edf,1572,420,912,16,7,124,7,772,9,5,2,6,3,123,10,769,10,5,4,4,3,0.9978572876350054
chb01,8,3,0,chb01_15.edf;chb01_21.edf,1572,420,912,16,10,129,13,766,4,7,4,4,1,130,11,768,3,7,4,4,1,0.9981661470750046
chb01,8,0,1,chb01_03.edf;chb01_18.edf,1728,348,864,16,3,119,39,695,11,7,2,6,1,119,39,695,11,7,2,6,1,0.9819953888073779
chb01,8,1,1,chb01_03.edf;chb01_18.edf,1728,348,864,16,4,121,9,725,9,7,4,4,1,123,12,722,7,6,2,6,2,0.9975896038566338
chb01,8,2,1,chb01_03.edf;chb01_18.edf,1728,348,864,16,7,129,5,729,1,8,3,5,0,126,10,724,4,7,4,4,1,0.9984384824984279
chb01,8,3,1,chb01_03.edf;chb01_18.edf,1728,348,864,16,2,127,6,728,3,7,3,5,1,125,9,725,5,6,4,4,2,0.9981136030182353
chb01,8,0,2,chb01_16.edf,2106,366,384,8,11,44,12,321,7,4,1,3,0,44,12,321,7,4,1,3,0,0.9695577930872048
chb01,8,1,2,chb01_16.edf,2106,366,384,8,27,36,1,332,15,2,0,4,2,40,5,328,11,2,0,4,2,0.982394158864747
chb01,8,2,2,chb01_16.edf,2106,366,384,8,21,34,0,333,17,1,0,4,3,34,5,328,17,1,0,4,3,0.978095742801625
chb01,8,3,2,chb01_16.edf,2106,366,384,8,13,30,0,333,21,1,0,4,3,31,0,333,20,1,0,4,3,0.9688512041453218
chb01,8,0,3,chb01_04.edf,2292,324,192,8,11,27,5,160,0,4,4,0,0,27,5,160,0,4,4,0,0,0.9961840628507296
chb01,8,1,3,chb01_04.edf,2292,324,192,8,7,25,4,161,2,2,4,0,2,27,5,160,0,4,4,0,0,0.9937149270482604
chb01,8,2,3,chb01_04.edf,2292,324,192,8,4,27,5,160,0,4,4,0,0,27,5,160,0,4,4,0,0,0.9968574635241302
chb01,8,3,3,chb01_04.edf,2292,324,192,8,6,27,5,160,0,4,4,0,0,27,5,160,0,4,4,0,0,0.9946127946127946
chb01,8,0,4,chb01_26.edf,1734,438,672,8,19,93,24,547,8,2,2,2,2,93,24,547,8,2,2,2,2,0.9878621837665378
chb01,8,1,4,chb01_26.edf,1734,438,672,8,13,98,8,563,3,2,1,3,2,97,6,565,4,0,2,2,4,0.9980406096651696
chb01,8,2,4,chb01_26.edf,1734,438,672,8,23,98,1,570,3,1,0,4,3,96,2,569,5,0,2,2,4,0.9987688786391774
chb01,8,3,4,chb01_26.edf,1734,438,672,8,18,99,1,570,2,2,0,4,2,99,1,570,2,2,1,3,2,0.9981273083525516
chb01,10,0,0,chb01_15.edf;chb01_21.edf,1608,420,900,16,4,122,65,702,11,6,4,4,2,122,65,702,11,6,4,4,2,0.9787277842585603
chb01,10,1,0,chb01_15.edf;chb01_21.edf,1608,420,900,16,5,126,14,753,7,7,2,6,1,124,17,750,9,5,3,5,3,0.9975590867651528
chb01,10,2,0,chb01_15.edf;chb01_21.edf,1608,420,900,16,16,130,11,756,3,8,3,5,0,126,13,754,7,5,4,4,3,0.9985099646116595
chb01,10,3,0,chb01_15.edf;chb01_21.edf,1608,420,900,16,9,130,5,762,3,7,2,6,1,128,6,761,5,5,4,4,3,0.9990981364754782
chb01,10,0,1,chb01_03.edf;chb01_18.edf,1764,360,840,16,5,113,14,696,17,7,2,6,1,113,14,696,17,7,2,6,1,0.98273022751896
chb01,10,1,1,chb01_03.edf;chb01_18.edf,1764,360,840,16,4,124,11,699,6,7,3,5,1,122,13,697,8,5,2,6,3,0.9973672806067173
chb01,10,2,1,chb01_03.edf;chb01_18.edf,1764,360,840,16,7,130,9,701,0,8,3,5,0,127,14,696,3,6,4,4,2,0.9984507042253521
chb01,10,3,1,chb01_03.edf;chb01_18.edf,1764,360,840,16,4,126,6,704,4,7,2,6,1,124,6,704,6,5,3,5,3,0.9987432286023835
chb01,10,0,2,chb01_16.edf,2154,354,360,8,14,43,15,294,8,3,1,3,1,43,15,294,8,3,1,3,1,0.9725236372866298
chb01,10,1,2,chb01_16.edf,2154,354,360,8,21,36,6,303,15,2,0,4,2,36,3,306,15,2,0,4,2,0.9666857034075765
chb01,10,2,2,chb01_16.edf,2154,354,360,8,36,34,3,306,17,1,0,4,3,32,1,308,19,2,0,4,2,0.9510755758614124
chb01,10,3,2,chb01_16.edf,2154,354,360,8,46,36,2,307,15,1,0,4,3,37,0,309,14,2,0,4,2,0.9837553144235041
chb01,10,0,3,chb01_04.edf,2328,324,240,8,3,24,17,196,3,2,4,0,2,24,17,196,3,2,4,0,2,0.974265345157364
chb01,10,1,3,chb01_04.edf,2328,324,240,8,3,25,8,205,2,2,4,0,2,26,7,206,1,3,2,2,1,0.9866110241697097
chb01,10,2,3,chb01_04.edf,2328,324,240,8,4,26,7,206,1,3,3,1,1,25,6,207,2,3,2,2,1,0.9902625630325161
chb01,10,3,3,chb01_04.edf,2328,324,240,8,7,27,6,207,0,4,2,2,0,27,6,207,0,4,2,2,0,0.9933924534863502
chb01,10,0,4,chb01_26.edf,1782,426,660,8,15,84,18,541,17,1,2,2,3,84,18,541,17,1,2,2,3,0.9841477886607981
chb01,10,1,4,chb01_26.edf,1782,426,660,8,9,96,7,552,5,3,0,4,1,95,11,548,6,2,2,2,2,0.9970598133158576
chb01,10,2,4,chb01_26.edf,1782,426,660,8,16,94,3,556,7,0,0,4,4,92,6,553,9,1,0,4,3,0.9978745638427886
chb01,10,3,4,chb01_26.edf,1782,426,660,8,25,97,0,559,4,2,0,4,2,95,2,557,6,2,1,3,2,0.9976088843231371
chb18,3,0,0,chb18_30.edf;chb18_31.edf,900,438,630,16,8,57,18,514,41,1,2,6,7,57,18,514,41,1,2,6,7,0.8841875095903023
chb18,3,1,0,chb18_30.edf;chb18_31.edf,900,438,630,16,7,59,8,524,39,2,1,7,6,59,10,522,39,2,1,7,6,0.9172356912689889
chb18,3,2,0,chb18_30.edf;chb18_31.edf,900,438,630,16,3,66,29,503,32,2,1,7,6,66,30,502,32,2,2,6,6,0.9131310418904404
chb18,3,3,0,chb18_30.edf;chb18_31.edf,900,438,630,16,11,61,9,523,37,2,1,7,6,61,9,523,37,2,1,7,6,0.9191153905171091
chb18,3,0,1,chb18_29.edf,1320,342,306,8,12,42,1,255,8,2,0,4,2,42,1,255,8,2,0,4,2,0.98703125
chb18,3,1,1,chb18_29.edf,1320,342,306,8,9,45,0,256,5,2,0,4,2,47,0,256,3,2,0,4,2,0.982109375
chb18,3,2,1,chb18_29.edf,1320,342,306,8,7,47,0,256,3,2,0,4,2,48,0,256,2,2,0,4,2,0.99515625
chb18,3,3,1,chb18_29.edf,1320,342,306,8,5,47,0,256,3,2,0,4,2,48,0,256,2,2,0,4,2,0.9939843749999999
chb18,3,0,2,chb18_35.edf,1092,444,414,8,2,37,3,343,31,1,0,4,3,37,3,343,31,1,0,4,3,0.9512070724243455
chb18,3,1,2,chb18_35.edf,1092,444,414,8,2,22,1,345,46,1,0,4,3,23,1,345,45,1,0,4,3,0.9604301258075485
chb18,3,2,2,chb18_35.edf,1092,444,414,8,2,38,0,346,30,1,0,4,3,38,0,346,30,1,0,4,3,0.9835940156409384
chb18,3,3,2,chb18_35.edf,1092,444,414,8,1,35,3,343,33,1,0,4,3,36,4,342,32,1,0,4,3,0.9516746004760286
chb18,3,0,3,chb18_32.edf,1326,282,342,8,7,54,22,265,1,3,1,3,1,54,22,265,1,3,1,3,1,0.9930947101678809
chb18,3,1,3,chb18_32.edf,1326,282,342,8,12,55,4,283,0,4,0,4,0,55,6,281,0,4,1,3,0,0.9991764333227748
chb18,3,2,3,chb18_32.edf,1326,282,342,8,10,55,9,278,0,4,0,4,0,55,11,276,0,4,1,3,0,0.9985429204941401
chb18,3,3,3,chb18_32.edf,1326,282,342,8,14,55,10,277,0,4,1,3,0,55,10,277,0,4,1,3,0,0.9987963256255938
chb18,3,0,4,chb18_36.edf,1326,336,288,8,7,45,88,154,1,4,4,0,0,45,88,154,1,4,4,0,0,0.9721523535752784
chb18,3,1,4,chb18_36.edf,1326,336,288,8,9,45,58,184,1,4,4,0,0,46,56,186,0,4,4,0,0,0.9766439094502336
chb18,3,2,4,chb18_36.edf,1326,336,288,8,6,46,62,180,0,4,4,0,0,46,63,179,0,4,4,0,0,0.9738591448077614
chb18,3,3,4,chb18_36.edf,1326,336,288,8,5,46,49,193,0,4,4,0,0,46,48,194,0,4,4,0,0,0.9793388429752066
chb18,5,0,0,chb18_30.edf;chb18_31.edf,924,438,630,16,9,64,13,519,34,2,2,6,6,64,13,519,34,2,2,6,6,0.8998005217124444
chb18,5,1,0,chb18_30.edf;chb18_31.edf,924,438,630,16,4,67,17,515,31,2,2,6,6,70,20,512,28,3,1,7,5,0.9244092373791621
chb18,5,2,0,chb18_30.edf;chb18_31.edf,924,438,630,16,4,66,18,514,32,4,4,4,4,66,17,515,32,3,3,5,5,0.9310457265613011
chb18,5,3,0,chb18_30.edf;chb18_31.edf,924,438,630,16,10,64,13,519,34,3,2,6,5,66,11,521,32,3,1,7,5,0.9295304588000614
chb18,5,0,1,chb18_29.edf,1368,354,330,8,14,42,3,277,8,2,0,4,2,42,3,277,8,2,0,4,2,0.9805
chb18,5,1,1,chb18_29.edf,1368,354,330,8,13,48,3,277,2,2,0,4,2,45,5,275,5,1,1,3,3,0.9882857142857142
chb18,5,2,1,chb18_29.edf,1368,354,330,8,8,48,2,278,2,2,0,4,2,48,4,276,2,2,1,3,2,0.9925714285714285
chb18,5,3,1,chb18_29.edf,1368,354,330,8,19,47,2,278,3,1,0,4,3,47,3,277,3,1,0,4,3,0.9912142857142858
chb18,5,0,2,chb18_35.edf,1128,444,420,8,4,50,3,349,18,1,0,4,3,50,3,349,18,1,0,4,3,0.9755180481283423
chb18,5,1,2,chb18_35.edf,1128,444,420,8,2,27,0,352,41,1,0,4,3,27,0,352,41,1,0,4,3,0.9703375668449198
chb18,5,2,2,chb18_35.edf,1128,444,420,8,2,62,2,350,6,2,1,3,2,62,3,349,6,2,1,3,2,0.9955715240641712
chb18,5,3,2,chb18_35.edf,1128,444,420,8,2,40,0,352,28,1,0,4,3,39,0,352,29,1,0,4,3,0.9866727941176471
chb18,5,0,3,chb18_32.edf,1362,282,360,8,6,51,8,297,4,2,1,3,2,51,8,297,4,2,1,3,2,0.9917734724292101
chb18,5,1,3,chb18_32.edf,1362,282,360,8,20,50,5,300,5,0,0,4,4,50,5,300,5,0,0,4,4,0.9936810730253354
chb18,5,2,3,chb18_32.edf,1362,282,360,8,12,50,5,300,5,0,0,4,4,50,6,299,5,0,0,4,4,0.9935022354694486
chb18,5,3,3,chb18_32.edf,1362,282,360,8,9,50,5,300,5,0,0,4,4,50,5,300,5,0,0,4,4,0.9930849478390461
chb18,5,0,4,chb18_36.edf,1362,336,300,8,10,45,76,178,1,4,4,0,0,45,76,178,1,4,4,0,0,0.9575487846627867
chb18,5,1,4,chb18_36.edf,1362,336,300,8,17,46,62,192,0,4,4,0,0,46,68,186,0,4,4,0,0,0.983224922971585
chb18,5,2,4,chb18_36.edf,1362,336,300,8,13,46,50,204,0,4,4,0,0,46,48,206,0,4,4,0,0,0.9804861348853132
chb18,5,3,4,chb18_36.edf,1362,336,300,8,17,46,40,214,0,4,4,0,0,46,38,216,0,4,4,0,0,0.9805717220130092
chb18,8,0,0,chb18_30.edf;chb18_31.edf,960,438,720,16,7,59,20,602,39,2,2,6,6,59,20,602,39,2,2,6,6,0.8909869414003543
chb18,8,1,0,chb18_30.edf;chb18_31.edf,960,438,720,16,4,66,18,604,32,2,2,6,6,62,19,603,36,1,2,6,7,0.9184821838703328
chb18,8,2,0,chb18_30.edf;chb18_31.edf,960,438,720,16,2,61,12,610,37,1,0,8,7,62,9,613,36,1,0,8,7,0.9181212677997244
chb18,8,3,0,chb18_30.edf;chb18_31.edf,960,438,720,16,9,59,2,620,39,2,0,8,6,59,0,622,39,1,0,8,7,0.9230428505807468
chb18,8,0,1,chb18_29.edf,1428,372,336,8,23,42,4,282,8,2,0,4,2,42,4,282,8,2,0,4,2,0.9846853146853146
chb18,8,1,1,chb18_29.edf,1428,372,336,8,7,44,0,286,6,2,0,4,2,42,1,285,8,1,0,4,3,0.9889510489510489
chb18,8,2,1,chb18_29.edf,1428,372,336,8,15,47,0,286,3,2,0,4,2,45,2,284,5,1,0,4,3,0.9991608391608392
chb18,8,3,1,chb18_29.edf,1428,372,336,8,5,49,2,284,1,3,0,4,1,50,5,281,0,4,0,4,0,0.9996503496503497
chb18,8,0,2,chb18_35.edf,1182,444,432,8,4,49,2,362,19,1,0,4,3,49,2,362,19,1,0,4,3,0.9774563671622495
chb18,8,1,2,chb18_35.edf,1182,444,432,8,2,51,0,364,17,1,0,4,3,53,0,364,15,1,0,4,3,0.9805672268907563
chb18,8,2,2,chb18_35.edf,1182,444,432,8,1,33,0,364,35,1,0,4,3,30,0,364,38,1,0,4,3,0.9859809308338721
chb18,8,3,2,chb18_35.edf,1182,444,432,8,1,29,0,364,39,1,0,4,3,30,1,363,38,1,0,4,3,0.9686085972850679
chb18,8,0,3,chb18_32.edf,1416,282,384,8,7,49,5,324,6,0,1,3,4,49,5,324,6,0,1,3,4,0.9925393755180989
chb18,8,1,3,chb18_32.edf,1416,282,384,8,12,52,8,321,3,2,1,3,2,52,12,317,3,1,2,2,3,0.9951367781155015
chb18,8,2,3,chb18_32.edf,1416,282,384,8,42,51,8,321,4,1,1,3,3,52,8,321,3,1,1,3,3,0.9961315280464217
chb18,8,3,3,chb18_32.edf,1416,282,384,8,12,52,12,317,3,2,1,3,2,52,13,316,3,1,1,3,3,0.9967946946670351
chb18,8,0,4,chb18_36.edf,1416,336,336,8,6,45,96,194,1,4,4,0,0,45,96,194,1,4,4,0,0,0.973688155922039
chb18,8,1,4,chb18_36.edf,1416,336,336,8,8,46,45,245,0,4,4,0,0,46,53,237,0,4,4,0,0,0.9886056971514243
chb18,8,2,4,chb18_36.edf,1416,336,336,8,6,46,45,245,0,4,4,0,0,46,36,254,0,4,3,1,0,0.9925037481259371
chb18,8,3,4,chb18_36.edf,1416,336,336,8,15,46,17,273,0,4,2,2,0,45,15,275,1,3,2,2,1,0.9916791604197901
chb18,10,0,0,chb18_30.edf;chb18_31.edf,984,438,720,16,4,56,12,610,42,2,2,6,6,56,12,610,42,2,2,6,6,0.9041275674256841
chb18,10,1,0,chb18_30.edf;chb18_31.edf,984,438,720,16,6,67,11,611,31,2,2,6,6,67,7,615,31,3,2,6,5,0.9377583830960037
chb18,10,2,0,chb18_30.edf;chb18_31.edf,984,438,720,16,5,67,6,616,31,3,2,6,5,66,6,616,32,2,2,6,6,0.9346249753920861
chb18,10,3,0,chb18_30.edf;chb18_31.edf,984,438,720,16,7,55,0,622,43,3,0,8,5,55,0,622,43,1,0,8,7,0.928292538880504
chb18,10,0,1,chb18_29.edf,1464,384,360,8,10,41,3,307,9,1,0,4,3,41,3,307,9,1,0,4,3,0.9841935483870967
chb18,10,1,1,chb18_29.edf,1464,384,360,8,7,47,1,309,3,2,0,4,2,46,1,309,4,1,1,3,3,0.9918709677419355
chb18,10,2,1,chb18_29.edf,1464,384,360,8,14,48,0,310,2,2,0,4,2,45,1,309,5,1,0,4,3,0.9972258064516129
chb18,10,3,1,chb18_29.edf,1464,384,360,8,8,45,0,310,5,0,0,4,4,46,1,309,4,1,0,4,3,0.9998064516129032
chb18,10,0,2,chb18_35.edf,1218,444,480,8,3,50,3,409,18,1,0,4,3,50,3,409,18,1,0,4,3,0.9703383780696745
chb18,10,1,2,chb18_35.edf,1218,444,480,8,2,49,2,410,19,1,0,4,3,49,3,409,19,1,0,4,3,0.9800828098229583
chb18,10,2,2,chb18_35.edf,1218,444,480,8,1,19,0,412,49,1,0,4,3,17,0,412,51,1,0,4,3,0.9879354654483152
chb18,10,3,2,chb18_35.edf,1218,444,480,8,1,16,0,412,52,0,0,4,4,17,0,412,51,1,0,4,3,0.9872929754426043
chb18,10,0,3,chb18_32.edf,1452,282,420,8,6,52,10,355,3,2,1,3,2,52,10,355,3,2,1,3,2,0.9907845579078456
chb18,10,1,3,chb18_32.edf,1452,282,420,8,9,50,8,357,5,0,0,4,4,51,6,359,4,1,0,4,3,0.9911830635118307
chb18,10,2,3,chb18_32.edf,1452,282,420,8,21,52,6,359,3,1,1,3,3,53,5,360,2,2,1,3,2,0.9981070983810709
chb18,10,3,3,chb18_32.edf,1452,282,420,8,14,52,11,354,3,1,1,3,3,53,7,358,2,2,1,3,2,0.9955666251556663
chb18,10,0,4,chb18_36.edf,1452,336,300,8,6,45,71,183,1,4,4,0,0,45,71,183,1,4,4,0,0,0.9732968161588498
chb18,10,1,4,chb18_36.edf,1452,336,300,8,9,46,45,209,0,4,4,0,0,46,43,211,0,4,4,0,0,0.9914412872304005
chb18,10,2,4,chb18_36.edf,1452,336,300,8,7,46,26,228,0,4,4,0,0,46,30,224,0,4,4,0,0,0.9953782951044162
chb18,10,3,4,chb18_36.edf,1452,336,300,8,17,46,17,237,0,4,4,0,0,46,19,235,0,4,4,0,0,0.9983738445737761
chb06,3,0,0,chb06_09.edf;chb06_10.edf,738,96,180,16,16,18,7,145,10,5,1,7,3,18,7,145,10,5,1,7,3,0.9400845864661654
chb06,3,1,0,chb06_09.edf;chb06_10.edf,738,96,180,16,31,22,5,147,6,5,0,8,3,22,4,148,6,6,0,8,2,0.9555921052631579
chb06,3,2,0,chb06_09.edf;chb06_10.edf,738,96,180,16,11,17,6,146,11,5,1,7,3,19,6,146,9,5,1,7,3,0.9262218045112782
chb06,3,3,0,chb06_09.edf;chb06_10.edf,738,96,180,16,35,21,6,146,7,5,1,7,3,22,6,146,6,5,1,7,3,0.9767387218045113
chb06,3,0,1,chb06_18.edf;chb06_24.edf,582,264,198,16,0,0,0,170,28,0,0,8,8,0,0,170,28,0,0,8,8,0.7054621848739495
chb06,3,1,1,chb06_18.edf;chb06_24.edf,582,264,198,16,1,0,0,170,28,0,0,8,8,0,0,170,28,0,0,8,8,0.7163865546218487
chb06,3,2,1,chb06_18.edf;chb06_24.edf,582,264,198,16,0,0,0,170,28,0,0,8,8,0,0,170,28,0,0,8,8,0.6214285714285714
chb06,3,3,1,chb06_18.edf;chb06_24.edf,582,264,198,16,1,0,0,170,28,0,0,8,8,0,0,170,28,0,0,8,8,0.6720588235294117
chb06,3,0,2,chb06_01.edf,612,114,306,24,23,37,5,257,7,7,2,10,5,37,5,257,7,7,2,10,5,0.9581020124913254
chb06,3,1,2,chb06_01.edf,612,114,306,24,6,30,6,256,14,5,2,10,7,28,4,258,16,5,2,10,7,0.9603573907009022
chb06,3,2,2,chb06_01.edf,612,114,306,24,8,34,17,245,10,6,5,7,6,34,18,244,10,6,4,8,6,0.9339868147120056
chb06,3,3,2,chb06_01.edf,612,114,306,24,15,40,9,253,4,9,4,8,3,40,8,254,4,9,4,8,3,0.975711311589174
chb06,3,0,3,chb06_04.edf,660,102,252,16,71,27,54,158,13,3,0,8,5,27,54,158,13,3,0,8,5,0.7720518867924528
chb06,3,1,3,chb06_04.edf,660,102,252,16,30,27,74,138,13,3,0,8,5,25,77,135,15,2,0,8,6,0.7629716981132075
chb06,3,2,3,chb06_04.edf,660,102,252,16,24,28,36,176,12,3,0,8,5,29,35,177,11,4,0,8,4,0.8594339622641509
chb06,3,3,3,chb06_04.edf,660,102,252,16,19,30,87,125,10,4,0,8,4,30,88,124,10,4,0,8,4,0.7504716981132076
chb06,3,0,4,chb06_13.edf,756,192,90,8,16,12,9,68,1,3,1,3,1,12,9,68,1,3,1,3,1,0.9400599400599401
chb06,3,1,4,chb06_13.edf,756,192,90,8,11,12,4,73,1,3,1,3,1,12,3,74,1,3,0,4,1,0.948051948051948
chb06,3,2,4,chb06_13.edf,756,192,90,8,16,12,4,73,1,3,1,3,1,12,5,72,1,3,1,3,1,0.9550449550449551
chb06,3,3,4,chb06_13.edf,756,192,90,8,10,12,6,71,1,3,1,3,1,12,6,71,1,3,1,3,1,0.957042957042957
chb06,5,0,0,chb06_09.edf;chb06_10.edf,810,108,210,16,16,21,9,173,7,5,1,7,3,21,9,173,7,5,1,7,3,0.9372056514913658
chb06,5,1,0,chb06_09.edf;chb06_10.edf,810,108,210,16,22,24,4,178,4,6,0,8,2,23,3,179,5,5,0,8,3,0.9629120879120878
chb06,5,2,0,chb06_09.edf;chb06_10.edf,810,108,210,16,16,23,6,176,5,6,1,7,2,21,3,179,7,5,2,6,3,0.939756671899529
chb06,5,3,0,chb06_09.edf;chb06_10.edf,810,108,210,16,12,22,2,180,6,5,0,8,3,22,1,181,6,5,0,8,3,0.9689952904238618
chb06,5,0,1,chb06_18.edf;chb06_24.edf,654,288,240,16,2,0,0,212,28,0,0,8,8,0,0,212,28,0,0,8,8,0.7377021563342319
chb06,5,1,1,chb06_18.edf;chb06_24.edf,654,288,240,16,2,0,0,212,28,0,0,8,8,0,0,212,28,0,0,8,8,0.7931266846361187
chb06,5,2,1,chb06_18.edf;chb06_24.edf,654,288,240,16,1,0,0,212,28,0,0,8,8,0,0,212,28,0,0,8,8,0.7358490566037736
chb06,5,3,1,chb06_18.edf;chb06_24.edf,654,288,240,16,3,0,0,212,28,0,0,8,8,0,0,212,28,0,0,8,8,0.8130053908355794
chb06,5,0,2,chb06_01.edf,672,126,330,24,12,37,14,272,7,7,3,9,5,37,14,272,7,7,3,9,5,0.9576446280991736
chb06,5,1,2,chb06_01.edf,672,126,330,24,23,43,24,262,1,11,6,6,1,42,21,265,2,10,6,6,2,0.9896694214876033
chb06,5,2,2,chb06_01.edf,672,126,330,24,7,38,9,277,6,8,4,8,4,34,10,276,10,6,4,8,6,0.9746503496503496
chb06,5,3,2,chb06_01.edf,672,126,330,24,9,38,4,282,6,9,2,10,3,36,5,281,8,9,2,10,3,0.9868881118881119
chb06,5,0,3,chb06_04.edf,732,102,300,16,28,27,60,200,13,3,0,8,5,27,60,200,13,3,0,8,5,0.7914423076923076
chb06,5,1,3,chb06_04.edf,732,102,300,16,31,28,107,153,12,3,0,8,5,25,107,153,15,1,0,8,7,0.7038461538461538
chb06,5,2,3,chb06_04.edf,732,102,300,16,22,29,46,214,11,3,0,8,5,24,40,220,16,1,0,8,7,0.8527884615384616
chb06,5,3,3,chb06_04.edf,732,102,300,16,14,29,108,152,11,3,1,7,5,24,107,153,16,2,0,8,6,0.7437499999999999
chb06,5,0,4,chb06_13.edf,840,216,90,8,13,12,5,72,1,3,1,3,1,12,5,72,1,3,1,3,1,0.9660339660339661
chb06,5,1,4,chb06_13.edf,840,216,90,8,13,11,1,76,2,2,0,4,2,11,0,77,2,2,0,4,2,0.9890109890109889
chb06,5,2,4,chb06_13.edf,840,216,90,8,10,12,0,77,1,3,0,4,1,12,0,77,1,3,0,4,1,0.996003996003996
chb06,5,3,4,chb06_13.edf,840,216,90,8,10,12,1,76,1,3,0,4,1,12,0,77,1,3,0,4,1,0.993006993006993
chb06,8,0,0,chb06_09.edf;chb06_10.edf,918,126,240,16,9,23,13,199,5,6,1,7,2,23,13,199,5,6,1,7,2,0.9359838274932615
chb06,8,1,0,chb06_09.edf;chb06_10.edf,918,126,240,16,28,24,2,210,4,6,1,7,2,18,3,209,10,3,2,6,5,0.9691711590296497
chb06,8,2,0,chb06_09.edf;chb06_10.edf,918,126,240,16,20,21,2,210,7,6,1,7,2,15,6,206,13,3,2,6,5,0.9590633423180593
chb06,8,3,0,chb06_09.edf;chb06_10.edf,918,126,240,16,21,25,4,208,3,6,2,6,2,18,3,209,10,3,1,7,5,0.9863544474393532
chb06,8,0,1,chb06_18.edf;chb06_24.edf,762,324,288,16,0,0,0,260,28,0,0,8,8,0,0,260,28,0,0,8,8,0.704532967032967
chb06,8,1,1,chb06_18.edf;chb06_24.edf,762,324,288,16,0,0,0,260,28,0,0,8,8,0,0,260,28,0,0,8,8,0.7192994505494505
chb06,8,2,1,chb06_18.edf;chb06_24.edf,762,324,288,16,1,0,0,260,28,0,0,8,8,0,0,260,28,0,0,8,8,0.7637362637362637
chb06,8,3,1,chb06_18.edf;chb06_24.edf,762,324,288,16,2,0,0,260,28,0,0,8,8,0,0,260,28,0,0,8,8,0.7745879120879121
chb06,8,0,2,chb06_01.edf,762,144,432,24,20,38,11,377,6,8,2,10,4,38,11,377,6,8,2,10,4,0.963448922211809
chb06,8,1,2,chb06_01.edf,762,144,432,24,7,30,4,384,14,6,2,10,6,27,5,383,17,4,2,10,8,0.9817244611059044
chb06,8,2,2,chb06_01.edf,762,144,432,24,10,35,2,386,9,6,2,10,6,26,3,385,18,4,2,10,8,0.9930880974695407
chb06,8,3,2,chb06_01.edf,762,144,432,24,8,40,9,379,4,8,5,7,4,39,12,376,5,8,4,8,4,0.9848875351452671
chb06,8,0,3,chb06_04.edf,840,102,336,16,32,24,83,213,16,2,0,8,6,24,83,213,16,2,0,8,6,0.7540540540540541
chb06,8,1,3,chb06_04.edf,840,102,336,16,19,28,117,179,12,2,0,8,6,28,117,179,12,3,0,8,5,0.7177364864864865
chb06,8,2,3,chb06_04.edf,840,102,336,16,8,27,100,196,13,1,0,8,7,27,106,190,13,3,1,7,5,0.793581081081081
chb06,8,3,3,chb06_04.edf,840,102,336,16,24,23,106,190,17,2,0,8,6,19,108,188,21,1,0,8,7,0.7266891891891891
chb06,8,0,4,chb06_13.edf,966,252,96,8,18,12,0,83,1,3,0,4,1,12,0,83,1,3,0,4,1,0.9545875810936052
chb06,8,1,4,chb06_13.edf,966,252,96,8,7,11,6,77,2,2,1,3,2,11,5,78,2,2,1,3,2,0.9629286376274329
chb06,8,2,4,chb06_13.edf,966,252,96,8,4,12,5,78,1,3,1,3,1,12,8,75,1,3,2,2,1,0.9620018535681186
chb06,8,3,4,chb06_13.edf,966,252,96,8,10,12,7,76,1,3,2,2,1,12,8,75,1,3,2,2,1,0.9833178869323448
chb06,10,0,0,chb06_09.edf;chb06_10.edf,990,138,240,16,13,23,16,196,5,6,1,7,2,23,16,196,5,6,1,7,2,0.9383423180592992
chb06,10,1,0,chb06_09.edf;chb06_10.edf,990,138,240,16,17,21,8,204,7,6,0,8,2,20,15,197,8,6,1,7,2,0.9221698113207548
chb06,10,2,0,chb06_09.edf;chb06_10.edf,990,138,240,16,11,21,12,200,7,6,2,6,2,20,17,195,8,6,2,6,2,0.9125673854447439
chb06,10,3,0,chb06_09.edf;chb06_10.edf,990,138,240,16,27,22,8,204,6,6,0,8,2,24,16,196,4,6,1,7,2,0.9465970350404312
chb06,10,0,1,chb06_18.edf;chb06_24.edf,834,348,360,16,0,0,0,332,28,0,0,8,8,0,0,332,28,0,0,8,8,0.6143502581755593
chb06,10,1,1,chb06_18.edf;chb06_24.edf,834,348,360,16,1,0,0,332,28,0,0,8,8,0,0,332,28,0,0,8,8,0.7459122203098107
chb06,10,2,1,chb06_18.edf;chb06_24.edf,834,348,360,16,1,0,0,332,28,0,0,8,8,0,0,332,28,0,0,8,8,0.7725903614457831
chb06,10,3,1,chb06_18.edf;chb06_24.edf,834,348,360,16,2,0,0,332,28,0,0,8,8,0,0,332,28,0,0,8,8,0.7431153184165233
chb06,10,0,2,chb06_01.edf,822,156,360,24,23,37,7,309,7,7,3,9,5,37,7,309,7,7,3,9,5,0.961018411967779
chb06,10,1,2,chb06_01.edf,822,156,360,24,7,33,3,313,11,6,2,10,6,25,2,314,19,6,2,10,6,0.9828107019562715
chb06,10,2,2,chb06_01.edf,822,156,360,24,10,39,5,311,5,9,3,9,3,31,4,312,13,8,3,9,4,0.991728998849252
chb06,10,3,2,chb06_01.edf,822,156,360,24,9,40,5,311,4,10,3,9,2,31,5,311,13,7,4,8,5,0.9857594936708861
chb06,10,0,3,chb06_04.edf,912,102,360,16,19,27,87,233,13,3,0,8,5,27,87,233,13,3,0,8,5,0.7984375
chb06,10,1,3,chb06_04.edf,912,102,360,16,31,26,84,236,14,3,0,8,5,21,86,234,19,2,0,8,6,0.798828125
chb06,10,2,3,chb06_04.edf,912,102,360,16,17,23,47,273,17,2,0,8,6,21,42,278,19,2,0,8,6,0.857265625
chb06,10,3,3,chb06_04.edf,912,102,360,16,15,28,101,219,12,3,0,8,5,25,102,218,15,3,2,6,5,0.811796875
chb06,10,0,4,chb06_13.edf,1050,276,120,8,11,11,1,106,2,2,0,4,2,11,1,106,2,2,0,4,2,0.9698058950395398
chb06,10,1,4,chb06_13.edf,1050,276,120,8,6,11,0,107,2,2,0,4,2,9,2,105,4,2,1,3,2,0.9834651329978432
chb06,10,2,4,chb06_13.edf,1050,276,120,8,7,12,3,104,1,3,0,4,1,9,3,104,4,2,2,2,2,0.9884974838245866
chb06,10,3,4,chb06_13.edf,1050,276,120,8,9,12,2,105,1,3,0,4,1,9,1,106,4,2,1,3,2,0.9935298346513299
