patient,window_sec,model,fold,n_folds,test_recordings,n_train,n_test,best_epoch,TP,FP,TN,FN,auroc,f1_shuffled
chb01,1,h1,0,5,chb01_03.edf,1929,240,72,36,2,198,4,0.986875,0.9230769230769231
chb01,1,grouped,0,5,chb01_03.edf,1929,240,30,34,4,196,6,0.9888750000000001,0.10909090909090909
chb01,1,fact_grouped,0,5,chb01_03.edf,1929,240,87,37,2,198,3,0.995125,0.9156626506024096
chb01,1,fact_h4,0,5,chb01_03.edf,1929,240,38,36,2,198,4,0.9865,0.9113924050632911
chb01,1,fact_h8,0,5,chb01_03.edf,1929,240,65,36,3,197,4,0.988625,0.8974358974358975
chb01,1,fact_h16,0,5,chb01_03.edf,1929,240,58,36,2,198,4,0.987875,0.9230769230769231
chb01,1,fact_hcmax,0,5,chb01_03.edf,1929,240,65,39,3,197,1,0.9972500000000001,0.9156626506024096
chb01,1,fact_mix,0,5,chb01_03.edf,1929,240,64,38,2,198,2,0.997125,0.9156626506024096
chb01,1,h1,1,5,chb01_21.edf,1675,558,26,88,7,458,5,0.9966932593363395,0.9361702127659575
chb01,1,grouped,1,5,chb01_21.edf,1675,558,18,92,42,423,1,0.9891548155856169,0.1188118811881188
chb01,1,fact_grouped,1,5,chb01_21.edf,1675,558,35,88,7,458,5,0.9966701352757543,0.946236559139785
chb01,1,fact_h4,1,5,chb01_21.edf,1675,558,61,89,5,460,4,0.9971788646086253,0.9456521739130435
chb01,1,fact_h8,1,5,chb01_21.edf,1675,558,56,90,6,459,3,0.9977107180020812,0.9565217391304348
chb01,1,fact_h16,1,5,chb01_21.edf,1675,558,56,90,6,459,3,0.9978494623655914,0.9621621621621622
chb01,1,fact_hcmax,1,5,chb01_21.edf,1675,558,97,89,13,452,4,0.995213319458897,0.9411764705882353
chb01,1,fact_mix,1,5,chb01_21.edf,1675,558,67,89,20,445,4,0.9949358307318765,0.9326424870466321
chb01,1,h1,2,5,chb01_15.edf;chb01_16.edf,1684,546,59,90,47,408,1,0.990218572636155,0.7894736842105263
chb01,1,grouped,2,5,chb01_15.edf;chb01_16.edf,1684,546,17,79,22,433,12,0.9826107957976089,0.2754491017964072
chb01,1,fact_grouped,2,5,chb01_15.edf;chb01_16.edf,1684,546,70,91,35,420,0,0.9966429175220384,0.7346938775510204
chb01,1,fact_h4,2,5,chb01_15.edf;chb01_16.edf,1684,546,21,90,59,396,1,0.9904117860161816,0.8018018018018018
chb01,1,fact_h8,2,5,chb01_15.edf;chb01_16.edf,1684,546,21,90,76,379,1,0.9889143823209757,0.8071748878923767
chb01,1,fact_h16,2,5,chb01_15.edf;chb01_16.edf,1684,546,21,90,66,389,1,0.989614780823572,0.8181818181818182
chb01,1,fact_hcmax,2,5,chb01_15.edf;chb01_16.edf,1684,546,21,89,37,418,2,0.994348508634223,0.7606837606837606
chb01,1,fact_mix,2,5,chb01_15.edf;chb01_16.edf,1684,546,85,90,24,431,1,0.9982369279072576,0.7725321888412017
chb01,1,h1,3,5,chb01_04.edf;chb01_18.edf,1560,702,74,113,4,581,4,0.9991526042808094,0.9658119658119658
chb01,1,grouped,3,5,chb01_04.edf;chb01_18.edf,1560,702,17,112,5,580,5,0.9960698370954781,0.0
chb01,1,fact_grouped,3,5,chb01_04.edf;chb01_18.edf,1560,702,92,112,5,580,5,0.9988750091314194,0.9652173913043478
chb01,1,fact_h4,3,5,chb01_04.edf;chb01_18.edf,1560,702,99,113,5,580,4,0.9991526042808094,0.9702127659574468
chb01,1,fact_h8,3,5,chb01_04.edf;chb01_18.edf,1560,702,99,114,5,580,3,0.9992110453648915,0.9745762711864406
chb01,1,fact_h16,3,5,chb01_04.edf;chb01_18.edf,1560,702,97,115,5,580,2,0.9992402659069326,0.9702127659574468
chb01,1,fact_hcmax,3,5,chb01_04.edf;chb01_18.edf,1560,702,92,109,2,583,8,0.9977354079918181,0.8720379146919431
chb01,1,fact_mix,3,5,chb01_04.edf;chb01_18.edf,1560,702,87,112,5,580,5,0.998144495580393,0.9210526315789473
chb01,1,h1,4,5,chb01_26.edf,1636,606,32,96,18,487,5,0.9952553671208705,0.8930232558139535
chb01,1,grouped,4,5,chb01_26.edf,1636,606,19,98,28,477,3,0.9897461033232036,0.20155038759689922
chb01,1,fact_grouped,4,5,chb01_26.edf,1636,606,98,99,16,489,2,0.9964513283011469,0.8608695652173913
chb01,1,fact_h4,4,5,chb01_26.edf,1636,606,73,98,17,488,3,0.9959415743554554,0.9014084507042254
chb01,1,fact_h8,4,5,chb01_26.edf,1636,606,73,96,17,488,5,0.9959219684344672,0.9090909090909091
chb01,1,fact_h16,4,5,chb01_26.edf,1636,606,73,97,17,488,4,0.9959023625134791,0.9134615384615384
chb01,1,fact_hcmax,4,5,chb01_26.edf,1636,606,69,99,18,487,2,0.9956670914616215,0.8810572687224669
chb01,1,fact_mix,4,5,chb01_26.edf,1636,606,83,99,18,487,2,0.9955298500147044,0.8178137651821862
chb02,1,h1,0,3,chb02_16+.edf,436,486,52,75,9,396,6,0.9935680536503582,0.9090909090909091
chb02,1,grouped,0,3,chb02_16+.edf,436,486,13,67,14,391,14,0.9831732967535437,0.48366013071895425
chb02,1,fact_grouped,0,3,chb02_16+.edf,436,486,64,75,8,397,6,0.9942081999695168,0.9090909090909091
chb02,1,fact_h4,0,3,chb02_16+.edf,436,486,43,75,7,398,6,0.9947264136564548,0.9146341463414634
chb02,1,fact_h8,0,3,chb02_16+.edf,436,486,43,74,8,397,7,0.9938424020728548,0.9146341463414634
chb02,1,fact_h16,0,3,chb02_16+.edf,436,486,43,75,9,396,6,0.9945130315500685,0.9146341463414634
chb02,1,fact_hcmax,0,3,chb02_16+.edf,436,486,86,75,6,399,6,0.9951836610272825,0.9375
chb02,1,fact_mix,0,3,chb02_16+.edf,436,486,63,75,5,400,6,0.9951531778692273,0.9375
chb02,1,h1,1,3,chb02_16.edf,432,492,71,81,9,401,1,0.9983938132064247,0.9418604651162791
chb02,1,grouped,1,3,chb02_16.edf,432,492,27,69,22,388,13,0.9567221891731112,0.17341040462427745
chb02,1,fact_grouped,1,3,chb02_16.edf,432,492,83,78,2,408,4,0.9989886972040452,0.9433962264150944
chb02,1,fact_h4,1,3,chb02_16.edf,432,492,83,78,4,406,4,0.998780487804878,0.9375
chb02,1,fact_h8,1,3,chb02_16.edf,432,492,96,78,2,408,4,0.9980666270077334,0.9433962264150944
chb02,1,fact_h16,1,3,chb02_16.edf,432,492,85,79,3,407,3,0.9984235574063057,0.9308176100628931
chb02,1,fact_hcmax,1,3,chb02_16.edf,432,492,96,78,2,408,4,0.9989589530041642,0.9419354838709677
chb02,1,fact_mix,1,3,chb02_16.edf,432,492,89,79,3,407,3,0.9978286734086853,0.9066666666666666
chb02,1,h1,2,3,chb02_19.edf,782,54,74,8,0,45,1,0.9432098765432099,0.9411764705882353
chb02,1,grouped,2,3,chb02_19.edf,782,54,29,8,12,33,1,0.8716049382716049,0.21052631578947367
chb02,1,fact_grouped,2,3,chb02_19.edf,782,54,97,8,0,45,1,0.9851851851851852,0.9411764705882353
chb02,1,fact_h4,2,3,chb02_19.edf,782,54,97,8,0,45,1,0.9481481481481482,0.9411764705882353
chb02,1,fact_h8,2,3,chb02_19.edf,782,54,19,8,0,45,1,0.9432098765432099,0.9411764705882353
chb02,1,fact_h16,2,3,chb02_19.edf,782,54,99,8,0,45,1,0.9506172839506173,0.9411764705882353
chb02,1,fact_hcmax,2,3,chb02_19.edf,782,54,87,8,0,45,1,0.9851851851851852,0.9411764705882353
chb02,1,fact_mix,2,3,chb02_19.edf,782,54,98,8,0,45,1,0.9876543209876543,0.9411764705882353
chb01,3,h1,0,5,chb01_03.edf,638,78,55,12,0,65,1,0.9846153846153847,0.96
chb01,3,grouped,0,5,chb01_03.edf,638,78,79,12,0,65,1,1.0,0.23529411764705882
chb01,3,fact_grouped,0,5,chb01_03.edf,638,78,80,12,0,65,1,0.9893491124260356,0.96
chb01,3,fact_h4,0,5,chb01_03.edf,638,78,55,12,0,65,1,0.9846153846153847,0.96
chb01,3,fact_h8,0,5,chb01_03.edf,638,78,69,12,0,65,1,0.9857988165680474,0.96
chb01,3,fact_h16,0,5,chb01_03.edf,638,78,76,12,0,65,1,0.98698224852071,0.96
chb01,3,fact_hcmax,0,5,chb01_03.edf,638,78,55,12,0,65,1,0.9881656804733727,0.96
chb01,3,fact_mix,0,5,chb01_03.edf,638,78,48,12,0,65,1,0.9905325443786982,0.96
chb01,3,h1,1,5,chb01_21.edf,552,186,35,30,1,154,1,0.9987513007284079,0.967741935483871
chb01,3,grouped,1,5,chb01_21.edf,552,186,19,31,16,139,0,0.9900104058272633,0.16216216216216217
chb01,3,fact_grouped,1,5,chb01_21.edf,552,186,73,31,1,154,0,0.9995837669094693,0.967741935483871
chb01,3,fact_h4,1,5,chb01_21.edf,552,186,68,30,1,154,1,0.9995837669094693,0.9508196721311475
chb01,3,fact_h8,1,5,chb01_21.edf,552,186,44,29,1,154,2,0.9995837669094693,0.9508196721311475
chb01,3,fact_h16,1,5,chb01_21.edf,552,186,44,30,1,154,1,0.9995837669094693,0.967741935483871
chb01,3,fact_hcmax,1,5,chb01_21.edf,552,186,49,30,1,154,1,0.9995837669094693,0.967741935483871
chb01,3,fact_mix,1,5,chb01_21.edf,552,186,96,31,1,154,0,0.9995837669094693,0.967741935483871
chb01,3,h1,2,5,chb01_26.edf,542,198,71,32,5,160,1,0.9977961432506887,0.9142857142857143
chb01,3,grouped,2,5,chb01_26.edf,542,198,32,32,3,162,1,0.9987144168962351,0.25
chb01,3,fact_grouped,2,5,chb01_26.edf,542,198,70,32,5,160,1,0.9983471074380165,0.9041095890410958
chb01,3,fact_h4,2,5,chb01_26.edf,542,198,69,32,7,158,1,0.9981634527089072,0.9014084507042254
chb01,3,fact_h8,2,5,chb01_26.edf,542,198,51,32,5,160,1,0.9983471074380165,0.927536231884058
chb01,3,fact_h16,2,5,chb01_26.edf,542,198,69,32,6,159,1,0.9983471074380165,0.9142857142857143
chb01,3,fact_hcmax,2,5,chb01_26.edf,542,198,69,32,6,159,1,0.9983471074380165,0.9041095890410958
chb01,3,fact_mix,2,5,chb01_26.edf,542,198,52,32,5,160,1,0.9983471074380165,0.9014084507042254
chb01,3,h1,3,5,chb01_15.edf;chb01_16.edf,556,180,85,29,5,145,1,0.9957777777777778,0.90625
chb01,3,grouped,3,5,chb01_15.edf;chb01_16.edf,556,180,95,27,2,148,3,0.9933333333333334,0.0
chb01,3,fact_grouped,3,5,chb01_15.edf;chb01_16.edf,556,180,53,29,5,145,1,0.9957777777777779,0.8923076923076924
chb01,3,fact_h4,3,5,chb01_15.edf;chb01_16.edf,556,180,48,30,18,132,0,0.9913333333333334,0.7894736842105263
chb01,3,fact_h8,3,5,chb01_15.edf;chb01_16.edf,556,180,48,30,19,131,0,0.9906666666666667,0.8055555555555556
chb01,3,fact_h16,3,5,chb01_15.edf;chb01_16.edf,556,180,48,30,19,131,0,0.9915555555555555,0.8405797101449275
chb01,3,fact_hcmax,3,5,chb01_15.edf;chb01_16.edf,556,180,90,29,7,143,1,0.9948888888888889,0.8285714285714286
chb01,3,fact_mix,3,5,chb01_15.edf;chb01_16.edf,556,180,50,29,6,144,1,0.996,0.8405797101449275
chb01,3,h1,4,5,chb01_04.edf;chb01_18.edf,513,234,55,38,1,194,1,0.9977646285338594,0.9743589743589743
chb01,3,grouped,4,5,chb01_04.edf;chb01_18.edf,513,234,75,37,0,195,2,0.9982905982905983,0.05
chb01,3,fact_grouped,4,5,chb01_04.edf;chb01_18.edf,513,234,99,37,2,193,2,0.9980276134122289,0.9743589743589743
chb01,3,fact_h4,4,5,chb01_04.edf;chb01_18.edf,513,234,99,38,1,194,1,0.9998685075608152,0.9743589743589743
chb01,3,fact_h8,4,5,chb01_04.edf;chb01_18.edf,513,234,77,38,0,195,1,0.9998685075608152,0.9743589743589743
chb01,3,fact_h16,4,5,chb01_04.edf;chb01_18.edf,513,234,56,39,1,194,0,1.0,0.9873417721518988
chb01,3,fact_hcmax,4,5,chb01_04.edf;chb01_18.edf,513,234,53,38,3,192,1,0.9989480604865221,0.975
chb01,3,fact_mix,4,5,chb01_04.edf;chb01_18.edf,513,234,95,37,2,193,2,0.9988165680473373,0.96
chb02,3,h1,0,3,chb02_16+.edf,144,162,93,26,3,132,1,0.9978052126200274,0.9285714285714286
chb02,3,grouped,0,3,chb02_16+.edf,144,162,39,21,0,135,6,0.9975308641975308,0.47619047619047616
chb02,3,fact_grouped,0,3,chb02_16+.edf,144,162,97,26,3,132,1,0.9972565157750344,0.9259259259259259
chb02,3,fact_h4,0,3,chb02_16+.edf,144,162,98,25,6,129,2,0.9893004115226338,0.8333333333333334
chb02,3,fact_h8,0,3,chb02_16+.edf,144,162,98,25,83,52,2,0.9484224965706447,0.42735042735042733
chb02,3,fact_h16,0,3,chb02_16+.edf,144,162,80,25,91,44,2,0.9415637860082303,0.35714285714285715
chb02,3,fact_hcmax,0,3,chb02_16+.edf,144,162,98,26,7,128,1,0.9895747599451303,0.7352941176470589
chb02,3,fact_mix,0,3,chb02_16+.edf,144,162,99,26,2,133,1,0.9975308641975309,0.9259259259259259
chb02,3,h1,1,3,chb02_16.edf,144,162,98,26,11,124,1,0.9818930041152263,0.8125
chb02,3,grouped,1,3,chb02_16.edf,144,162,86,26,21,114,1,0.9838134430727024,0.23529411764705882
chb02,3,fact_grouped,1,3,chb02_16.edf,144,162,79,27,17,118,0,0.9991769547325102,0.75
chb02,3,fact_h4,1,3,chb02_16.edf,144,162,75,27,5,130,0,0.9991769547325102,0.9473684210526315
chb02,3,fact_h8,1,3,chb02_16.edf,144,162,64,27,16,119,0,0.9989026063100137,0.8571428571428571
chb02,3,fact_h16,1,3,chb02_16.edf,144,162,64,27,13,122,0,0.9989026063100137,0.8571428571428571
chb02,3,fact_hcmax,1,3,chb02_16.edf,144,162,75,27,3,132,0,0.9991769547325102,0.9473684210526315
chb02,3,fact_mix,1,3,chb02_16.edf,144,162,97,26,9,126,1,0.9912208504801097,0.8387096774193549
chb02,3,h1,2,3,chb02_19.edf,259,18,60,2,0,15,1,1.0,0.8
chb02,3,grouped,2,3,chb02_19.edf,259,18,99,3,0,15,0,1.0,0.2857142857142857
chb02,3,fact_grouped,2,3,chb02_19.edf,259,18,71,3,0,15,0,1.0,0.8
chb02,3,fact_h4,2,3,chb02_19.edf,259,18,60,3,0,15,0,1.0,1.0
chb02,3,fact_h8,2,3,chb02_19.edf,259,18,94,3,0,15,0,1.0,1.0
chb02,3,fact_h16,2,3,chb02_19.edf,259,18,86,3,0,15,0,1.0,1.0
chb02,3,fact_hcmax,2,3,chb02_19.edf,259,18,60,3,0,15,0,1.0,1.0
chb02,3,fact_mix,2,3,chb02_19.edf,259,18,55,2,0,15,1,1.0,0.8
chb01,5,h1,0,5,chb01_03.edf,379,48,76,7,1,39,1,0.9875,0.875
chb01,5,grouped,0,5,chb01_03.edf,379,48,81,8,1,39,0,0.996875,0.2222222222222222
chb01,5,fact_grouped,0,5,chb01_03.edf,379,48,93,7,1,39,1,0.990625,0.875
chb01,5,fact_h4,0,5,chb01_03.edf,379,48,67,7,1,39,1,0.990625,0.875
chb01,5,fact_h8,0,5,chb01_03.edf,379,48,66,7,1,39,1,0.9875,0.875
chb01,5,fact_h16,0,5,chb01_03.edf,379,48,66,7,1,39,1,0.9875,0.875
chb01,5,fact_hcmax,0,5,chb01_03.edf,379,48,97,7,1,39,1,0.99375,0.875
chb01,5,fact_mix,0,5,chb01_03.edf,379,48,54,7,1,39,1,0.996875,0.875
chb01,5,h1,1,5,chb01_21.edf,331,108,79,16,0,90,2,1.0,0.9411764705882353
chb01,5,grouped,1,5,chb01_21.edf,331,108,40,18,4,86,0,0.9981481481481481,0.09523809523809523
chb01,5,fact_grouped,1,5,chb01_21.edf,331,108,87,17,0,90,1,1.0,0.9714285714285714
chb01,5,fact_h4,1,5,chb01_21.edf,331,108,60,17,0,90,1,1.0,0.9714285714285714
chb01,5,fact_h8,1,5,chb01_21.edf,331,108,60,16,0,90,2,1.0,0.9411764705882353
chb01,5,fact_h16,1,5,chb01_21.edf,331,108,60,16,0,90,2,1.0,0.9411764705882353
chb01,5,fact_hcmax,1,5,chb01_21.edf,331,108,50,17,0,90,1,1.0,0.9714285714285714
chb01,5,fact_mix,1,5,chb01_21.edf,331,108,42,16,0,90,2,1.0,0.9411764705882353
chb01,5,h1,2,5,chb01_26.edf,321,120,99,19,2,98,1,0.999,0.926829268292683
chb01,5,grouped,2,5,chb01_26.edf,321,120,80,19,2,98,1,0.9964999999999999,0.18181818181818182
chb01,5,fact_grouped,2,5,chb01_26.edf,321,120,82,19,0,100,1,1.0,0.9743589743589743
chb01,5,fact_h4,2,5,chb01_26.edf,321,120,58,20,0,100,0,1.0,0.9743589743589743
chb01,5,fact_h8,2,5,chb01_26.edf,321,120,56,20,1,99,0,1.0,0.9743589743589743
chb01,5,fact_h16,2,5,chb01_26.edf,321,120,56,20,1,99,0,1.0,0.9743589743589743
chb01,5,fact_hcmax,2,5,chb01_26.edf,321,120,58,20,3,97,0,0.9994999999999999,0.9302325581395349
chb01,5,fact_mix,2,5,chb01_26.edf,321,120,70,19,1,99,1,0.9994999999999999,0.9523809523809523
chb01,5,h1,3,5,chb01_15.edf;chb01_16.edf,331,108,90,18,27,63,0,0.9987654320987654,0.5714285714285714
chb01,5,grouped,3,5,chb01_15.edf;chb01_16.edf,331,108,34,18,1,89,0,0.9969135802469136,0.10526315789473684
chb01,5,fact_grouped,3,5,chb01_15.edf;chb01_16.edf,331,108,57,18,36,54,0,0.9962962962962962,0.4931506849315068
chb01,5,fact_h4,3,5,chb01_15.edf;chb01_16.edf,331,108,80,18,33,57,0,0.9962962962962963,0.5454545454545454
chb01,5,fact_h8,3,5,chb01_15.edf;chb01_16.edf,331,108,80,18,33,57,0,0.9944444444444445,0.5806451612903226
chb01,5,fact_h16,3,5,chb01_15.edf;chb01_16.edf,331,108,80,18,34,56,0,0.9962962962962963,0.5714285714285714
chb01,5,fact_hcmax,3,5,chb01_15.edf;chb01_16.edf,331,108,78,18,35,55,0,0.9993827160493828,0.5070422535211268
chb01,5,fact_mix,3,5,chb01_15.edf;chb01_16.edf,331,108,70,18,25,65,0,0.9987654320987654,0.5625
chb01,5,h1,4,5,chb01_04.edf;chb01_18.edf,307,138,82,22,0,115,1,1.0,0.9777777777777777
chb01,5,grouped,4,5,chb01_04.edf;chb01_18.edf,307,138,31,23,3,112,0,0.9996219281663516,0.0
chb01,5,fact_grouped,4,5,chb01_04.edf;chb01_18.edf,307,138,94,22,0,115,1,1.0,0.9777777777777777
chb01,5,fact_h4,4,5,chb01_04.edf;chb01_18.edf,307,138,74,22,0,115,1,1.0,0.9777777777777777
chb01,5,fact_h8,4,5,chb01_04.edf;chb01_18.edf,307,138,96,22,0,115,1,1.0,0.9777777777777777
chb01,5,fact_h16,4,5,chb01_04.edf;chb01_18.edf,307,138,95,22,0,115,1,1.0,0.9777777777777777
chb01,5,fact_hcmax,4,5,chb01_04.edf;chb01_18.edf,307,138,57,22,0,115,1,1.0,1.0
chb01,5,fact_mix,4,5,chb01_04.edf;chb01_18.edf,307,138,36,22,0,115,1,1.0,1.0
chb02,5,h1,0,3,chb02_16+.edf,81,96,97,15,24,56,1,0.9484375,0.5454545454545454
chb02,5,grouped,0,3,chb02_16+.edf,81,96,30,13,0,80,3,0.99609375,0.6875
chb02,5,fact_grouped,0,3,chb02_16+.edf,81,96,80,15,58,22,1,0.95078125,0.33707865168539325
chb02,5,fact_h4,0,3,chb02_16+.edf,81,96,93,15,58,22,1,0.953125,0.33707865168539325
chb02,5,fact_h8,0,3,chb02_16+.edf,81,96,94,15,58,22,1,0.95234375,0.33707865168539325
chb02,5,fact_h16,0,3,chb02_16+.edf,81,96,93,15,58,22,1,0.953125,0.33707865168539325
chb02,5,fact_hcmax,0,3,chb02_16+.edf,81,96,94,15,58,22,1,0.953125,0.33707865168539325
chb02,5,fact_mix,0,3,chb02_16+.edf,81,96,92,15,2,78,1,0.99375,0.8823529411764706
chb02,5,h1,1,3,chb02_16.edf,81,96,98,16,51,29,0,0.9757812499999999,0.3855421686746988
chb02,5,grouped,1,3,chb02_16.edf,81,96,88,15,12,68,1,0.95390625,0.34146341463414637
chb02,5,fact_grouped,1,3,chb02_16.edf,81,96,99,16,11,69,0,0.99609375,0.7619047619047619
chb02,5,fact_h4,1,3,chb02_16.edf,81,96,97,16,11,69,0,0.99921875,0.7804878048780488
chb02,5,fact_h8,1,3,chb02_16.edf,81,96,97,16,12,68,0,0.99765625,0.7619047619047619
chb02,5,fact_h16,1,3,chb02_16.edf,81,96,97,16,12,68,0,0.99765625,0.7804878048780488
chb02,5,fact_hcmax,1,3,chb02_16.edf,81,96,97,16,12,68,0,0.9945312500000001,0.7619047619047619
chb02,5,fact_mix,1,3,chb02_16.edf,81,96,99,16,49,31,0,0.9914062499999999,0.41025641025641024
chb02,5,h1,2,3,chb02_19.edf,153,6,67,1,0,5,0,1.0,1.0
chb02,5,grouped,2,3,chb02_19.edf,153,6,47,1,1,4,0,1.0,0.0
chb02,5,fact_grouped,2,3,chb02_19.edf,153,6,55,1,0,5,0,1.0,1.0
chb02,5,fact_h4,2,3,chb02_19.edf,153,6,81,1,0,5,0,1.0,1.0
chb02,5,fact_h8,2,3,chb02_19.edf,153,6,81,1,0,5,0,1.0,1.0
chb02,5,fact_h16,2,3,chb02_19.edf,153,6,81,1,0,5,0,1.0,1.0
chb02,5,fact_hcmax,2,3,chb02_19.edf,153,6,58,1,0,5,0,1.0,1.0
chb02,5,fact_mix,2,3,chb02_19.edf,153,6,54,1,0,5,0,1.0,1.0
chb01,8,h1,0,5,chb01_03.edf,230,30,96,5,1,24,0,1.0,0.9090909090909091
chb01,8,grouped,0,5,chb01_03.edf,230,30,27,5,0,25,0,1.0,0.0
chb01,8,fact_grouped,0,5,chb01_03.edf,230,30,89,5,0,25,0,1.0,0.9090909090909091
chb01,8,fact_h4,0,5,chb01_03.edf,230,30,84,5,0,25,0,1.0,1.0
chb01,8,fact_h8,0,5,chb01_03.edf,230,30,92,5,1,24,0,1.0,1.0
chb01,8,fact_h16,0,5,chb01_03.edf,230,30,91,5,0,25,0,1.0,1.0
chb01,8,fact_hcmax,0,5,chb01_03.edf,230,30,90,5,0,25,0,1.0,0.9090909090909091
chb01,8,fact_mix,0,5,chb01_03.edf,230,30,93,5,0,25,0,1.0,1.0
chb01,8,h1,1,5,chb01_21.edf,201,66,85,11,0,55,0,1.0,1.0
chb01,8,grouped,1,5,chb01_21.edf,201,66,60,11,2,53,0,1.0,0.0
chb01,8,fact_grouped,1,5,chb01_21.edf,201,66,59,11,0,55,0,1.0,1.0
chb01,8,fact_h4,1,5,chb01_21.edf,201,66,84,11,0,55,0,1.0,1.0
chb01,8,fact_h8,1,5,chb01_21.edf,201,66,84,11,0,55,0,1.0,1.0
chb01,8,fact_h16,1,5,chb01_21.edf,201,66,84,11,0,55,0,1.0,1.0
chb01,8,fact_hcmax,1,5,chb01_21.edf,201,66,87,11,0,55,0,1.0,1.0
chb01,8,fact_mix,1,5,chb01_21.edf,201,66,94,11,0,55,0,1.0,1.0
chb01,8,h1,2,5,chb01_26.edf,196,72,98,12,0,60,0,1.0,1.0
chb01,8,grouped,2,5,chb01_26.edf,196,72,99,12,0,60,0,1.0,0.15384615384615385
chb01,8,fact_grouped,2,5,chb01_26.edf,196,72,98,12,0,60,0,1.0,1.0
chb01,8,fact_h4,2,5,chb01_26.edf,196,72,96,12,1,59,0,1.0,0.96
chb01,8,fact_h8,2,5,chb01_26.edf,196,72,95,12,2,58,0,1.0,0.96
chb01,8,fact_h16,2,5,chb01_26.edf,196,72,95,12,1,59,0,1.0,0.96
chb01,8,fact_hcmax,2,5,chb01_26.edf,196,72,99,12,0,60,0,1.0,0.96
chb01,8,fact_mix,2,5,chb01_26.edf,196,72,99,12,1,59,0,1.0,0.96
chb01,8,h1,3,5,chb01_15.edf;chb01_16.edf,201,66,84,11,22,33,0,1.0,0.5
chb01,8,grouped,3,5,chb01_15.edf;chb01_16.edf,201,66,81,10,0,55,1,0.9983471074380165,0.0
chb01,8,fact_grouped,3,5,chb01_15.edf;chb01_16.edf,201,66,99,11,16,39,0,1.0,0.5641025641025641
chb01,8,fact_h4,3,5,chb01_15.edf;chb01_16.edf,201,66,95,11,23,32,0,1.0,0.55
chb01,8,fact_h8,3,5,chb01_15.edf;chb01_16.edf,201,66,84,11,26,29,0,0.9983471074380165,0.5116279069767442
chb01,8,fact_h16,3,5,chb01_15.edf;chb01_16.edf,201,66,80,11,26,29,0,1.0,0.5238095238095238
chb01,8,fact_hcmax,3,5,chb01_15.edf;chb01_16.edf,201,66,98,11,14,41,0,1.0,0.5945945945945946
chb01,8,fact_mix,3,5,chb01_15.edf;chb01_16.edf,201,66,93,11,19,36,0,1.0,0.5116279069767442
chb01,8,h1,4,5,chb01_04.edf;chb01_18.edf,187,84,99,14,0,70,0,1.0,1.0
chb01,8,grouped,4,5,chb01_04.edf;chb01_18.edf,187,84,60,14,0,70,0,1.0,0.0
chb01,8,fact_grouped,4,5,chb01_04.edf;chb01_18.edf,187,84,96,14,0,70,0,1.0,1.0
chb01,8,fact_h4,4,5,chb01_04.edf;chb01_18.edf,187,84,97,14,0,70,0,1.0,1.0
chb01,8,fact_h8,4,5,chb01_04.edf;chb01_18.edf,187,84,97,14,0,70,0,1.0,1.0
chb01,8,fact_h16,4,5,chb01_04.edf;chb01_18.edf,187,84,97,14,0,70,0,1.0,1.0
chb01,8,fact_hcmax,4,5,chb01_04.edf;chb01_18.edf,187,84,94,14,0,70,0,1.0,1.0
chb01,8,fact_mix,4,5,chb01_04.edf;chb01_18.edf,187,84,99,14,0,70,0,1.0,1.0
chb02,8,h1,0,3,chb02_16+.edf,52,60,11,0,0,50,10,0.194,0.0
chb02,8,grouped,0,3,chb02_16+.edf,52,60,99,4,0,50,6,0.988,0.18181818181818182
chb02,8,fact_grouped,0,3,chb02_16+.edf,52,60,98,9,2,48,1,0.924,0.8571428571428571
chb02,8,fact_h4,0,3,chb02_16+.edf,52,60,97,9,3,47,1,0.99,0.8181818181818182
chb02,8,fact_h8,0,3,chb02_16+.edf,52,60,97,9,3,47,1,0.95,0.8181818181818182
chb02,8,fact_h16,0,3,chb02_16+.edf,52,60,99,9,3,47,1,0.972,0.8181818181818182
chb02,8,fact_hcmax,0,3,chb02_16+.edf,52,60,99,9,3,47,1,0.994,0.8181818181818182
chb02,8,fact_mix,0,3,chb02_16+.edf,52,60,98,9,2,48,1,0.986,0.8571428571428571
chb02,8,h1,1,3,chb02_16.edf,52,60,99,10,38,12,0,0.974,0.3448275862068966
chb02,8,grouped,1,3,chb02_16.edf,52,60,96,9,10,40,1,0.916,0.15384615384615385
chb02,8,fact_grouped,1,3,chb02_16.edf,52,60,98,10,7,43,0,1.0,0.8
chb02,8,fact_h4,1,3,chb02_16.edf,52,60,99,10,11,39,0,0.984,0.7142857142857143
chb02,8,fact_h8,1,3,chb02_16.edf,52,60,99,10,9,41,0,0.986,0.7407407407407407
chb02,8,fact_h16,1,3,chb02_16.edf,52,60,99,10,9,41,0,0.986,0.7407407407407407
chb02,8,fact_hcmax,1,3,chb02_16.edf,52,60,99,10,8,42,0,0.986,0.7407407407407407
chb02,8,fact_mix,1,3,chb02_16.edf,52,60,99,10,12,38,0,1.0,0.625
chb02,8,h1,2,3,chb02_19.edf,96,6,96,1,0,5,0,1.0,1.0
chb02,8,grouped,2,3,chb02_19.edf,96,6,99,1,0,5,0,1.0,0.0
chb02,8,fact_grouped,2,3,chb02_19.edf,96,6,99,1,0,5,0,1.0,1.0
chb02,8,fact_h4,2,3,chb02_19.edf,96,6,90,1,0,5,0,1.0,1.0
chb02,8,fact_h8,2,3,chb02_19.edf,96,6,94,1,0,5,0,1.0,1.0
chb02,8,fact_h16,2,3,chb02_19.edf,96,6,94,1,0,5,0,1.0,1.0
chb02,8,fact_hcmax,2,3,chb02_19.edf,96,6,90,1,0,5,0,1.0,1.0
chb02,8,fact_mix,2,3,chb02_19.edf,96,6,99,1,0,5,0,1.0,1.0
chb01,10,h1,0,5,chb01_21.edf,163,54,89,9,1,44,0,1.0,0.9473684210526315
chb01,10,grouped,0,5,chb01_21.edf,163,54,95,9,0,45,0,1.0,0.0
chb01,10,fact_grouped,0,5,chb01_21.edf,163,54,98,9,0,45,0,1.0,1.0
chb01,10,fact_h4,0,5,chb01_21.edf,163,54,89,9,0,45,0,1.0,1.0
chb01,10,fact_h8,0,5,chb01_21.edf,163,54,88,9,0,45,0,1.0,1.0
chb01,10,fact_h16,0,5,chb01_21.edf,163,54,91,9,0,45,0,1.0,1.0
chb01,10,fact_hcmax,0,5,chb01_21.edf,163,54,63,9,1,44,0,1.0,0.9473684210526315
chb01,10,fact_mix,0,5,chb01_21.edf,163,54,90,9,0,45,0,1.0,1.0
chb01,10,h1,1,5,chb01_26.edf,158,60,99,10,0,50,0,1.0,1.0
chb01,10,grouped,1,5,chb01_26.edf,158,60,96,10,1,49,0,0.998,0.0
chb01,10,fact_grouped,1,5,chb01_26.edf,158,60,99,10,0,50,0,1.0,1.0
chb01,10,fact_h4,1,5,chb01_26.edf,158,60,93,10,0,50,0,1.0,1.0
chb01,10,fact_h8,1,5,chb01_26.edf,158,60,93,10,0,50,0,1.0,0.9473684210526315
chb01,10,fact_h16,1,5,chb01_26.edf,158,60,94,10,0,50,0,1.0,0.9473684210526315
chb01,10,fact_hcmax,1,5,chb01_26.edf,158,60,99,10,0,50,0,1.0,0.9473684210526315
chb01,10,fact_mix,1,5,chb01_26.edf,158,60,80,10,0,50,0,1.0,1.0
chb01,10,h1,2,5,chb01_03.edf,187,24,95,4,1,19,0,1.0,0.8888888888888888
chb01,10,grouped,2,5,chb01_03.edf,187,24,99,4,0,20,0,1.0,0.0
chb01,10,fact_grouped,2,5,chb01_03.edf,187,24,94,4,0,20,0,1.0,1.0
chb01,10,fact_h4,2,5,chb01_03.edf,187,24,69,4,0,20,0,1.0,1.0
chb01,10,fact_h8,2,5,chb01_03.edf,187,24,70,4,1,19,0,1.0,1.0
chb01,10,fact_h16,2,5,chb01_03.edf,187,24,71,4,1,19,0,1.0,1.0
chb01,10,fact_hcmax,2,5,chb01_03.edf,187,24,71,4,0,20,0,1.0,0.8888888888888888
chb01,10,fact_mix,2,5,chb01_03.edf,187,24,74,4,0,20,0,1.0,1.0
chb01,10,h1,3,5,chb01_15.edf;chb01_16.edf,163,54,97,9,7,38,0,1.0,0.72
chb01,10,grouped,3,5,chb01_15.edf;chb01_16.edf,163,54,73,8,0,45,1,1.0,0.0
chb01,10,fact_grouped,3,5,chb01_15.edf;chb01_16.edf,163,54,98,9,8,37,0,1.0,0.72
chb01,10,fact_h4,3,5,chb01_15.edf;chb01_16.edf,163,54,96,9,8,37,0,1.0,0.8181818181818182
chb01,10,fact_h8,3,5,chb01_15.edf;chb01_16.edf,163,54,88,9,8,37,0,1.0,0.8571428571428571
chb01,10,fact_h16,3,5,chb01_15.edf;chb01_16.edf,163,54,88,9,9,36,0,1.0,0.75
chb01,10,fact_hcmax,3,5,chb01_15.edf;chb01_16.edf,163,54,96,9,4,41,0,1.0,0.8181818181818182
chb01,10,fact_mix,3,5,chb01_15.edf;chb01_16.edf,163,54,97,9,6,39,0,1.0,0.72
chb01,10,h1,4,5,chb01_04.edf;chb01_18.edf,153,66,97,11,1,54,0,1.0,0.9565217391304348
chb01,10,grouped,4,5,chb01_04.edf;chb01_18.edf,153,66,65,11,1,54,0,1.0,0.0
chb01,10,fact_grouped,4,5,chb01_04.edf;chb01_18.edf,153,66,71,11,0,55,0,1.0,1.0
chb01,10,fact_h4,4,5,chb01_04.edf;chb01_18.edf,153,66,98,11,1,54,0,1.0,0.9565217391304348
chb01,10,fact_h8,4,5,chb01_04.edf;chb01_18.edf,153,66,69,11,0,55,0,1.0,1.0
chb01,10,fact_h16,4,5,chb01_04.edf;chb01_18.edf,153,66,96,11,0,55,0,1.0,1.0
chb01,10,fact_hcmax,4,5,chb01_04.edf;chb01_18.edf,153,66,90,10,1,54,1,0.9983471074380165,0.9565217391304348
chb01,10,fact_mix,4,5,chb01_04.edf;chb01_18.edf,153,66,75,11,1,54,0,0.9983471074380165,0.9565217391304348
chb02,10,h1,0,2,chb02_16+.edf,38,48,2,0,0,40,8,0.053125000000000006,0.0
chb02,10,grouped,0,2,chb02_16+.edf,38,48,24,0,0,40,8,0.975,0.0
chb02,10,fact_grouped,0,2,chb02_16+.edf,38,48,81,8,36,4,0,0.7625,0.3076923076923077
chb02,10,fact_h4,0,2,chb02_16+.edf,38,48,98,8,36,4,0,0.8781249999999999,0.3076923076923077
chb02,10,fact_h8,0,2,chb02_16+.edf,38,48,76,8,36,4,0,0.6593749999999999,0.3076923076923077
chb02,10,fact_h16,0,2,chb02_16+.edf,38,48,77,8,36,4,0,0.734375,0.3076923076923077
chb02,10,fact_hcmax,0,2,chb02_16+.edf,38,48,90,8,36,4,0,0.8781249999999999,0.3076923076923077
chb02,10,fact_mix,0,2,chb02_16+.edf,38,48,6,0,0,40,8,0.9906250000000001,0.0
chb02,10,h1,1,2,chb02_16.edf,38,48,96,8,39,1,0,0.6156250000000001,0.2909090909090909
chb02,10,grouped,1,2,chb02_16.edf,38,48,99,8,28,12,0,0.85,0.3157894736842105
chb02,10,fact_grouped,1,2,chb02_16.edf,38,48,90,8,37,3,0,0.8687500000000001,0.3018867924528302
chb02,10,fact_h4,1,2,chb02_16.edf,38,48,68,8,39,1,0,0.48125,0.2962962962962963
chb02,10,fact_h8,1,2,chb02_16.edf,38,48,70,8,40,0,0,0.5375,0.2962962962962963
chb02,10,fact_h16,1,2,chb02_16.edf,38,48,70,8,39,1,0,0.53125,0.2962962962962963
chb02,10,fact_hcmax,1,2,chb02_16.edf,38,48,72,8,38,2,0,0.53125,0.2962962962962963
chb02,10,fact_mix,1,2,chb02_16.edf,38,48,66,8,39,1,0,0.434375,0.2909090909090909
