patient,window_sec,model,fold,n_folds,test_recordings,n_train,n_test,best_epoch,TP,FP,TN,FN,auroc,f1_shuffled,sensitivity,specificity,precision,f1,accuracy
chb01,1,h1,0,5,chb01_03.edf,1929,240,72,36,2,198,4,0.986875,0.9230769230769231,0.9,0.99,0.9473684210526315,0.9230769230769231,0.975
chb01,1,grouped,0,5,chb01_03.edf,1929,240,30,34,4,196,6,0.9888750000000001,0.10909090909090909,0.85,0.98,0.8947368421052632,0.8717948717948718,0.9583333333333334
chb01,1,fact_grouped,0,5,chb01_03.edf,1929,240,87,37,2,198,3,0.995125,0.9156626506024096,0.925,0.99,0.9487179487179487,0.9367088607594937,0.9791666666666666
chb01,1,fact_h4,0,5,chb01_03.edf,1929,240,38,36,2,198,4,0.9865,0.9113924050632911,0.9,0.99,0.9473684210526315,0.9230769230769231,0.975
chb01,1,fact_h8,0,5,chb01_03.edf,1929,240,65,36,3,197,4,0.988625,0.8974358974358975,0.9,0.985,0.9230769230769231,0.9113924050632911,0.9708333333333333
chb01,1,fact_h16,0,5,chb01_03.edf,1929,240,58,36,2,198,4,0.987875,0.9230769230769231,0.9,0.99,0.9473684210526315,0.9230769230769231,0.975
chb01,1,fact_hcmax,0,5,chb01_03.edf,1929,240,65,39,3,197,1,0.9972500000000001,0.9156626506024096,0.975,0.985,0.9285714285714286,0.9512195121951219,0.9833333333333333
chb01,1,fact_mix,0,5,chb01_03.edf,1929,240,64,38,2,198,2,0.997125,0.9156626506024096,0.95,0.99,0.95,0.95,0.9833333333333333
chb01,1,h1,1,5,chb01_21.edf,1675,558,26,88,7,458,5,0.9966932593363395,0.9361702127659575,0.946236559139785,0.9849462365591398,0.9263157894736842,0.9361702127659575,0.978494623655914
chb01,1,grouped,1,5,chb01_21.edf,1675,558,18,92,42,423,1,0.9891548155856169,0.1188118811881188,0.989247311827957,0.9096774193548387,0.6865671641791045,0.8105726872246696,0.9229390681003584
chb01,1,fact_grouped,1,5,chb01_21.edf,1675,558,35,88,7,458,5,0.9966701352757543,0.946236559139785,0.946236559139785,0.9849462365591398,0.9263157894736842,0.9361702127659575,0.978494623655914
chb01,1,fact_h4,1,5,chb01_21.edf,1675,558,61,89,5,460,4,0.9971788646086253,0.9456521739130435,0.956989247311828,0.989247311827957,0.9468085106382979,0.9518716577540107,0.9838709677419355
chb01,1,fact_h8,1,5,chb01_21.edf,1675,558,56,90,6,459,3,0.9977107180020812,0.9565217391304348,0.967741935483871,0.9870967741935484,0.9375,0.9523809523809523,0.9838709677419355
chb01,1,fact_h16,1,5,chb01_21.edf,1675,558,56,90,6,459,3,0.9978494623655914,0.9621621621621622,0.967741935483871,0.9870967741935484,0.9375,0.9523809523809523,0.9838709677419355
chb01,1,fact_hcmax,1,5,chb01_21.edf,1675,558,97,89,13,452,4,0.995213319458897,0.9411764705882353,0.956989247311828,0.9720430107526882,0.8725490196078431,0.9128205128205128,0.9695340501792115
chb01,1,fact_mix,1,5,chb01_21.edf,1675,558,67,89,20,445,4,0.9949358307318765,0.9326424870466321,0.956989247311828,0.956989247311828,0.8165137614678899,0.8811881188118812,0.956989247311828
chb01,1,h1,2,5,chb01_15.edf;chb01_16.edf,1684,546,59,90,47,408,1,0.990218572636155,0.7894736842105263,0.989010989010989,0.8967032967032967,0.656934306569343,0.7894736842105263,0.9120879120879121
chb01,1,grouped,2,5,chb01_15.edf;chb01_16.edf,1684,546,17,79,22,433,12,0.9826107957976089,0.2754491017964072,0.8681318681318682,0.9516483516483516,0.7821782178217822,0.8229166666666666,0.9377289377289377
chb01,1,fact_grouped,2,5,chb01_15.edf;chb01_16.edf,1684,546,70,91,35,420,0,0.9966429175220384,0.7346938775510204,1.0,0.9230769230769231,0.7222222222222222,0.8387096774193549,0.9358974358974359
chb01,1,fact_h4,2,5,chb01_15.edf;chb01_16.edf,1684,546,21,90,59,396,1,0.9904117860161816,0.8018018018018018,0.989010989010989,0.8703296703296703,0.6040268456375839,0.75,0.8901098901098901
chb01,1,fact_h8,2,5,chb01_15.edf;chb01_16.edf,1684,546,21,90,76,379,1,0.9889143823209757,0.8071748878923767,0.989010989010989,0.832967032967033,0.5421686746987951,0.7003891050583657,0.8589743589743589
chb01,1,fact_h16,2,5,chb01_15.edf;chb01_16.edf,1684,546,21,90,66,389,1,0.989614780823572,0.8181818181818182,0.989010989010989,0.8549450549450549,0.5769230769230769,0.728744939271255,0.8772893772893773
chb01,1,fact_hcmax,2,5,chb01_15.edf;chb01_16.edf,1684,546,21,89,37,418,2,0.994348508634223,0.7606837606837606,0.978021978021978,0.9186813186813186,0.7063492063492064,0.8202764976958525,0.9285714285714286
chb01,1,fact_mix,2,5,chb01_15.edf;chb01_16.edf,1684,546,85,90,24,431,1,0.9982369279072576,0.7725321888412017,0.989010989010989,0.9472527472527472,0.7894736842105263,0.8780487804878049,0.9542124542124543
chb01,1,h1,3,5,chb01_04.edf;chb01_18.edf,1560,702,74,113,4,581,4,0.9991526042808094,0.9658119658119658,0.9658119658119658,0.9931623931623932,0.9658119658119658,0.9658119658119658,0.9886039886039886
chb01,1,grouped,3,5,chb01_04.edf;chb01_18.edf,1560,702,17,112,5,580,5,0.9960698370954781,0.0,0.9572649572649573,0.9914529914529915,0.9572649572649573,0.9572649572649573,0.9857549857549858
chb01,1,fact_grouped,3,5,chb01_04.edf;chb01_18.edf,1560,702,92,112,5,580,5,0.9988750091314194,0.9652173913043478,0.9572649572649573,0.9914529914529915,0.9572649572649573,0.9572649572649573,0.9857549857549858
chb01,1,fact_h4,3,5,chb01_04.edf;chb01_18.edf,1560,702,99,113,5,580,4,0.9991526042808094,0.9702127659574468,0.9658119658119658,0.9914529914529915,0.9576271186440678,0.9617021276595744,0.9871794871794872
chb01,1,fact_h8,3,5,chb01_04.edf;chb01_18.edf,1560,702,99,114,5,580,3,0.9992110453648915,0.9745762711864406,0.9743589743589743,0.9914529914529915,0.957983193277311,0.9661016949152542,0.9886039886039886
chb01,1,fact_h16,3,5,chb01_04.edf;chb01_18.edf,1560,702,97,115,5,580,2,0.9992402659069326,0.9702127659574468,0.9829059829059829,0.9914529914529915,0.9583333333333334,0.9704641350210971,0.99002849002849
chb01,1,fact_hcmax,3,5,chb01_04.edf;chb01_18.edf,1560,702,92,109,2,583,8,0.9977354079918181,0.8720379146919431,0.9316239316239316,0.9965811965811966,0.9819819819819819,0.956140350877193,0.9857549857549858
chb01,1,fact_mix,3,5,chb01_04.edf;chb01_18.edf,1560,702,87,112,5,580,5,0.998144495580393,0.9210526315789473,0.9572649572649573,0.9914529914529915,0.9572649572649573,0.9572649572649573,0.9857549857549858
chb01,1,h1,4,5,chb01_26.edf,1636,606,32,96,18,487,5,0.9952553671208705,0.8930232558139535,0.9504950495049505,0.9643564356435643,0.8421052631578947,0.8930232558139535,0.9620462046204621
chb01,1,grouped,4,5,chb01_26.edf,1636,606,19,98,28,477,3,0.9897461033232036,0.20155038759689922,0.9702970297029703,0.9445544554455445,0.7777777777777778,0.8634361233480177,0.9488448844884488
chb01,1,fact_grouped,4,5,chb01_26.edf,1636,606,98,99,16,489,2,0.9964513283011469,0.8608695652173913,0.9801980198019802,0.9683168316831683,0.8608695652173913,0.9166666666666666,0.9702970297029703
chb01,1,fact_h4,4,5,chb01_26.edf,1636,606,73,98,17,488,3,0.9959415743554554,0.9014084507042254,0.9702970297029703,0.9663366336633663,0.8521739130434782,0.9074074074074074,0.966996699669967
chb01,1,fact_h8,4,5,chb01_26.edf,1636,606,73,96,17,488,5,0.9959219684344672,0.9090909090909091,0.9504950495049505,0.9663366336633663,0.8495575221238938,0.897196261682243,0.9636963696369637
chb01,1,fact_h16,4,5,chb01_26.edf,1636,606,73,97,17,488,4,0.9959023625134791,0.9134615384615384,0.9603960396039604,0.9663366336633663,0.8508771929824561,0.9023255813953488,0.9653465346534653
chb01,1,fact_hcmax,4,5,chb01_26.edf,1636,606,69,99,18,487,2,0.9956670914616215,0.8810572687224669,0.9801980198019802,0.9643564356435643,0.8461538461538461,0.908256880733945,0.966996699669967
chb01,1,fact_mix,4,5,chb01_26.edf,1636,606,83,99,18,487,2,0.9955298500147044,0.8178137651821862,0.9801980198019802,0.9643564356435643,0.8461538461538461,0.908256880733945,0.966996699669967
chb02,1,h1,0,3,chb02_16+.edf,436,486,52,75,9,396,6,0.9935680536503582,0.9090909090909091,0.9259259259259259,0.9777777777777777,0.8928571428571429,0.9090909090909091,0.9691358024691358
chb02,1,grouped,0,3,chb02_16+.edf,436,486,13,67,14,391,14,0.9831732967535437,0.48366013071895425,0.8271604938271605,0.9654320987654321,0.8271604938271605,0.8271604938271605,0.9423868312757202
chb02,1,fact_grouped,0,3,chb02_16+.edf,436,486,64,75,8,397,6,0.9942081999695168,0.9090909090909091,0.9259259259259259,0.980246913580247,0.9036144578313253,0.9146341463414634,0.9711934156378601
chb02,1,fact_h4,0,3,chb02_16+.edf,436,486,43,75,7,398,6,0.9947264136564548,0.9146341463414634,0.9259259259259259,0.9827160493827161,0.9146341463414634,0.9202453987730062,0.9732510288065843
chb02,1,fact_h8,0,3,chb02_16+.edf,436,486,43,74,8,397,7,0.9938424020728548,0.9146341463414634,0.9135802469135802,0.980246913580247,0.9024390243902439,0.9079754601226994,0.9691358024691358
chb02,1,fact_h16,0,3,chb02_16+.edf,436,486,43,75,9,396,6,0.9945130315500685,0.9146341463414634,0.9259259259259259,0.9777777777777777,0.8928571428571429,0.9090909090909091,0.9691358024691358
chb02,1,fact_hcmax,0,3,chb02_16+.edf,436,486,86,75,6,399,6,0.9951836610272825,0.9375,0.9259259259259259,0.9851851851851852,0.9259259259259259,0.9259259259259259,0.9753086419753086
chb02,1,fact_mix,0,3,chb02_16+.edf,436,486,63,75,5,400,6,0.9951531778692273,0.9375,0.9259259259259259,0.9876543209876543,0.9375,0.9316770186335404,0.977366255144033
chb02,1,h1,1,3,chb02_16.edf,432,492,71,81,9,401,1,0.9983938132064247,0.9418604651162791,0.9878048780487805,0.9780487804878049,0.9,0.9418604651162791,0.9796747967479674
chb02,1,grouped,1,3,chb02_16.edf,432,492,27,69,22,388,13,0.9567221891731112,0.17341040462427745,0.8414634146341463,0.9463414634146341,0.7582417582417582,0.7976878612716763,0.9288617886178862
chb02,1,fact_grouped,1,3,chb02_16.edf,432,492,83,78,2,408,4,0.9989886972040452,0.9433962264150944,0.9512195121951219,0.9951219512195122,0.975,0.9629629629629629,0.9878048780487805
chb02,1,fact_h4,1,3,chb02_16.edf,432,492,83,78,4,406,4,0.998780487804878,0.9375,0.9512195121951219,0.9902439024390244,0.9512195121951219,0.9512195121951219,0.983739837398374
chb02,1,fact_h8,1,3,chb02_16.edf,432,492,96,78,2,408,4,0.9980666270077334,0.9433962264150944,0.9512195121951219,0.9951219512195122,0.975,0.9629629629629629,0.9878048780487805
chb02,1,fact_h16,1,3,chb02_16.edf,432,492,85,79,3,407,3,0.9984235574063057,0.9308176100628931,0.9634146341463414,0.9926829268292683,0.9634146341463414,0.9634146341463414,0.9878048780487805
chb02,1,fact_hcmax,1,3,chb02_16.edf,432,492,96,78,2,408,4,0.9989589530041642,0.9419354838709677,0.9512195121951219,0.9951219512195122,0.975,0.9629629629629629,0.9878048780487805
chb02,1,fact_mix,1,3,chb02_16.edf,432,492,89,79,3,407,3,0.9978286734086853,0.9066666666666666,0.9634146341463414,0.9926829268292683,0.9634146341463414,0.9634146341463414,0.9878048780487805
chb02,1,h1,2,3,chb02_19.edf,782,54,74,8,0,45,1,0.9432098765432099,0.9411764705882353,0.8888888888888888,1.0,1.0,0.9411764705882353,0.9814814814814815
chb02,1,grouped,2,3,chb02_19.edf,782,54,29,8,12,33,1,0.8716049382716049,0.21052631578947367,0.8888888888888888,0.7333333333333333,0.4,0.5517241379310345,0.7592592592592593
chb02,1,fact_grouped,2,3,chb02_19.edf,782,54,97,8,0,45,1,0.9851851851851852,0.9411764705882353,0.8888888888888888,1.0,1.0,0.9411764705882353,0.9814814814814815
chb02,1,fact_h4,2,3,chb02_19.edf,782,54,97,8,0,45,1,0.9481481481481482,0.9411764705882353,0.8888888888888888,1.0,1.0,0.9411764705882353,0.9814814814814815
chb02,1,fact_h8,2,3,chb02_19.edf,782,54,19,8,0,45,1,0.9432098765432099,0.9411764705882353,0.8888888888888888,1.0,1.0,0.9411764705882353,0.9814814814814815
chb02,1,fact_h16,2,3,chb02_19.edf,782,54,99,8,0,45,1,0.9506172839506173,0.9411764705882353,0.8888888888888888,1.0,1.0,0.9411764705882353,0.9814814814814815
chb02,1,fact_hcmax,2,3,chb02_19.edf,782,54,87,8,0,45,1,0.9851851851851852,0.9411764705882353,0.8888888888888888,1.0,1.0,0.9411764705882353,0.9814814814814815
chb02,1,fact_mix,2,3,chb02_19.edf,782,54,98,8,0,45,1,0.9876543209876543,0.9411764705882353,0.8888888888888888,1.0,1.0,0.9411764705882353,0.9814814814814815
chb01,3,h1,0,5,chb01_03.edf,638,78,55,12,0,65,1,0.9846153846153847,0.96,0.9230769230769231,1.0,1.0,0.96,0.9871794871794872
chb01,3,grouped,0,5,chb01_03.edf,638,78,79,12,0,65,1,1.0,0.23529411764705882,0.9230769230769231,1.0,1.0,0.96,0.9871794871794872
chb01,3,fact_grouped,0,5,chb01_03.edf,638,78,80,12,0,65,1,0.9893491124260356,0.96,0.9230769230769231,1.0,1.0,0.96,0.9871794871794872
chb01,3,fact_h4,0,5,chb01_03.edf,638,78,55,12,0,65,1,0.9846153846153847,0.96,0.9230769230769231,1.0,1.0,0.96,0.9871794871794872
chb01,3,fact_h8,0,5,chb01_03.edf,638,78,69,12,0,65,1,0.9857988165680474,0.96,0.9230769230769231,1.0,1.0,0.96,0.9871794871794872
chb01,3,fact_h16,0,5,chb01_03.edf,638,78,76,12,0,65,1,0.98698224852071,0.96,0.9230769230769231,1.0,1.0,0.96,0.9871794871794872
chb01,3,fact_hcmax,0,5,chb01_03.edf,638,78,55,12,0,65,1,0.9881656804733727,0.96,0.9230769230769231,1.0,1.0,0.96,0.9871794871794872
chb01,3,fact_mix,0,5,chb01_03.edf,638,78,48,12,0,65,1,0.9905325443786982,0.96,0.9230769230769231,1.0,1.0,0.96,0.9871794871794872
chb01,3,h1,1,5,chb01_21.edf,552,186,35,30,1,154,1,0.9987513007284079,0.967741935483871,0.967741935483871,0.9935483870967742,0.967741935483871,0.967741935483871,0.989247311827957
chb01,3,grouped,1,5,chb01_21.edf,552,186,19,31,16,139,0,0.9900104058272633,0.16216216216216217,1.0,0.896774193548387,0.6595744680851063,0.7948717948717948,0.9139784946236559
chb01,3,fact_grouped,1,5,chb01_21.edf,552,186,73,31,1,154,0,0.9995837669094693,0.967741935483871,1.0,0.9935483870967742,0.96875,0.9841269841269841,0.9946236559139785
chb01,3,fact_h4,1,5,chb01_21.edf,552,186,68,30,1,154,1,0.9995837669094693,0.9508196721311475,0.967741935483871,0.9935483870967742,0.967741935483871,0.967741935483871,0.989247311827957
chb01,3,fact_h8,1,5,chb01_21.edf,552,186,44,29,1,154,2,0.9995837669094693,0.9508196721311475,0.9354838709677419,0.9935483870967742,0.9666666666666667,0.9508196721311475,0.9838709677419355
chb01,3,fact_h16,1,5,chb01_21.edf,552,186,44,30,1,154,1,0.9995837669094693,0.967741935483871,0.967741935483871,0.9935483870967742,0.967741935483871,0.967741935483871,0.989247311827957
chb01,3,fact_hcmax,1,5,chb01_21.edf,552,186,49,30,1,154,1,0.9995837669094693,0.967741935483871,0.967741935483871,0.9935483870967742,0.967741935483871,0.967741935483871,0.989247311827957
chb01,3,fact_mix,1,5,chb01_21.edf,552,186,96,31,1,154,0,0.9995837669094693,0.967741935483871,1.0,0.9935483870967742,0.96875,0.9841269841269841,0.9946236559139785
chb01,3,h1,2,5,chb01_26.edf,542,198,71,32,5,160,1,0.9977961432506887,0.9142857142857143,0.9696969696969697,0.9696969696969697,0.8648648648648649,0.9142857142857143,0.9696969696969697
chb01,3,grouped,2,5,chb01_26.edf,542,198,32,32,3,162,1,0.9987144168962351,0.25,0.9696969696969697,0.9818181818181818,0.9142857142857143,0.9411764705882353,0.9797979797979798
chb01,3,fact_grouped,2,5,chb01_26.edf,542,198,70,32,5,160,1,0.9983471074380165,0.9041095890410958,0.9696969696969697,0.9696969696969697,0.8648648648648649,0.9142857142857143,0.9696969696969697
chb01,3,fact_h4,2,5,chb01_26.edf,542,198,69,32,7,158,1,0.9981634527089072,0.9014084507042254,0.9696969696969697,0.9575757575757575,0.8205128205128205,0.8888888888888888,0.9595959595959596
chb01,3,fact_h8,2,5,chb01_26.edf,542,198,51,32,5,160,1,0.9983471074380165,0.927536231884058,0.9696969696969697,0.9696969696969697,0.8648648648648649,0.9142857142857143,0.9696969696969697
chb01,3,fact_h16,2,5,chb01_26.edf,542,198,69,32,6,159,1,0.9983471074380165,0.9142857142857143,0.9696969696969697,0.9636363636363636,0.8421052631578947,0.9014084507042254,0.9646464646464646
chb01,3,fact_hcmax,2,5,chb01_26.edf,542,198,69,32,6,159,1,0.9983471074380165,0.9041095890410958,0.9696969696969697,0.9636363636363636,0.8421052631578947,0.9014084507042254,0.9646464646464646
chb01,3,fact_mix,2,5,chb01_26.edf,542,198,52,32,5,160,1,0.9983471074380165,0.9014084507042254,0.9696969696969697,0.9696969696969697,0.8648648648648649,0.9142857142857143,0.9696969696969697
chb01,3,h1,3,5,chb01_15.edf;chb01_16.edf,556,180,85,29,5,145,1,0.9957777777777778,0.90625,0.9666666666666667,0.9666666666666667,0.8529411764705882,0.90625,0.9666666666666667
chb01,3,grouped,3,5,chb01_15.edf;chb01_16.edf,556,180,95,27,2,148,3,0.9933333333333334,0.0,0.9,0.9866666666666667,0.9310344827586207,0.9152542372881356,0.9722222222222222
chb01,3,fact_grouped,3,5,chb01_15.edf;chb01_16.edf,556,180,53,29,5,145,1,0.9957777777777779,0.8923076923076924,0.9666666666666667,0.9666666666666667,0.8529411764705882,0.90625,0.9666666666666667
chb01,3,fact_h4,3,5,chb01_15.edf;chb01_16.edf,556,180,48,30,18,132,0,0.9913333333333334,0.7894736842105263,1.0,0.88,0.625,0.7692307692307693,0.9
chb01,3,fact_h8,3,5,chb01_15.edf;chb01_16.edf,556,180,48,30,19,131,0,0.9906666666666667,0.8055555555555556,1.0,0.8733333333333333,0.6122448979591837,0.759493670886076,0.8944444444444445
chb01,3,fact_h16,3,5,chb01_15.edf;chb01_16.edf,556,180,48,30,19,131,0,0.9915555555555555,0.8405797101449275,1.0,0.8733333333333333,0.6122448979591837,0.759493670886076,0.8944444444444445
chb01,3,fact_hcmax,3,5,chb01_15.edf;chb01_16.edf,556,180,90,29,7,143,1,0.9948888888888889,0.8285714285714286,0.9666666666666667,0.9533333333333334,0.8055555555555556,0.8787878787878788,0.9555555555555556
chb01,3,fact_mix,3,5,chb01_15.edf;chb01_16.edf,556,180,50,29,6,144,1,0.996,0.8405797101449275,0.9666666666666667,0.96,0.8285714285714286,0.8923076923076924,0.9611111111111111
chb01,3,h1,4,5,chb01_04.edf;chb01_18.edf,513,234,55,38,1,194,1,0.9977646285338594,0.9743589743589743,0.9743589743589743,0.9948717948717949,0.9743589743589743,0.9743589743589743,0.9914529914529915
chb01,3,grouped,4,5,chb01_04.edf;chb01_18.edf,513,234,75,37,0,195,2,0.9982905982905983,0.05,0.9487179487179487,1.0,1.0,0.9736842105263158,0.9914529914529915
chb01,3,fact_grouped,4,5,chb01_04.edf;chb01_18.edf,513,234,99,37,2,193,2,0.9980276134122289,0.9743589743589743,0.9487179487179487,0.9897435897435898,0.9487179487179487,0.9487179487179487,0.9829059829059829
chb01,3,fact_h4,4,5,chb01_04.edf;chb01_18.edf,513,234,99,38,1,194,1,0.9998685075608152,0.9743589743589743,0.9743589743589743,0.9948717948717949,0.9743589743589743,0.9743589743589743,0.9914529914529915
chb01,3,fact_h8,4,5,chb01_04.edf;chb01_18.edf,513,234,77,38,0,195,1,0.9998685075608152,0.9743589743589743,0.9743589743589743,1.0,1.0,0.987012987012987,0.9957264957264957
chb01,3,fact_h16,4,5,chb01_04.edf;chb01_18.edf,513,234,56,39,1,194,0,1.0,0.9873417721518988,1.0,0.9948717948717949,0.975,0.9873417721518988,0.9957264957264957
chb01,3,fact_hcmax,4,5,chb01_04.edf;chb01_18.edf,513,234,53,38,3,192,1,0.9989480604865221,0.975,0.9743589743589743,0.9846153846153847,0.926829268292683,0.95,0.9829059829059829
chb01,3,fact_mix,4,5,chb01_04.edf;chb01_18.edf,513,234,95,37,2,193,2,0.9988165680473373,0.96,0.9487179487179487,0.9897435897435898,0.9487179487179487,0.9487179487179487,0.9829059829059829
chb02,3,h1,0,3,chb02_16+.edf,144,162,93,26,3,132,1,0.9978052126200274,0.9285714285714286,0.9629629629629629,0.9777777777777777,0.896551724137931,0.9285714285714286,0.9753086419753086
chb02,3,grouped,0,3,chb02_16+.edf,144,162,39,21,0,135,6,0.9975308641975308,0.47619047619047616,0.7777777777777778,1.0,1.0,0.875,0.9629629629629629
chb02,3,fact_grouped,0,3,chb02_16+.edf,144,162,97,26,3,132,1,0.9972565157750344,0.9259259259259259,0.9629629629629629,0.9777777777777777,0.896551724137931,0.9285714285714286,0.9753086419753086
chb02,3,fact_h4,0,3,chb02_16+.edf,144,162,98,25,6,129,2,0.9893004115226338,0.8333333333333334,0.9259259259259259,0.9555555555555556,0.8064516129032258,0.8620689655172413,0.9506172839506173
chb02,3,fact_h8,0,3,chb02_16+.edf,144,162,98,25,83,52,2,0.9484224965706447,0.42735042735042733,0.9259259259259259,0.3851851851851852,0.23148148148148148,0.37037037037037035,0.47530864197530864
chb02,3,fact_h16,0,3,chb02_16+.edf,144,162,80,25,91,44,2,0.9415637860082303,0.35714285714285715,0.9259259259259259,0.32592592592592595,0.21551724137931033,0.34965034965034963,0.42592592592592593
chb02,3,fact_hcmax,0,3,chb02_16+.edf,144,162,98,26,7,128,1,0.9895747599451303,0.7352941176470589,0.9629629629629629,0.9481481481481482,0.7878787878787878,0.8666666666666667,0.9506172839506173
chb02,3,fact_mix,0,3,chb02_16+.edf,144,162,99,26,2,133,1,0.9975308641975309,0.9259259259259259,0.9629629629629629,0.9851851851851852,0.9285714285714286,0.9454545454545454,0.9814814814814815
chb02,3,h1,1,3,chb02_16.edf,144,162,98,26,11,124,1,0.9818930041152263,0.8125,0.9629629629629629,0.9185185185185185,0.7027027027027027,0.8125,0.9259259259259259
chb02,3,grouped,1,3,chb02_16.edf,144,162,86,26,21,114,1,0.9838134430727024,0.23529411764705882,0.9629629629629629,0.8444444444444444,0.5531914893617021,0.7027027027027027,0.8641975308641975
chb02,3,fact_grouped,1,3,chb02_16.edf,144,162,79,27,17,118,0,0.9991769547325102,0.75,1.0,0.8740740740740741,0.6136363636363636,0.7605633802816901,0.8950617283950617
chb02,3,fact_h4,1,3,chb02_16.edf,144,162,75,27,5,130,0,0.9991769547325102,0.9473684210526315,1.0,0.9629629629629629,0.84375,0.9152542372881356,0.9691358024691358
chb02,3,fact_h8,1,3,chb02_16.edf,144,162,64,27,16,119,0,0.9989026063100137,0.8571428571428571,1.0,0.8814814814814815,0.627906976744186,0.7714285714285715,0.9012345679012346
chb02,3,fact_h16,1,3,chb02_16.edf,144,162,64,27,13,122,0,0.9989026063100137,0.8571428571428571,1.0,0.9037037037037037,0.675,0.8059701492537313,0.9197530864197531
chb02,3,fact_hcmax,1,3,chb02_16.edf,144,162,75,27,3,132,0,0.9991769547325102,0.9473684210526315,1.0,0.9777777777777777,0.9,0.9473684210526315,0.9814814814814815
chb02,3,fact_mix,1,3,chb02_16.edf,144,162,97,26,9,126,1,0.9912208504801097,0.8387096774193549,0.9629629629629629,0.9333333333333333,0.7428571428571429,0.8387096774193549,0.9382716049382716
chb02,3,h1,2,3,chb02_19.edf,259,18,60,2,0,15,1,1.0,0.8,0.6666666666666666,1.0,1.0,0.8,0.9444444444444444
chb02,3,grouped,2,3,chb02_19.edf,259,18,99,3,0,15,0,1.0,0.2857142857142857,1.0,1.0,1.0,1.0,1.0
chb02,3,fact_grouped,2,3,chb02_19.edf,259,18,71,3,0,15,0,1.0,0.8,1.0,1.0,1.0,1.0,1.0
chb02,3,fact_h4,2,3,chb02_19.edf,259,18,60,3,0,15,0,1.0,1.0,1.0,1.0,1.0,1.0,1.0
chb02,3,fact_h8,2,3,chb02_19.edf,259,18,94,3,0,15,0,1.0,1.0,1.0,1.0,1.0,1.0,1.0
chb02,3,fact_h16,2,3,chb02_19.edf,259,18,86,3,0,15,0,1.0,1.0,1.0,1.0,1.0,1.0,1.0
chb02,3,fact_hcmax,2,3,chb02_19.edf,259,18,60,3,0,15,0,1.0,1.0,1.0,1.0,1.0,1.0,1.0
chb02,3,fact_mix,2,3,chb02_19.edf,259,18,55,2,0,15,1,1.0,0.8,0.6666666666666666,1.0,1.0,0.8,0.9444444444444444
chb01,5,h1,0,5,chb01_03.edf,379,48,76,7,1,39,1,0.9875,0.875,0.875,0.975,0.875,0.875,0.9583333333333334
chb01,5,grouped,0,5,chb01_03.edf,379,48,81,8,1,39,0,0.996875,0.2222222222222222,1.0,0.975,0.8888888888888888,0.9411764705882353,0.9791666666666666
chb01,5,fact_grouped,0,5,chb01_03.edf,379,48,93,7,1,39,1,0.990625,0.875,0.875,0.975,0.875,0.875,0.9583333333333334
chb01,5,fact_h4,0,5,chb01_03.edf,379,48,67,7,1,39,1,0.990625,0.875,0.875,0.975,0.875,0.875,0.9583333333333334
chb01,5,fact_h8,0,5,chb01_03.edf,379,48,66,7,1,39,1,0.9875,0.875,0.875,0.975,0.875,0.875,0.9583333333333334
chb01,5,fact_h16,0,5,chb01_03.edf,379,48,66,7,1,39,1,0.9875,0.875,0.875,0.975,0.875,0.875,0.9583333333333334
chb01,5,fact_hcmax,0,5,chb01_03.edf,379,48,97,7,1,39,1,0.99375,0.875,0.875,0.975,0.875,0.875,0.9583333333333334
chb01,5,fact_mix,0,5,chb01_03.edf,379,48,54,7,1,39,1,0.996875,0.875,0.875,0.975,0.875,0.875,0.9583333333333334
chb01,5,h1,1,5,chb01_21.edf,331,108,79,16,0,90,2,1.0,0.9411764705882353,0.8888888888888888,1.0,1.0,0.9411764705882353,0.9814814814814815
chb01,5,grouped,1,5,chb01_21.edf,331,108,40,18,4,86,0,0.9981481481481481,0.09523809523809523,1.0,0.9555555555555556,0.8181818181818182,0.9,0.9629629629629629
chb01,5,fact_grouped,1,5,chb01_21.edf,331,108,87,17,0,90,1,1.0,0.9714285714285714,0.9444444444444444,1.0,1.0,0.9714285714285714,0.9907407407407407
chb01,5,fact_h4,1,5,chb01_21.edf,331,108,60,17,0,90,1,1.0,0.9714285714285714,0.9444444444444444,1.0,1.0,0.9714285714285714,0.9907407407407407
chb01,5,fact_h8,1,5,chb01_21.edf,331,108,60,16,0,90,2,1.0,0.9411764705882353,0.8888888888888888,1.0,1.0,0.9411764705882353,0.9814814814814815
chb01,5,fact_h16,1,5,chb01_21.edf,331,108,60,16,0,90,2,1.0,0.9411764705882353,0.8888888888888888,1.0,1.0,0.9411764705882353,0.9814814814814815
chb01,5,fact_hcmax,1,5,chb01_21.edf,331,108,50,17,0,90,1,1.0,0.9714285714285714,0.9444444444444444,1.0,1.0,0.9714285714285714,0.9907407407407407
chb01,5,fact_mix,1,5,chb01_21.edf,331,108,42,16,0,90,2,1.0,0.9411764705882353,0.8888888888888888,1.0,1.0,0.9411764705882353,0.9814814814814815
chb01,5,h1,2,5,chb01_26.edf,321,120,99,19,2,98,1,0.999,0.926829268292683,0.95,0.98,0.9047619047619048,0.926829268292683,0.975
chb01,5,grouped,2,5,chb01_26.edf,321,120,80,19,2,98,1,0.9964999999999999,0.18181818181818182,0.95,0.98,0.9047619047619048,0.926829268292683,0.975
chb01,5,fact_grouped,2,5,chb01_26.edf,321,120,82,19,0,100,1,1.0,0.9743589743589743,0.95,1.0,1.0,0.9743589743589743,0.9916666666666667
chb01,5,fact_h4,2,5,chb01_26.edf,321,120,58,20,0,100,0,1.0,0.9743589743589743,1.0,1.0,1.0,1.0,1.0
chb01,5,fact_h8,2,5,chb01_26.edf,321,120,56,20,1,99,0,1.0,0.9743589743589743,1.0,0.99,0.9523809523809523,0.975609756097561,0.9916666666666667
chb01,5,fact_h16,2,5,chb01_26.edf,321,120,56,20,1,99,0,1.0,0.9743589743589743,1.0,0.99,0.9523809523809523,0.975609756097561,0.9916666666666667
chb01,5,fact_hcmax,2,5,chb01_26.edf,321,120,58,20,3,97,0,0.9994999999999999,0.9302325581395349,1.0,0.97,0.8695652173913043,0.9302325581395349,0.975
chb01,5,fact_mix,2,5,chb01_26.edf,321,120,70,19,1,99,1,0.9994999999999999,0.9523809523809523,0.95,0.99,0.95,0.95,0.9833333333333333
chb01,5,h1,3,5,chb01_15.edf;chb01_16.edf,331,108,90,18,27,63,0,0.9987654320987654,0.5714285714285714,1.0,0.7,0.4,0.5714285714285714,0.75
chb01,5,grouped,3,5,chb01_15.edf;chb01_16.edf,331,108,34,18,1,89,0,0.9969135802469136,0.10526315789473684,1.0,0.9888888888888889,0.9473684210526315,0.972972972972973,0.9907407407407407
chb01,5,fact_grouped,3,5,chb01_15.edf;chb01_16.edf,331,108,57,18,36,54,0,0.9962962962962962,0.4931506849315068,1.0,0.6,0.3333333333333333,0.5,0.6666666666666666
chb01,5,fact_h4,3,5,chb01_15.edf;chb01_16.edf,331,108,80,18,33,57,0,0.9962962962962963,0.5454545454545454,1.0,0.6333333333333333,0.35294117647058826,0.5217391304347826,0.6944444444444444
chb01,5,fact_h8,3,5,chb01_15.edf;chb01_16.edf,331,108,80,18,33,57,0,0.9944444444444445,0.5806451612903226,1.0,0.6333333333333333,0.35294117647058826,0.5217391304347826,0.6944444444444444
chb01,5,fact_h16,3,5,chb01_15.edf;chb01_16.edf,331,108,80,18,34,56,0,0.9962962962962963,0.5714285714285714,1.0,0.6222222222222222,0.34615384615384615,0.5142857142857142,0.6851851851851852
chb01,5,fact_hcmax,3,5,chb01_15.edf;chb01_16.edf,331,108,78,18,35,55,0,0.9993827160493828,0.5070422535211268,1.0,0.6111111111111112,0.33962264150943394,0.5070422535211268,0.6759259259259259
chb01,5,fact_mix,3,5,chb01_15.edf;chb01_16.edf,331,108,70,18,25,65,0,0.9987654320987654,0.5625,1.0,0.7222222222222222,0.4186046511627907,0.5901639344262295,0.7685185185185185
chb01,5,h1,4,5,chb01_04.edf;chb01_18.edf,307,138,82,22,0,115,1,1.0,0.9777777777777777,0.9565217391304348,1.0,1.0,0.9777777777777777,0.9927536231884058
chb01,5,grouped,4,5,chb01_04.edf;chb01_18.edf,307,138,31,23,3,112,0,0.9996219281663516,0.0,1.0,0.9739130434782609,0.8846153846153846,0.9387755102040817,0.9782608695652174
chb01,5,fact_grouped,4,5,chb01_04.edf;chb01_18.edf,307,138,94,22,0,115,1,1.0,0.9777777777777777,0.9565217391304348,1.0,1.0,0.9777777777777777,0.9927536231884058
chb01,5,fact_h4,4,5,chb01_04.edf;chb01_18.edf,307,138,74,22,0,115,1,1.0,0.9777777777777777,0.9565217391304348,1.0,1.0,0.9777777777777777,0.9927536231884058
chb01,5,fact_h8,4,5,chb01_04.edf;chb01_18.edf,307,138,96,22,0,115,1,1.0,0.9777777777777777,0.9565217391304348,1.0,1.0,0.9777777777777777,0.9927536231884058
chb01,5,fact_h16,4,5,chb01_04.edf;chb01_18.edf,307,138,95,22,0,115,1,1.0,0.9777777777777777,0.9565217391304348,1.0,1.0,0.9777777777777777,0.9927536231884058
chb01,5,fact_hcmax,4,5,chb01_04.edf;chb01_18.edf,307,138,57,22,0,115,1,1.0,1.0,0.9565217391304348,1.0,1.0,0.9777777777777777,0.9927536231884058
chb01,5,fact_mix,4,5,chb01_04.edf;chb01_18.edf,307,138,36,22,0,115,1,1.0,1.0,0.9565217391304348,1.0,1.0,0.9777777777777777,0.9927536231884058
chb02,5,h1,0,3,chb02_16+.edf,81,96,97,15,24,56,1,0.9484375,0.5454545454545454,0.9375,0.7,0.38461538461538464,0.5454545454545454,0.7395833333333334
chb02,5,grouped,0,3,chb02_16+.edf,81,96,30,13,0,80,3,0.99609375,0.6875,0.8125,1.0,1.0,0.896551724137931,0.96875
chb02,5,fact_grouped,0,3,chb02_16+.edf,81,96,80,15,58,22,1,0.95078125,0.33707865168539325,0.9375,0.275,0.2054794520547945,0.33707865168539325,0.3854166666666667
chb02,5,fact_h4,0,3,chb02_16+.edf,81,96,93,15,58,22,1,0.953125,0.33707865168539325,0.9375,0.275,0.2054794520547945,0.33707865168539325,0.3854166666666667
chb02,5,fact_h8,0,3,chb02_16+.edf,81,96,94,15,58,22,1,0.95234375,0.33707865168539325,0.9375,0.275,0.2054794520547945,0.33707865168539325,0.3854166666666667
chb02,5,fact_h16,0,3,chb02_16+.edf,81,96,93,15,58,22,1,0.953125,0.33707865168539325,0.9375,0.275,0.2054794520547945,0.33707865168539325,0.3854166666666667
chb02,5,fact_hcmax,0,3,chb02_16+.edf,81,96,94,15,58,22,1,0.953125,0.33707865168539325,0.9375,0.275,0.2054794520547945,0.33707865168539325,0.3854166666666667
chb02,5,fact_mix,0,3,chb02_16+.edf,81,96,92,15,2,78,1,0.99375,0.8823529411764706,0.9375,0.975,0.8823529411764706,0.9090909090909091,0.96875
chb02,5,h1,1,3,chb02_16.edf,81,96,98,16,51,29,0,0.9757812499999999,0.3855421686746988,1.0,0.3625,0.23880597014925373,0.3855421686746988,0.46875
chb02,5,grouped,1,3,chb02_16.edf,81,96,88,15,12,68,1,0.95390625,0.34146341463414637,0.9375,0.85,0.5555555555555556,0.6976744186046512,0.8645833333333334
chb02,5,fact_grouped,1,3,chb02_16.edf,81,96,99,16,11,69,0,0.99609375,0.7619047619047619,1.0,0.8625,0.5925925925925926,0.7441860465116279,0.8854166666666666
chb02,5,fact_h4,1,3,chb02_16.edf,81,96,97,16,11,69,0,0.99921875,0.7804878048780488,1.0,0.8625,0.5925925925925926,0.7441860465116279,0.8854166666666666
chb02,5,fact_h8,1,3,chb02_16.edf,81,96,97,16,12,68,0,0.99765625,0.7619047619047619,1.0,0.85,0.5714285714285714,0.7272727272727273,0.875
chb02,5,fact_h16,1,3,chb02_16.edf,81,96,97,16,12,68,0,0.99765625,0.7804878048780488,1.0,0.85,0.5714285714285714,0.7272727272727273,0.875
chb02,5,fact_hcmax,1,3,chb02_16.edf,81,96,97,16,12,68,0,0.9945312500000001,0.7619047619047619,1.0,0.85,0.5714285714285714,0.7272727272727273,0.875
chb02,5,fact_mix,1,3,chb02_16.edf,81,96,99,16,49,31,0,0.9914062499999999,0.41025641025641024,1.0,0.3875,0.24615384615384617,0.3950617283950617,0.4895833333333333
chb02,5,h1,2,3,chb02_19.edf,153,6,67,1,0,5,0,1.0,1.0,1.0,1.0,1.0,1.0,1.0
chb02,5,grouped,2,3,chb02_19.edf,153,6,47,1,1,4,0,1.0,0.0,1.0,0.8,0.5,0.6666666666666666,0.8333333333333334
chb02,5,fact_grouped,2,3,chb02_19.edf,153,6,55,1,0,5,0,1.0,1.0,1.0,1.0,1.0,1.0,1.0
chb02,5,fact_h4,2,3,chb02_19.edf,153,6,81,1,0,5,0,1.0,1.0,1.0,1.0,1.0,1.0,1.0
chb02,5,fact_h8,2,3,chb02_19.edf,153,6,81,1,0,5,0,1.0,1.0,1.0,1.0,1.0,1.0,1.0
chb02,5,fact_h16,2,3,chb02_19.edf,153,6,81,1,0,5,0,1.0,1.0,1.0,1.0,1.0,1.0,1.0
chb02,5,fact_hcmax,2,3,chb02_19.edf,153,6,58,1,0,5,0,1.0,1.0,1.0,1.0,1.0,1.0,1.0
chb02,5,fact_mix,2,3,chb02_19.edf,153,6,54,1,0,5,0,1.0,1.0,1.0,1.0,1.0,1.0,1.0
chb01,8,h1,0,5,chb01_03.edf,230,30,96,5,1,24,0,1.0,0.9090909090909091,1.0,0.96,0.8333333333333334,0.9090909090909091,0.9666666666666667
chb01,8,grouped,0,5,chb01_03.edf,230,30,27,5,0,25,0,1.0,0.0,1.0,1.0,1.0,1.0,1.0
chb01,8,fact_grouped,0,5,chb01_03.edf,230,30,89,5,0,25,0,1.0,0.9090909090909091,1.0,1.0,1.0,1.0,1.0
chb01,8,fact_h4,0,5,chb01_03.edf,230,30,84,5,0,25,0,1.0,1.0,1.0,1.0,1.0,1.0,1.0
chb01,8,fact_h8,0,5,chb01_03.edf,230,30,92,5,1,24,0,1.0,1.0,1.0,0.96,0.8333333333333334,0.9090909090909091,0.9666666666666667
chb01,8,fact_h16,0,5,chb01_03.edf,230,30,91,5,0,25,0,1.0,1.0,1.0,1.0,1.0,1.0,1.0
chb01,8,fact_hcmax,0,5,chb01_03.edf,230,30,90,5,0,25,0,1.0,0.9090909090909091,1.0,1.0,1.0,1.0,1.0
chb01,8,fact_mix,0,5,chb01_03.edf,230,30,93,5,0,25,0,1.0,1.0,1.0,1.0,1.0,1.0,1.0
chb01,8,h1,1,5,chb01_21.edf,201,66,85,11,0,55,0,1.0,1.0,1.0,1.0,1.0,1.0,1.0
chb01,8,grouped,1,5,chb01_21.edf,201,66,60,11,2,53,0,1.0,0.0,1.0,0.9636363636363636,0.8461538461538461,0.9166666666666666,0.9696969696969697
chb01,8,fact_grouped,1,5,chb01_21.edf,201,66,59,11,0,55,0,1.0,1.0,1.0,1.0,1.0,1.0,1.0
chb01,8,fact_h4,1,5,chb01_21.edf,201,66,84,11,0,55,0,1.0,1.0,1.0,1.0,1.0,1.0,1.0
chb01,8,fact_h8,1,5,chb01_21.edf,201,66,84,11,0,55,0,1.0,1.0,1.0,1.0,1.0,1.0,1.0
chb01,8,fact_h16,1,5,chb01_21.edf,201,66,84,11,0,55,0,1.0,1.0,1.0,1.0,1.0,1.0,1.0
chb01,8,fact_hcmax,1,5,chb01_21.edf,201,66,87,11,0,55,0,1.0,1.0,1.0,1.0,1.0,1.0,1.0
chb01,8,fact_mix,1,5,chb01_21.edf,201,66,94,11,0,55,0,1.0,1.0,1.0,1.0,1.0,1.0,1.0
chb01,8,h1,2,5,chb01_26.edf,196,72,98,12,0,60,0,1.0,1.0,1.0,1.0,1.0,1.0,1.0
chb01,8,grouped,2,5,chb01_26.edf,196,72,99,12,0,60,0,1.0,0.15384615384615385,1.0,1.0,1.0,1.0,1.0
chb01,8,fact_grouped,2,5,chb01_26.edf,196,72,98,12,0,60,0,1.0,1.0,1.0,1.0,1.0,1.0,1.0
chb01,8,fact_h4,2,5,chb01_26.edf,196,72,96,12,1,59,0,1.0,0.96,1.0,0.9833333333333333,0.9230769230769231,0.96,0.9861111111111112
chb01,8,fact_h8,2,5,chb01_26.edf,196,72,95,12,2,58,0,1.0,0.96,1.0,0.9666666666666667,0.8571428571428571,0.9230769230769231,0.9722222222222222
chb01,8,fact_h16,2,5,chb01_26.edf,196,72,95,12,1,59,0,1.0,0.96,1.0,0.9833333333333333,0.9230769230769231,0.96,0.9861111111111112
chb01,8,fact_hcmax,2,5,chb01_26.edf,196,72,99,12,0,60,0,1.0,0.96,1.0,1.0,1.0,1.0,1.0
chb01,8,fact_mix,2,5,chb01_26.edf,196,72,99,12,1,59,0,1.0,0.96,1.0,0.9833333333333333,0.9230769230769231,0.96,0.9861111111111112
chb01,8,h1,3,5,chb01_15.edf;chb01_16.edf,201,66,84,11,22,33,0,1.0,0.5,1.0,0.6,0.3333333333333333,0.5,0.6666666666666666
chb01,8,grouped,3,5,chb01_15.edf;chb01_16.edf,201,66,81,10,0,55,1,0.9983471074380165,0.0,0.9090909090909091,1.0,1.0,0.9523809523809523,0.9848484848484849
chb01,8,fact_grouped,3,5,chb01_15.edf;chb01_16.edf,201,66,99,11,16,39,0,1.0,0.5641025641025641,1.0,0.7090909090909091,0.4074074074074074,0.5789473684210527,0.7575757575757576
chb01,8,fact_h4,3,5,chb01_15.edf;chb01_16.edf,201,66,95,11,23,32,0,1.0,0.55,1.0,0.5818181818181818,0.3235294117647059,0.4888888888888889,0.6515151515151515
chb01,8,fact_h8,3,5,chb01_15.edf;chb01_16.edf,201,66,84,11,26,29,0,0.9983471074380165,0.5116279069767442,1.0,0.5272727272727272,0.2972972972972973,0.4583333333333333,0.6060606060606061
chb01,8,fact_h16,3,5,chb01_15.edf;chb01_16.edf,201,66,80,11,26,29,0,1.0,0.5238095238095238,1.0,0.5272727272727272,0.2972972972972973,0.4583333333333333,0.6060606060606061
chb01,8,fact_hcmax,3,5,chb01_15.edf;chb01_16.edf,201,66,98,11,14,41,0,1.0,0.5945945945945946,1.0,0.7454545454545455,0.44,0.6111111111111112,0.7878787878787878
chb01,8,fact_mix,3,5,chb01_15.edf;chb01_16.edf,201,66,93,11,19,36,0,1.0,0.5116279069767442,1.0,0.6545454545454545,0.36666666666666664,0.5365853658536586,0.7121212121212122
chb01,8,h1,4,5,chb01_04.edf;chb01_18.edf,187,84,99,14,0,70,0,1.0,1.0,1.0,1.0,1.0,1.0,1.0
chb01,8,grouped,4,5,chb01_04.edf;chb01_18.edf,187,84,60,14,0,70,0,1.0,0.0,1.0,1.0,1.0,1.0,1.0
chb01,8,fact_grouped,4,5,chb01_04.edf;chb01_18.edf,187,84,96,14,0,70,0,1.0,1.0,1.0,1.0,1.0,1.0,1.0
chb01,8,fact_h4,4,5,chb01_04.edf;chb01_18.edf,187,84,97,14,0,70,0,1.0,1.0,1.0,1.0,1.0,1.0,1.0
chb01,8,fact_h8,4,5,chb01_04.edf;chb01_18.edf,187,84,97,14,0,70,0,1.0,1.0,1.0,1.0,1.0,1.0,1.0
chb01,8,fact_h16,4,5,chb01_04.edf;chb01_18.edf,187,84,97,14,0,70,0,1.0,1.0,1.0,1.0,1.0,1.0,1.0
chb01,8,fact_hcmax,4,5,chb01_04.edf;chb01_18.edf,187,84,94,14,0,70,0,1.0,1.0,1.0,1.0,1.0,1.0,1.0
chb01,8,fact_mix,4,5,chb01_04.edf;chb01_18.edf,187,84,99,14,0,70,0,1.0,1.0,1.0,1.0,1.0,1.0,1.0
chb02,8,h1,0,3,chb02_16+.edf,52,60,11,0,0,50,10,0.194,0.0,0.0,1.0,,0.0,0.8333333333333334
chb02,8,grouped,0,3,chb02_16+.edf,52,60,99,4,0,50,6,0.988,0.18181818181818182,0.4,1.0,1.0,0.5714285714285714,0.9
chb02,8,fact_grouped,0,3,chb02_16+.edf,52,60,98,9,2,48,1,0.924,0.8571428571428571,0.9,0.96,0.8181818181818182,0.8571428571428571,0.95
chb02,8,fact_h4,0,3,chb02_16+.edf,52,60,97,9,3,47,1,0.99,0.8181818181818182,0.9,0.94,0.75,0.8181818181818182,0.9333333333333333
chb02,8,fact_h8,0,3,chb02_16+.edf,52,60,97,9,3,47,1,0.95,0.8181818181818182,0.9,0.94,0.75,0.8181818181818182,0.9333333333333333
chb02,8,fact_h16,0,3,chb02_16+.edf,52,60,99,9,3,47,1,0.972,0.8181818181818182,0.9,0.94,0.75,0.8181818181818182,0.9333333333333333
chb02,8,fact_hcmax,0,3,chb02_16+.edf,52,60,99,9,3,47,1,0.994,0.8181818181818182,0.9,0.94,0.75,0.8181818181818182,0.9333333333333333
chb02,8,fact_mix,0,3,chb02_16+.edf,52,60,98,9,2,48,1,0.986,0.8571428571428571,0.9,0.96,0.8181818181818182,0.8571428571428571,0.95
chb02,8,h1,1,3,chb02_16.edf,52,60,99,10,38,12,0,0.974,0.3448275862068966,1.0,0.24,0.20833333333333334,0.3448275862068966,0.36666666666666664
chb02,8,grouped,1,3,chb02_16.edf,52,60,96,9,10,40,1,0.916,0.15384615384615385,0.9,0.8,0.47368421052631576,0.6206896551724138,0.8166666666666667
chb02,8,fact_grouped,1,3,chb02_16.edf,52,60,98,10,7,43,0,1.0,0.8,1.0,0.86,0.5882352941176471,0.7407407407407407,0.8833333333333333
chb02,8,fact_h4,1,3,chb02_16.edf,52,60,99,10,11,39,0,0.984,0.7142857142857143,1.0,0.78,0.47619047619047616,0.6451612903225806,0.8166666666666667
chb02,8,fact_h8,1,3,chb02_16.edf,52,60,99,10,9,41,0,0.986,0.7407407407407407,1.0,0.82,0.5263157894736842,0.6896551724137931,0.85
chb02,8,fact_h16,1,3,chb02_16.edf,52,60,99,10,9,41,0,0.986,0.7407407407407407,1.0,0.82,0.5263157894736842,0.6896551724137931,0.85
chb02,8,fact_hcmax,1,3,chb02_16.edf,52,60,99,10,8,42,0,0.986,0.7407407407407407,1.0,0.84,0.5555555555555556,0.7142857142857143,0.8666666666666667
chb02,8,fact_mix,1,3,chb02_16.edf,52,60,99,10,12,38,0,1.0,0.625,1.0,0.76,0.45454545454545453,0.625,0.8
chb02,8,h1,2,3,chb02_19.edf,96,6,96,1,0,5,0,1.0,1.0,1.0,1.0,1.0,1.0,1.0
chb02,8,grouped,2,3,chb02_19.edf,96,6,99,1,0,5,0,1.0,0.0,1.0,1.0,1.0,1.0,1.0
chb02,8,fact_grouped,2,3,chb02_19.edf,96,6,99,1,0,5,0,1.0,1.0,1.0,1.0,1.0,1.0,1.0
chb02,8,fact_h4,2,3,chb02_19.edf,96,6,90,1,0,5,0,1.0,1.0,1.0,1.0,1.0,1.0,1.0
chb02,8,fact_h8,2,3,chb02_19.edf,96,6,94,1,0,5,0,1.0,1.0,1.0,1.0,1.0,1.0,1.0
chb02,8,fact_h16,2,3,chb02_19.edf,96,6,94,1,0,5,0,1.0,1.0,1.0,1.0,1.0,1.0,1.0
chb02,8,fact_hcmax,2,3,chb02_19.edf,96,6,90,1,0,5,0,1.0,1.0,1.0,1.0,1.0,1.0,1.0
chb02,8,fact_mix,2,3,chb02_19.edf,96,6,99,1,0,5,0,1.0,1.0,1.0,1.0,1.0,1.0,1.0
chb01,10,h1,0,5,chb01_21.edf,163,54,89,9,1,44,0,1.0,0.9473684210526315,1.0,0.9777777777777777,0.9,0.9473684210526315,0.9814814814814815
chb01,10,grouped,0,5,chb01_21.edf,163,54,95,9,0,45,0,1.0,0.0,1.0,1.0,1.0,1.0,1.0
chb01,10,fact_grouped,0,5,chb01_21.edf,163,54,98,9,0,45,0,1.0,1.0,1.0,1.0,1.0,1.0,1.0
chb01,10,fact_h4,0,5,chb01_21.edf,163,54,89,9,0,45,0,1.0,1.0,1.0,1.0,1.0,1.0,1.0
chb01,10,fact_h8,0,5,chb01_21.edf,163,54,88,9,0,45,0,1.0,1.0,1.0,1.0,1.0,1.0,1.0
chb01,10,fact_h16,0,5,chb01_21.edf,163,54,91,9,0,45,0,1.0,1.0,1.0,1.0,1.0,1.0,1.0
chb01,10,fact_hcmax,0,5,chb01_21.edf,163,54,63,9,1,44,0,1.0,0.9473684210526315,1.0,0.9777777777777777,0.9,0.9473684210526315,0.9814814814814815
chb01,10,fact_mix,0,5,chb01_21.edf,163,54,90,9,0,45,0,1.0,1.0,1.0,1.0,1.0,1.0,1.0
chb01,10,h1,1,5,chb01_26.edf,158,60,99,10,0,50,0,1.0,1.0,1.0,1.0,1.0,1.0,1.0
chb01,10,grouped,1,5,chb01_26.edf,158,60,96,10,1,49,0,0.998,0.0,1.0,0.98,0.9090909090909091,0.9523809523809523,0.9833333333333333
chb01,10,fact_grouped,1,5,chb01_26.edf,158,60,99,10,0,50,0,1.0,1.0,1.0,1.0,1.0,1.0,1.0
chb01,10,fact_h4,1,5,chb01_26.edf,158,60,93,10,0,50,0,1.0,1.0,1.0,1.0,1.0,1.0,1.0
chb01,10,fact_h8,1,5,chb01_26.edf,158,60,93,10,0,50,0,1.0,0.9473684210526315,1.0,1.0,1.0,1.0,1.0
chb01,10,fact_h16,1,5,chb01_26.edf,158,60,94,10,0,50,0,1.0,0.9473684210526315,1.0,1.0,1.0,1.0,1.0
chb01,10,fact_hcmax,1,5,chb01_26.edf,158,60,99,10,0,50,0,1.0,0.9473684210526315,1.0,1.0,1.0,1.0,1.0
chb01,10,fact_mix,1,5,chb01_26.edf,158,60,80,10,0,50,0,1.0,1.0,1.0,1.0,1.0,1.0,1.0
chb01,10,h1,2,5,chb01_03.edf,187,24,95,4,1,19,0,1.0,0.8888888888888888,1.0,0.95,0.8,0.8888888888888888,0.9583333333333334
chb01,10,grouped,2,5,chb01_03.edf,187,24,99,4,0,20,0,1.0,0.0,1.0,1.0,1.0,1.0,1.0
chb01,10,fact_grouped,2,5,chb01_03.edf,187,24,94,4,0,20,0,1.0,1.0,1.0,1.0,1.0,1.0,1.0
chb01,10,fact_h4,2,5,chb01_03.edf,187,24,69,4,0,20,0,1.0,1.0,1.0,1.0,1.0,1.0,1.0
chb01,10,fact_h8,2,5,chb01_03.edf,187,24,70,4,1,19,0,1.0,1.0,1.0,0.95,0.8,0.8888888888888888,0.9583333333333334
chb01,10,fact_h16,2,5,chb01_03.edf,187,24,71,4,1,19,0,1.0,1.0,1.0,0.95,0.8,0.8888888888888888,0.9583333333333334
chb01,10,fact_hcmax,2,5,chb01_03.edf,187,24,71,4,0,20,0,1.0,0.8888888888888888,1.0,1.0,1.0,1.0,1.0
chb01,10,fact_mix,2,5,chb01_03.edf,187,24,74,4,0,20,0,1.0,1.0,1.0,1.0,1.0,1.0,1.0
chb01,10,h1,3,5,chb01_15.edf;chb01_16.edf,163,54,97,9,7,38,0,1.0,0.72,1.0,0.8444444444444444,0.5625,0.72,0.8703703703703703
chb01,10,grouped,3,5,chb01_15.edf;chb01_16.edf,163,54,73,8,0,45,1,1.0,0.0,0.8888888888888888,1.0,1.0,0.9411764705882353,0.9814814814814815
chb01,10,fact_grouped,3,5,chb01_15.edf;chb01_16.edf,163,54,98,9,8,37,0,1.0,0.72,1.0,0.8222222222222222,0.5294117647058824,0.6923076923076923,0.8518518518518519
chb01,10,fact_h4,3,5,chb01_15.edf;chb01_16.edf,163,54,96,9,8,37,0,1.0,0.8181818181818182,1.0,0.8222222222222222,0.5294117647058824,0.6923076923076923,0.8518518518518519
chb01,10,fact_h8,3,5,chb01_15.edf;chb01_16.edf,163,54,88,9,8,37,0,1.0,0.8571428571428571,1.0,0.8222222222222222,0.5294117647058824,0.6923076923076923,0.8518518518518519
chb01,10,fact_h16,3,5,chb01_15.edf;chb01_16.edf,163,54,88,9,9,36,0,1.0,0.75,1.0,0.8,0.5,0.6666666666666666,0.8333333333333334
chb01,10,fact_hcmax,3,5,chb01_15.edf;chb01_16.edf,163,54,96,9,4,41,0,1.0,0.8181818181818182,1.0,0.9111111111111111,0.6923076923076923,0.8181818181818182,0.9259259259259259
chb01,10,fact_mix,3,5,chb01_15.edf;chb01_16.edf,163,54,97,9,6,39,0,1.0,0.72,1.0,0.8666666666666667,0.6,0.75,0.8888888888888888
chb01,10,h1,4,5,chb01_04.edf;chb01_18.edf,153,66,97,11,1,54,0,1.0,0.9565217391304348,1.0,0.9818181818181818,0.9166666666666666,0.9565217391304348,0.9848484848484849
chb01,10,grouped,4,5,chb01_04.edf;chb01_18.edf,153,66,65,11,1,54,0,1.0,0.0,1.0,0.9818181818181818,0.9166666666666666,0.9565217391304348,0.9848484848484849
chb01,10,fact_grouped,4,5,chb01_04.edf;chb01_18.edf,153,66,71,11,0,55,0,1.0,1.0,1.0,1.0,1.0,1.0,1.0
chb01,10,fact_h4,4,5,chb01_04.edf;chb01_18.edf,153,66,98,11,1,54,0,1.0,0.9565217391304348,1.0,0.9818181818181818,0.9166666666666666,0.9565217391304348,0.9848484848484849
chb01,10,fact_h8,4,5,chb01_04.edf;chb01_18.edf,153,66,69,11,0,55,0,1.0,1.0,1.0,1.0,1.0,1.0,1.0
chb01,10,fact_h16,4,5,chb01_04.edf;chb01_18.edf,153,66,96,11,0,55,0,1.0,1.0,1.0,1.0,1.0,1.0,1.0
chb01,10,fact_hcmax,4,5,chb01_04.edf;chb01_18.edf,153,66,90,10,1,54,1,0.9983471074380165,0.9565217391304348,0.9090909090909091,0.9818181818181818,0.9090909090909091,0.9090909090909091,0.9696969696969697
chb01,10,fact_mix,4,5,chb01_04.edf;chb01_18.edf,153,66,75,11,1,54,0,0.9983471074380165,0.9565217391304348,1.0,0.9818181818181818,0.9166666666666666,0.9565217391304348,0.9848484848484849
chb02,10,h1,0,2,chb02_16+.edf,38,48,2,0,0,40,8,0.053125000000000006,0.0,0.0,1.0,,0.0,0.8333333333333334
chb02,10,grouped,0,2,chb02_16+.edf,38,48,24,0,0,40,8,0.975,0.0,0.0,1.0,,0.0,0.8333333333333334
chb02,10,fact_grouped,0,2,chb02_16+.edf,38,48,81,8,36,4,0,0.7625,0.3076923076923077,1.0,0.1,0.18181818181818182,0.3076923076923077,0.25
chb02,10,fact_h4,0,2,chb02_16+.edf,38,48,98,8,36,4,0,0.8781249999999999,0.3076923076923077,1.0,0.1,0.18181818181818182,0.3076923076923077,0.25
chb02,10,fact_h8,0,2,chb02_16+.edf,38,48,76,8,36,4,0,0.6593749999999999,0.3076923076923077,1.0,0.1,0.18181818181818182,0.3076923076923077,0.25
chb02,10,fact_h16,0,2,chb02_16+.edf,38,48,77,8,36,4,0,0.734375,0.3076923076923077,1.0,0.1,0.18181818181818182,0.3076923076923077,0.25
chb02,10,fact_hcmax,0,2,chb02_16+.edf,38,48,90,8,36,4,0,0.8781249999999999,0.3076923076923077,1.0,0.1,0.18181818181818182,0.3076923076923077,0.25
chb02,10,fact_mix,0,2,chb02_16+.edf,38,48,6,0,0,40,8,0.9906250000000001,0.0,0.0,1.0,,0.0,0.8333333333333334
chb02,10,h1,1,2,chb02_16.edf,38,48,96,8,39,1,0,0.6156250000000001,0.2909090909090909,1.0,0.025,0.1702127659574468,0.2909090909090909,0.1875
chb02,10,grouped,1,2,chb02_16.edf,38,48,99,8,28,12,0,0.85,0.3157894736842105,1.0,0.3,0.2222222222222222,0.36363636363636365,0.4166666666666667
chb02,10,fact_grouped,1,2,chb02_16.edf,38,48,90,8,37,3,0,0.8687500000000001,0.3018867924528302,1.0,0.075,0.17777777777777778,0.3018867924528302,0.22916666666666666
chb02,10,fact_h4,1,2,chb02_16.edf,38,48,68,8,39,1,0,0.48125,0.2962962962962963,1.0,0.025,0.1702127659574468,0.2909090909090909,0.1875
chb02,10,fact_h8,1,2,chb02_16.edf,38,48,70,8,40,0,0,0.5375,0.2962962962962963,1.0,0.0,0.16666666666666666,0.2857142857142857,0.16666666666666666
chb02,10,fact_h16,1,2,chb02_16.edf,38,48,70,8,39,1,0,0.53125,0.2962962962962963,1.0,0.025,0.1702127659574468,0.2909090909090909,0.1875
chb02,10,fact_hcmax,1,2,chb02_16.edf,38,48,72,8,38,2,0,0.53125,0.2962962962962963,1.0,0.05,0.17391304347826086,0.2962962962962963,0.20833333333333334
chb02,10,fact_mix,1,2,chb02_16.edf,38,48,66,8,39,1,0,0.434375,0.2909090909090909,1.0,0.025,0.1702127659574468,0.2909090909090909,0.1875
