patient,window_sec,fold,n_folds,test_recordings,n_train,n_test,best_epoch,train_loss,val_loss,TP,FP,TN,FN,img_TP,img_FP,img_TN,img_FN,auroc,train_sec,sensitivity,specificity,precision,f1,accuracy
chb01,1,0,5,chb01_03.edf,1929,240,10,0.0327804028776739,0.0332065324556039,25,0,200,15,471,219,3981,369,0.9535,179.96929597854614,0.625,1.0,1.0,0.7692307692307693,0.9375
chb01,1,1,5,chb01_21.edf,1675,558,14,0.0335981757046592,0.0355747275813145,86,30,435,7,1575,1773,7992,378,0.9797201988669212,118.37679266929626,0.9247311827956989,0.9354838709677419,0.7413793103448276,0.8229665071770335,0.9336917562724014
chb01,1,2,5,chb01_15.edf;chb01_16.edf,1684,546,9,0.0332249859679764,0.0332286276580705,79,15,440,12,1304,1612,7943,607,0.9774423378818984,118.37108254432678,0.8681318681318682,0.967032967032967,0.8404255319148937,0.8540540540540541,0.9505494505494505
chb01,1,3,5,chb01_04.edf;chb01_18.edf,1560,702,19,0.0347352803062752,0.0338399139957295,100,4,581,17,1742,1426,10859,715,0.9907224779019652,109.6172354221344,0.8547008547008547,0.9931623931623932,0.9615384615384616,0.9049773755656109,0.9700854700854701
chb01,1,4,5,chb01_26.edf,1636,606,11,0.0335837503966078,0.0354300029891673,94,26,479,7,1651,2104,8501,470,0.968846191549848,115.57939672470091,0.9306930693069307,0.9485148514851485,0.7833333333333333,0.8506787330316742,0.9455445544554455
chb01,3,0,5,chb01_03.edf,638,78,4,0.0247489063302506,0.0278785327538138,9,0,65,4,170,53,1312,103,0.9372781065088758,44.84016680717468,0.6923076923076923,1.0,1.0,0.8181818181818182,0.9487179487179487
chb01,3,1,5,chb01_21.edf,552,186,7,0.0223529526193833,0.0341860727009185,30,1,154,1,565,373,2882,86,0.9816857440166492,39.326435804367065,0.967741935483871,0.9935483870967742,0.967741935483871,0.967741935483871,0.989247311827957
chb01,3,2,5,chb01_26.edf,542,198,6,0.0232347509445875,0.0240232408338902,31,4,161,2,584,329,3136,109,0.9763085399449036,38.249423027038574,0.9393939393939394,0.9757575757575757,0.8857142857142857,0.9117647058823529,0.9696969696969697
chb01,3,3,5,chb01_15.edf;chb01_16.edf,556,180,3,0.0288597707371519,0.0234641214617255,29,2,148,1,484,312,2838,146,0.9957777777777778,39.152991771698,0.9666666666666667,0.9866666666666667,0.9354838709677419,0.9508196721311475,0.9833333333333333
chb01,3,4,5,chb01_04.edf;chb01_18.edf,513,234,19,0.026230974071012,0.0245529491455738,37,0,195,2,634,270,3825,185,0.9956607495069032,36.257731199264526,0.9487179487179487,1.0,1.0,0.9736842105263158,0.9914529914529915
chb01,5,0,5,chb01_03.edf,379,48,7,0.0178972161624813,0.0186840775779875,6,0,40,2,114,24,816,54,0.95,26.62259721755981,0.75,1.0,1.0,0.8571428571428571,0.9583333333333334
chb01,5,1,5,chb01_21.edf,331,108,14,0.016839862140895,0.0205647091130655,17,1,89,1,333,132,1758,45,0.998148148148148,23.389964818954468,0.9444444444444444,0.9888888888888889,0.9444444444444444,0.9444444444444444,0.9814814814814815
chb01,5,2,5,chb01_26.edf,321,120,10,0.0224418064786328,0.030458739030666,19,2,98,1,380,325,1775,40,0.9675,22.549155473709103,0.95,0.98,0.9047619047619048,0.926829268292683,0.975
chb01,5,3,5,chb01_15.edf;chb01_16.edf,331,108,2,0.0230897695111244,0.0280625954039535,17,1,89,1,292,126,1764,86,0.9987654320987654,23.21946144104004,0.9444444444444444,0.9888888888888889,0.9444444444444444,0.9444444444444444,0.9814814814814815
chb01,5,4,5,chb01_04.edf;chb01_18.edf,307,138,14,0.0258157339336517,0.0288881295122754,23,0,115,0,421,222,2193,62,1.0,21.53059458732605,1.0,1.0,1.0,1.0,1.0
chb01,8,0,5,chb01_03.edf,230,30,13,0.0150732474829654,0.0196801327575726,4,0,25,1,78,5,520,27,1.0,16.21627116203308,0.8,1.0,1.0,0.8888888888888888,0.9666666666666667
chb01,8,1,5,chb01_21.edf,201,66,15,0.0157638410937232,0.0208680064136546,11,0,55,0,222,100,1055,9,1.0,14.142316579818726,1.0,1.0,1.0,1.0,1.0
chb01,8,2,5,chb01_26.edf,196,72,17,0.0556720993051665,0.0544251385685943,0,0,60,12,0,0,1260,252,0.4916666666666666,13.801694869995115,0.0,1.0,,0.0,0.8333333333333334
chb01,8,3,5,chb01_15.edf;chb01_16.edf,201,66,19,0.009679513543913,0.0172440125515647,11,0,55,0,199,154,1001,32,1.0,14.159747838974,1.0,1.0,1.0,1.0,1.0
chb01,8,4,5,chb01_04.edf;chb01_18.edf,187,84,16,0.0163717487286695,0.0162167772650718,13,0,70,1,235,67,1403,59,1.0,13.126664400100708,0.9285714285714286,1.0,1.0,0.9629629629629629,0.9880952380952381
chb01,10,0,5,chb01_21.edf,163,54,10,0.0165841212703484,0.0206962022930383,9,3,42,0,188,112,833,1,1.0,11.51716375350952,1.0,0.9333333333333333,0.75,0.8571428571428571,0.9444444444444444
chb01,10,1,5,chb01_26.edf,158,60,7,0.0153710242190172,0.011690704151988,10,0,50,0,184,54,996,26,1.0,11.10677981376648,1.0,1.0,1.0,1.0,1.0
chb01,10,2,5,chb01_03.edf,187,24,8,0.0175014215265145,0.012447165325284,4,0,20,0,63,14,406,21,1.0,13.151885271072388,1.0,1.0,1.0,1.0,1.0
chb01,10,3,5,chb01_15.edf;chb01_16.edf,163,54,18,0.0187726302100701,0.0155000183731317,9,1,44,0,172,64,881,17,1.0,11.451146125793455,1.0,0.9777777777777777,0.9,0.9473684210526315,0.9814814814814815
chb01,10,4,5,chb01_04.edf;chb01_18.edf,153,66,12,0.0140347373383418,0.0147777628153562,11,0,55,0,206,70,1085,25,1.0,10.78601574897766,1.0,1.0,1.0,1.0,1.0
chb02,1,0,3,chb02_16+.edf,436,486,5,0.05553294191045004,0.054959530380123106,0,0,405,81,0,0,8505,1701,0.5,31.458685874938965,0.0,1.0,,0.0,0.8333333333333334
chb02,1,1,3,chb02_16.edf,432,492,3,0.03284019848735875,0.03240669443480657,73,49,361,9,1286,2741,5869,436,0.9596371207614516,30.24663496017456,0.8902439024390244,0.8804878048780488,0.5983606557377049,0.7156862745098039,0.8821138211382114
chb02,1,2,3,chb02_19.edf,782,54,5,0.03447452496668961,0.04029231563036713,6,2,43,3,101,232,713,88,0.8666666666666666,54.992621660232544,0.6666666666666666,0.9555555555555556,0.75,0.7058823529411765,0.9074074074074074
chb02,3,0,3,chb02_16+.edf,144,162,2,0.03465442586118582,0.042204052209854126,26,6,129,1,463,681,2154,104,0.9953360768175583,10.178604364395142,0.9629629629629629,0.9555555555555556,0.8125,0.8813559322033898,0.9567901234567902
chb02,3,1,3,chb02_16.edf,144,162,2,0.025169594755406102,0.020094133913517,26,20,115,1,482,852,1983,85,0.9903978052126201,10.117919683456421,0.9629629629629629,0.8518518518518519,0.5652173913043478,0.7123287671232876,0.8703703703703703
chb02,3,2,3,chb02_19.edf,259,18,5,0.02769463580227754,0.021903548617557292,2,0,15,1,33,38,277,30,1.0,18.123655796051025,0.6666666666666666,1.0,1.0,0.8,0.9444444444444444
chb02,5,0,3,chb02_16+.edf,81,96,7,0.03276241219973193,0.03844913840293884,14,1,79,2,241,124,1556,95,0.99765625,5.785884141921997,0.875,0.9875,0.9333333333333333,0.9032258064516129,0.96875
chb02,5,1,3,chb02_16.edf,81,96,3,0.018867736994926717,0.019809454679489136,16,37,43,0,315,796,884,21,0.98828125,5.734885215759277,1.0,0.5375,0.3018867924528302,0.463768115942029,0.6145833333333334
chb02,5,2,3,chb02_19.edf,153,6,7,0.02232890230987002,0.021608110517263412,1,0,5,0,16,13,92,5,1.0,10.760915040969849,1.0,1.0,1.0,1.0,1.0
chb02,8,0,3,chb02_16+.edf,52,60,16,0.056362507871655754,0.05197041854262352,0,0,50,10,0,0,1050,210,0.48,3.765707492828369,0.0,1.0,,0.0,0.8333333333333334
chb02,8,1,3,chb02_16.edf,52,60,7,0.008960490190263251,0.010686323046684265,10,6,44,0,188,230,820,22,0.996,3.710653066635132,1.0,0.88,0.625,0.7692307692307693,0.9
chb02,8,2,3,chb02_19.edf,96,6,16,0.02064461955830218,0.019053082913160324,1,0,5,0,18,32,73,3,1.0,6.756656646728516,1.0,1.0,1.0,1.0,1.0
chb02,10,0,2,chb02_16+.edf,38,48,8,0.05490491565382272,0.05985093116760254,0,0,40,8,0,0,840,168,0.5,2.7452890872955322,0.0,1.0,,0.0,0.8333333333333334
chb02,10,1,2,chb02_16.edf,38,48,8,0.020608700130293544,0.030400022864341736,8,17,23,0,155,427,413,13,0.959375,2.7045509815216064,1.0,0.575,0.32,0.48484848484848486,0.6458333333333334
