dataset,montage,patient,window_sec,model,fold,n_folds,test_recordings,n_train,n_test,best_epoch,TP,FP,TN,FN,auroc
chbmit,bipolar,chb01,3,grouped,0,5,chb01_03.edf,638,78,93,10,1,64,3,0.9846153846153848
chbmit,bipolar,chb01,3,h=1,0,5,chb01_03.edf,638,78,70,12,0,65,1,0.9692307692307692
chbmit,bipolar,chb01,3,grouped,1,5,chb01_21.edf,552,186,26,30,11,144,1,0.9902185223725286
chbmit,bipolar,chb01,3,h=1,1,5,chb01_21.edf,552,186,47,30,3,152,1,0.9991675338189386
chbmit,bipolar,chb01,3,grouped,2,5,chb01_26.edf,542,198,98,31,1,164,2,0.9990817263544536
chbmit,bipolar,chb01,3,h=1,2,5,chb01_26.edf,542,198,71,33,4,161,0,0.9987144168962352
chbmit,bipolar,chb01,3,grouped,3,5,chb01_15.edf;chb01_16.edf,556,180,42,26,2,148,4,0.9942222222222222
chbmit,bipolar,chb01,3,h=1,3,5,chb01_15.edf;chb01_16.edf,556,180,88,29,8,142,1,0.9942222222222222
chbmit,bipolar,chb01,3,grouped,4,5,chb01_04.edf;chb01_18.edf,513,234,60,38,3,192,1,0.9992110453648916
chbmit,bipolar,chb01,3,h=1,4,5,chb01_04.edf;chb01_18.edf,513,234,97,38,1,194,1,0.999474030243261
chbmit,bipolar,chb18,3,grouped,0,5,chb18_36.edf,422,90,39,15,15,60,0,0.9928888888888888
chbmit,bipolar,chb18,3,h=1,0,5,chb18_36.edf,422,90,56,15,8,67,0,0.9751111111111112
chbmit,bipolar,chb18,3,grouped,1,5,chb18_35.edf,388,132,43,21,5,105,1,0.9975206611570248
chbmit,bipolar,chb18,3,h=1,1,5,chb18_35.edf,388,132,99,19,8,102,3,0.975206611570248
chbmit,bipolar,chb18,3,grouped,2,5,chb18_29.edf;chb18_31.edf,312,228,15,36,5,185,2,0.9969529085872576
chbmit,bipolar,chb18,3,h=1,2,5,chb18_29.edf;chb18_31.edf,312,228,99,37,8,182,1,0.9901662049861496
chbmit,bipolar,chb18,3,grouped,3,5,chb18_30.edf,446,60,32,3,4,46,7,0.674
chbmit,bipolar,chb18,3,h=1,3,5,chb18_30.edf,446,60,47,2,0,50,8,0.644
chbmit,bipolar,chb18,3,grouped,4,5,chb18_32.edf,408,108,31,18,2,88,0,0.9993827160493828
chbmit,bipolar,chb18,3,h=1,4,5,chb18_32.edf,408,108,59,18,3,87,0,0.9962962962962962
chbmit,bipolar,chb01,10,grouped,0,5,chb01_21.edf,163,54,49,9,1,44,0,1.0
chbmit,bipolar,chb01,10,h=1,0,5,chb01_21.edf,163,54,66,9,1,44,0,1.0
chbmit,bipolar,chb01,10,grouped,1,5,chb01_26.edf,158,60,98,10,1,49,0,1.0
chbmit,bipolar,chb01,10,h=1,1,5,chb01_26.edf,158,60,98,10,0,50,0,1.0
chbmit,bipolar,chb01,10,grouped,2,5,chb01_03.edf,187,24,95,4,1,19,0,1.0
chbmit,bipolar,chb01,10,h=1,2,5,chb01_03.edf,187,24,99,4,0,20,0,1.0
chbmit,bipolar,chb01,10,grouped,3,5,chb01_15.edf;chb01_16.edf,163,54,98,8,0,45,1,1.0
chbmit,bipolar,chb01,10,h=1,3,5,chb01_15.edf;chb01_16.edf,163,54,98,9,3,42,0,1.0
chbmit,bipolar,chb01,10,grouped,4,5,chb01_04.edf;chb01_18.edf,153,66,98,11,0,55,0,1.0
chbmit,bipolar,chb01,10,h=1,4,5,chb01_04.edf;chb01_18.edf,153,66,98,11,0,55,0,1.0
chbmit,bipolar,chb18,10,grouped,0,5,chb18_30.edf,124,18,98,1,0,15,2,0.8
chbmit,bipolar,chb18,10,h=1,0,5,chb18_30.edf,124,18,99,0,0,15,3,0.6888888888888889
chbmit,bipolar,chb18,10,grouped,1,5,chb18_36.edf,120,24,99,4,3,17,0,1.0
chbmit,bipolar,chb18,10,h=1,1,5,chb18_36.edf,120,24,97,4,9,11,0,0.8125
chbmit,bipolar,chb18,10,grouped,2,5,chb18_32.edf,115,30,99,5,1,24,0,1.0
chbmit,bipolar,chb18,10,h=1,2,5,chb18_32.edf,115,30,70,5,1,24,0,1.0
chbmit,bipolar,chb18,10,grouped,3,5,chb18_35.edf,110,36,98,5,0,30,1,1.0
chbmit,bipolar,chb18,10,h=1,3,5,chb18_35.edf,110,36,99,5,0,30,1,0.9944444444444444
chbmit,bipolar,chb18,10,grouped,4,5,chb18_29.edf;chb18_31.edf,86,66,50,11,1,54,0,1.0
chbmit,bipolar,chb18,10,h=1,4,5,chb18_29.edf;chb18_31.edf,86,66,48,11,6,49,0,0.9900826446280993
siena,bipolar,PN00,3,grouped,0,5,PN00-1.edf,403,138,29,19,6,109,4,0.9697542533081284
siena,bipolar,PN00,3,h=1,0,5,PN00-1.edf,403,138,99,21,5,110,2,0.9584120982986768
siena,bipolar,PN00,3,grouped,1,5,PN00-2.edf,427,108,23,17,7,83,1,0.967283950617284
siena,bipolar,PN00,3,h=1,1,5,PN00-2.edf,427,108,73,18,21,69,0,0.9975308641975308
siena,bipolar,PN00,3,grouped,2,5,PN00-3.edf,417,120,68,17,18,82,3,0.9465
siena,bipolar,PN00,3,h=1,2,5,PN00-3.edf,417,120,64,17,17,83,3,0.928
siena,bipolar,PN00,3,grouped,3,5,PN00-4.edf,398,144,45,21,4,116,3,0.984375
siena,bipolar,PN00,3,h=1,3,5,PN00-4.edf,398,144,80,20,1,119,4,0.9371527777777776
siena,bipolar,PN00,3,grouped,4,5,PN00-5.edf,408,132,51,19,5,105,3,0.9392561983471076
siena,bipolar,PN00,3,h=1,4,5,PN00-5.edf,408,132,31,19,7,103,3,0.9661157024793388
siena,bipolar,PN14,3,grouped,0,4,PN14-1.edf,211,54,31,7,1,44,2,0.9703703703703704
siena,bipolar,PN14,3,h=1,0,4,PN14-1.edf,211,54,39,8,7,38,1,0.9358024691358025
siena,bipolar,PN14,3,grouped,1,4,PN14-2.edf,235,24,59,3,0,20,1,0.8625
siena,bipolar,PN14,3,h=1,1,4,PN14-2.edf,235,24,97,3,1,19,1,0.825
siena,bipolar,PN14,3,grouped,2,4,PN14-3.edf,192,78,39,10,7,58,3,0.8863905325443787
siena,bipolar,PN14,3,h=1,2,4,PN14-3.edf,192,78,57,6,1,64,7,0.9715976331360948
siena,bipolar,PN14,3,grouped,3,4,PN14-4.edf,124,162,30,20,14,121,7,0.9201646090534978
siena,bipolar,PN14,3,h=1,3,4,PN14-4.edf,124,162,45,25,25,110,2,0.965432098765432
siena,bipolar,PN00,10,grouped,0,5,PN00-1.edf,115,42,14,6,1,34,1,0.9306122448979592
siena,bipolar,PN00,10,h=1,0,5,PN00-1.edf,115,42,33,5,4,31,2,0.9224489795918368
siena,bipolar,PN00,10,grouped,1,5,PN00-2.edf,124,30,99,5,2,23,0,1.0
siena,bipolar,PN00,10,h=1,1,5,PN00-2.edf,124,30,98,5,0,25,0,1.0
siena,bipolar,PN00,10,grouped,2,5,PN00-3.edf,120,36,44,5,8,22,1,0.8722222222222222
siena,bipolar,PN00,10,h=1,2,5,PN00-3.edf,120,36,68,6,13,17,0,0.8333333333333333
siena,bipolar,PN00,10,grouped,3,5,PN00-4.edf,115,42,99,6,0,35,1,1.0
siena,bipolar,PN00,10,h=1,3,5,PN00-4.edf,115,42,98,6,0,35,1,0.9428571428571428
siena,bipolar,PN00,10,grouped,4,5,PN00-5.edf,120,36,63,5,1,29,1,0.9333333333333332
siena,bipolar,PN00,10,h=1,4,5,PN00-5.edf,120,36,99,5,0,30,1,0.9722222222222224
siena,bipolar,PN14,10,grouped,0,4,PN14-1.edf,62,12,99,2,1,9,0,0.95
siena,bipolar,PN14,10,h=1,0,4,PN14-1.edf,62,12,84,2,7,3,0,0.95
siena,bipolar,PN14,10,grouped,1,4,PN14-2.edf,67,6,74,1,0,5,0,1.0
siena,bipolar,PN14,10,h=1,1,4,PN14-2.edf,67,6,98,0,1,4,1,0.8
siena,bipolar,PN14,10,grouped,2,4,PN14-3.edf,52,24,99,2,0,20,2,0.9625
siena,bipolar,PN14,10,h=1,2,4,PN14-3.edf,52,24,99,2,0,20,2,0.975
siena,bipolar,PN14,10,grouped,3,4,PN14-4.edf,33,48,97,7,0,40,1,0.990625
siena,bipolar,PN14,10,h=1,3,4,PN14-4.edf,33,48,48,5,1,39,3,0.965625
siena,referential,PN00,3,grouped,0,5,PN00-1.edf,403,138,40,19,2,113,4,0.980718336483932
siena,referential,PN00,3,h=1,0,5,PN00-1.edf,403,138,67,20,1,114,3,0.9561436672967863
siena,referential,PN00,3,grouped,1,5,PN00-2.edf,427,108,57,17,2,88,1,0.9648148148148148
siena,referential,PN00,3,h=1,1,5,PN00-2.edf,427,108,38,18,24,66,0,0.9975308641975308
siena,referential,PN00,3,grouped,2,5,PN00-3.edf,417,120,32,17,22,78,3,0.9275
siena,referential,PN00,3,h=1,2,5,PN00-3.edf,417,120,51,16,10,90,4,0.912
siena,referential,PN00,3,grouped,3,5,PN00-4.edf,398,144,55,19,0,120,5,0.9600694444444444
siena,referential,PN00,3,h=1,3,5,PN00-4.edf,398,144,61,21,0,120,3,0.94375
siena,referential,PN00,3,grouped,4,5,PN00-5.edf,408,132,39,21,14,96,1,0.9681818181818184
siena,referential,PN00,3,h=1,4,5,PN00-5.edf,408,132,23,19,8,102,3,0.9640495867768596
siena,referential,PN14,3,grouped,0,4,PN14-1.edf,211,54,17,7,2,43,2,0.928395061728395
siena,referential,PN14,3,h=1,0,4,PN14-1.edf,211,54,64,8,1,44,1,0.977777777777778
siena,referential,PN14,3,grouped,1,4,PN14-2.edf,235,24,53,3,0,20,1,1.0
siena,referential,PN14,3,h=1,1,4,PN14-2.edf,235,24,88,3,0,20,1,0.8625
siena,referential,PN14,3,grouped,2,4,PN14-3.edf,192,78,47,11,8,57,2,0.9112426035502958
siena,referential,PN14,3,h=1,2,4,PN14-3.edf,192,78,97,8,2,63,5,0.9668639053254438
siena,referential,PN14,3,grouped,3,4,PN14-4.edf,124,162,44,22,22,113,5,0.9294924554183812
siena,referential,PN14,3,h=1,3,4,PN14-4.edf,124,162,60,26,25,110,1,0.9829903978052128
siena,referential,PN00,10,grouped,0,5,PN00-1.edf,115,42,19,6,0,35,1,0.9306122448979592
siena,referential,PN00,10,h=1,0,5,PN00-1.edf,115,42,33,4,3,32,3,0.8857142857142857
siena,referential,PN00,10,grouped,1,5,PN00-2.edf,124,30,98,4,0,25,1,0.992
siena,referential,PN00,10,h=1,1,5,PN00-2.edf,124,30,98,5,2,23,0,1.0
siena,referential,PN00,10,grouped,2,5,PN00-3.edf,120,36,64,5,6,24,1,0.8555555555555555
siena,referential,PN00,10,h=1,2,5,PN00-3.edf,120,36,75,5,8,22,1,0.8833333333333333
siena,referential,PN00,10,grouped,3,5,PN00-4.edf,115,42,99,5,0,35,2,1.0
siena,referential,PN00,10,h=1,3,5,PN00-4.edf,115,42,98,6,0,35,1,0.9591836734693876
siena,referential,PN00,10,grouped,4,5,PN00-5.edf,120,36,61,5,2,28,1,0.9388888888888888
siena,referential,PN00,10,h=1,4,5,PN00-5.edf,120,36,97,5,0,30,1,1.0
siena,referential,PN14,10,grouped,0,4,PN14-1.edf,62,12,99,1,0,10,1,1.0
siena,referential,PN14,10,h=1,0,4,PN14-1.edf,62,12,98,2,4,6,0,0.9
siena,referential,PN14,10,grouped,1,4,PN14-2.edf,67,6,52,1,1,4,0,1.0
siena,referential,PN14,10,h=1,1,4,PN14-2.edf,67,6,99,1,0,5,0,1.0
siena,referential,PN14,10,grouped,2,4,PN14-3.edf,52,24,98,2,1,19,2,0.975
siena,referential,PN14,10,h=1,2,4,PN14-3.edf,52,24,99,2,0,20,2,1.0
siena,referential,PN14,10,grouped,3,4,PN14-4.edf,33,48,99,5,0,40,3,0.9375
siena,referential,PN14,10,h=1,3,4,PN14-4.edf,33,48,12,0,0,40,8,0.7406250000000001
chbmit,bipolar,chb01,1,grouped,0,5,chb01_03.edf,1929,240,25,34,2,198,6,0.9902500000000001
chbmit,bipolar,chb01,1,h=1,0,5,chb01_03.edf,1929,240,30,36,4,196,4,0.9715
chbmit,bipolar,chb01,1,grouped,1,5,chb01_21.edf,1675,558,33,86,26,439,7,0.9835587929240375
chbmit,bipolar,chb01,1,h=1,1,5,chb01_21.edf,1675,558,22,88,7,458,5,0.9964620187304891
chbmit,bipolar,chb01,1,grouped,2,5,chb01_15.edf;chb01_16.edf,1684,546,9,77,38,417,14,0.9653181982852312
chbmit,bipolar,chb01,1,h=1,2,5,chb01_15.edf;chb01_16.edf,1684,546,93,90,61,394,1,0.9909189711387514
chbmit,bipolar,chb01,1,grouped,3,5,chb01_04.edf;chb01_18.edf,1560,702,18,94,2,583,23,0.9928994082840237
chbmit,bipolar,chb01,1,h=1,3,5,chb01_04.edf;chb01_18.edf,1560,702,29,112,3,582,5,0.998699685879173
chbmit,bipolar,chb01,1,grouped,4,5,chb01_26.edf,1636,606,15,99,52,453,2,0.9865895500441133
chbmit,bipolar,chb01,1,h=1,4,5,chb01_26.edf,1636,606,36,97,17,488,4,0.9965101460641114
chbmit,bipolar,chb18,1,grouped,0,5,chb18_30.edf,1377,180,6,7,4,146,23,0.6686666666666666
chbmit,bipolar,chb18,1,h=1,0,5,chb18_30.edf,1377,180,96,5,1,149,25,0.6746666666666666
chbmit,bipolar,chb18,1,grouped,1,5,chb18_36.edf,1300,276,20,46,59,171,0,0.9766540642722118
chbmit,bipolar,chb18,1,h=1,1,5,chb18_36.edf,1300,276,50,46,72,158,0,0.9204158790170132
chbmit,bipolar,chb18,1,grouped,2,5,chb18_35.edf,1195,408,10,53,6,334,15,0.9546712802768166
chbmit,bipolar,chb18,1,h=1,2,5,chb18_35.edf,1195,408,98,58,16,324,10,0.9778114186851212
chbmit,bipolar,chb18,1,grouped,3,5,chb18_32.edf,1257,330,8,52,13,262,3,0.9926611570247934
chbmit,bipolar,chb18,1,h=1,3,5,chb18_32.edf,1257,330,76,55,79,196,0,0.9733553719008265
chbmit,bipolar,chb18,1,grouped,4,5,chb18_29.edf;chb18_31.edf,955,708,10,89,7,583,29,0.9701953461648951
chbmit,bipolar,chb18,1,h=1,4,5,chb18_29.edf;chb18_31.edf,955,708,96,101,26,564,17,0.9728669922436082
chbmit,bipolar,chb01,5,grouped,0,5,chb01_03.edf,379,48,31,7,1,39,1,0.996875
chbmit,bipolar,chb01,5,h=1,0,5,chb01_03.edf,379,48,80,8,1,39,0,0.99375
chbmit,bipolar,chb01,5,grouped,1,5,chb01_21.edf,331,108,93,16,4,86,2,0.9938271604938271
chbmit,bipolar,chb01,5,h=1,1,5,chb01_21.edf,331,108,46,16,0,90,2,1.0
chbmit,bipolar,chb01,5,grouped,2,5,chb01_26.edf,321,120,92,19,3,97,1,0.996
chbmit,bipolar,chb01,5,h=1,2,5,chb01_26.edf,321,120,66,19,0,100,1,0.999
chbmit,bipolar,chb01,5,grouped,3,5,chb01_15.edf;chb01_16.edf,331,108,60,16,0,90,2,1.0
chbmit,bipolar,chb01,5,h=1,3,5,chb01_15.edf;chb01_16.edf,331,108,80,18,22,68,0,1.0
chbmit,bipolar,chb01,5,grouped,4,5,chb01_04.edf;chb01_18.edf,307,138,36,22,0,115,1,1.0
chbmit,bipolar,chb01,5,h=1,4,5,chb01_04.edf;chb01_18.edf,307,138,76,22,0,115,1,1.0
chbmit,bipolar,chb18,5,grouped,0,5,chb18_36.edf,254,54,89,9,4,41,0,1.0
chbmit,bipolar,chb18,5,h=1,0,5,chb18_36.edf,254,54,77,9,15,30,0,0.9308641975308641
chbmit,bipolar,chb18,5,grouped,1,5,chb18_32.edf,244,66,30,11,0,55,0,1.0
chbmit,bipolar,chb18,5,h=1,1,5,chb18_32.edf,244,66,98,11,4,51,0,0.9983471074380165
chbmit,bipolar,chb18,5,grouped,2,5,chb18_35.edf,235,78,30,13,1,64,0,1.0
chbmit,bipolar,chb18,5,h=1,2,5,chb18_35.edf,235,78,48,12,3,62,1,0.991715976331361
chbmit,bipolar,chb18,5,grouped,3,5,chb18_30.edf,268,36,80,2,0,30,4,0.6888888888888889
chbmit,bipolar,chb18,5,h=1,3,5,chb18_30.edf,268,36,97,1,0,30,5,0.7111111111111111
chbmit,bipolar,chb18,5,grouped,4,5,chb18_29.edf;chb18_31.edf,187,138,74,20,0,115,3,0.998109640831758
chbmit,bipolar,chb18,5,h=1,4,5,chb18_29.edf;chb18_31.edf,187,138,26,23,3,112,0,0.9977315689981097
chbmit,bipolar,chb01,8,grouped,0,5,chb01_03.edf,230,30,29,5,0,25,0,1.0
chbmit,bipolar,chb01,8,h=1,0,5,chb01_03.edf,230,30,75,4,0,25,1,1.0
chbmit,bipolar,chb01,8,grouped,1,5,chb01_21.edf,201,66,52,11,1,54,0,1.0
chbmit,bipolar,chb01,8,h=1,1,5,chb01_21.edf,201,66,84,11,0,55,0,1.0
chbmit,bipolar,chb01,8,grouped,2,5,chb01_26.edf,196,72,97,12,1,59,0,0.9972222222222221
chbmit,bipolar,chb01,8,h=1,2,5,chb01_26.edf,196,72,68,11,0,60,1,1.0
chbmit,bipolar,chb01,8,grouped,3,5,chb01_15.edf;chb01_16.edf,201,66,83,10,0,55,1,1.0
chbmit,bipolar,chb01,8,h=1,3,5,chb01_15.edf;chb01_16.edf,201,66,82,11,22,33,0,0.9983471074380165
chbmit,bipolar,chb01,8,grouped,4,5,chb01_04.edf;chb01_18.edf,187,84,39,14,0,70,0,1.0
chbmit,bipolar,chb01,8,h=1,4,5,chb01_04.edf;chb01_18.edf,187,84,98,14,0,70,0,1.0
chbmit,bipolar,chb18,8,grouped,0,5,chb18_30.edf,158,18,99,1,0,15,2,0.711111111111111
chbmit,bipolar,chb18,8,h=1,0,5,chb18_30.edf,158,18,68,0,0,15,3,0.5555555555555556
chbmit,bipolar,chb18,8,grouped,1,5,chb18_36.edf,148,30,60,5,6,19,0,1.0
chbmit,bipolar,chb18,8,h=1,1,5,chb18_36.edf,148,30,59,5,4,21,0,1.0
chbmit,bipolar,chb18,8,grouped,2,5,chb18_32.edf,144,36,87,6,0,30,0,1.0
chbmit,bipolar,chb18,8,h=1,2,5,chb18_32.edf,144,36,40,6,6,24,0,1.0
chbmit,bipolar,chb18,8,grouped,3,5,chb18_35.edf,134,48,97,8,0,40,0,1.0
chbmit,bipolar,chb18,8,h=1,3,5,chb18_35.edf,134,48,66,7,1,39,1,0.9937499999999999
chbmit,bipolar,chb18,8,grouped,4,5,chb18_29.edf;chb18_31.edf,105,84,77,14,1,69,0,1.0
chbmit,bipolar,chb18,8,h=1,4,5,chb18_29.edf;chb18_31.edf,105,84,62,14,5,65,0,0.9969387755102042
siena,bipolar,PN00,1,grouped,0,5,PN00-1.edf,1224,420,16,62,29,321,8,0.9652244897959184
siena,bipolar,PN00,1,h=1,0,5,PN00-1.edf,1224,420,41,59,13,337,11,0.9528163265306122
siena,bipolar,PN00,1,grouped,1,5,PN00-2.edf,1300,324,25,50,11,259,4,0.9829903978052127
siena,bipolar,PN00,1,h=1,1,5,PN00-2.edf,1300,324,64,50,30,240,4,0.9838820301783265
siena,bipolar,PN00,1,grouped,2,5,PN00-3.edf,1272,360,15,50,57,243,10,0.9115555555555556
siena,bipolar,PN00,1,h=1,2,5,PN00-3.edf,1272,360,94,47,18,282,13,0.9172222222222222
siena,bipolar,PN00,1,grouped,3,5,PN00-4.edf,1204,444,20,61,7,363,13,0.9546749452154858
siena,bipolar,PN00,1,h=1,3,5,PN00-4.edf,1204,444,57,60,2,368,14,0.9493791088385682
siena,bipolar,PN00,1,grouped,4,5,PN00-5.edf,1238,402,21,57,42,293,10,0.9376253063042995
siena,bipolar,PN00,1,h=1,4,5,PN00-5.edf,1238,402,62,60,21,314,7,0.9665849855201604
siena,bipolar,PN14,1,grouped,0,4,PN14-1.edf,652,162,16,15,10,125,12,0.8208504801097393
siena,bipolar,PN14,1,h=1,0,4,PN14-1.edf,652,162,38,23,20,115,4,0.9155006858710563
siena,bipolar,PN14,1,grouped,1,4,PN14-2.edf,724,72,7,9,3,57,3,0.8652777777777778
siena,bipolar,PN14,1,h=1,1,4,PN14-2.edf,724,72,53,9,4,56,3,0.8569444444444444
siena,bipolar,PN14,1,grouped,2,4,PN14-3.edf,585,246,10,23,10,195,18,0.8907792980368828
siena,bipolar,PN14,1,h=1,2,4,PN14-3.edf,585,246,50,18,5,200,23,0.948602022605592
siena,bipolar,PN14,1,grouped,3,4,PN14-4.edf,384,498,25,66,42,373,17,0.9191174335897808
siena,bipolar,PN14,1,h=1,3,4,PN14-4.edf,384,498,58,72,70,345,11,0.9408912759471622
siena,bipolar,PN00,5,grouped,0,5,PN00-1.edf,235,84,37,12,0,70,2,0.973469387755102
siena,bipolar,PN00,5,h=1,0,5,PN00-1.edf,235,84,98,12,3,67,2,0.9612244897959185
siena,bipolar,PN00,5,grouped,1,5,PN00-2.edf,254,60,24,10,8,42,0,0.988
siena,bipolar,PN00,5,h=1,1,5,PN00-2.edf,254,60,88,10,10,40,0,0.998
siena,bipolar,PN00,5,grouped,2,5,PN00-3.edf,244,72,48,10,7,53,2,0.9444444444444444
siena,bipolar,PN00,5,h=1,2,5,PN00-3.edf,244,72,99,10,6,54,2,0.9416666666666667
siena,bipolar,PN00,5,grouped,3,5,PN00-4.edf,235,84,39,12,1,69,2,0.989795918367347
siena,bipolar,PN00,5,h=1,3,5,PN00-4.edf,235,84,97,11,2,68,3,0.9571428571428572
siena,bipolar,PN00,5,grouped,4,5,PN00-5.edf,240,78,40,11,5,60,2,0.898224852071006
siena,bipolar,PN00,5,h=1,4,5,PN00-5.edf,240,78,96,11,3,62,2,0.9846153846153847
siena,bipolar,PN14,5,grouped,0,4,PN14-1.edf,124,30,60,3,1,24,2,0.928
siena,bipolar,PN14,5,h=1,0,4,PN14-1.edf,124,30,97,4,6,19,1,0.8960000000000001
siena,bipolar,PN14,5,grouped,1,4,PN14-2.edf,139,12,67,1,0,10,1,1.0
siena,bipolar,PN14,5,h=1,1,4,PN14-2.edf,139,12,96,1,0,10,1,0.9500000000000001
siena,bipolar,PN14,5,grouped,2,4,PN14-3.edf,110,48,42,4,0,40,4,0.8999999999999999
siena,bipolar,PN14,5,h=1,2,4,PN14-3.edf,110,48,48,4,0,40,4,0.9625
siena,bipolar,PN14,5,grouped,3,4,PN14-4.edf,72,96,99,13,2,78,3,0.96015625
siena,bipolar,PN14,5,h=1,3,4,PN14-4.edf,72,96,68,12,3,77,4,0.9601562499999999
siena,bipolar,PN00,8,grouped,0,5,PN00-1.edf,144,48,82,6,0,40,2,0.9937499999999999
siena,bipolar,PN00,8,h=1,0,5,PN00-1.edf,144,48,98,7,0,40,1,0.965625
siena,bipolar,PN00,8,grouped,1,5,PN00-2.edf,153,36,51,6,1,29,0,0.9944444444444445
siena,bipolar,PN00,8,h=1,1,5,PN00-2.edf,153,36,88,6,2,28,0,1.0
siena,bipolar,PN00,8,grouped,2,5,PN00-3.edf,148,42,67,6,11,24,1,0.9020408163265305
siena,bipolar,PN00,8,h=1,2,5,PN00-3.edf,148,42,94,6,8,27,1,0.8653061224489796
siena,bipolar,PN00,8,grouped,3,5,PN00-4.edf,139,54,87,9,9,36,0,0.9851851851851852
siena,bipolar,PN00,8,h=1,3,5,PN00-4.edf,139,54,99,8,2,43,1,0.9333333333333333
siena,bipolar,PN00,8,grouped,4,5,PN00-5.edf,144,48,88,7,0,40,1,0.921875
siena,bipolar,PN00,8,h=1,4,5,PN00-5.edf,144,48,96,6,0,40,2,0.95625
siena,bipolar,PN14,8,grouped,0,4,PN14-1.edf,76,18,79,0,0,15,3,1.0
siena,bipolar,PN14,8,h=1,0,4,PN14-1.edf,76,18,56,3,3,12,0,0.9777777777777777
siena,bipolar,PN14,8,grouped,1,4,PN14-2.edf,86,6,95,1,0,5,0,1.0
siena,bipolar,PN14,8,h=1,1,4,PN14-2.edf,86,6,42,0,0,5,1,0.8
siena,bipolar,PN14,8,grouped,2,4,PN14-3.edf,67,30,69,3,1,24,2,0.9199999999999999
siena,bipolar,PN14,8,h=1,2,4,PN14-3.edf,67,30,97,2,1,24,3,0.976
siena,bipolar,PN14,8,grouped,3,4,PN14-4.edf,43,60,99,9,1,49,1,0.97
siena,bipolar,PN14,8,h=1,3,4,PN14-4.edf,43,60,99,9,9,41,1,0.9780000000000001
siena,referential,PN00,1,grouped,0,5,PN00-1.edf,1224,420,20,62,16,334,8,0.963469387755102
siena,referential,PN00,1,h=1,0,5,PN00-1.edf,1224,420,67,58,12,338,12,0.9549795918367348
siena,referential,PN00,1,grouped,1,5,PN00-2.edf,1300,324,22,52,10,260,2,0.9923182441700961
siena,referential,PN00,1,h=1,1,5,PN00-2.edf,1300,324,24,53,44,226,1,0.9798353909465021
siena,referential,PN00,1,grouped,2,5,PN00-3.edf,1272,360,13,53,38,262,7,0.8996111111111111
siena,referential,PN00,1,h=1,2,5,PN00-3.edf,1272,360,60,44,5,295,16,0.9265
siena,referential,PN00,1,grouped,3,5,PN00-4.edf,1204,444,15,54,6,364,20,0.9301314828341855
siena,referential,PN00,1,h=1,3,5,PN00-4.edf,1204,444,40,60,5,365,14,0.9509130752373995
siena,referential,PN00,1,grouped,4,5,PN00-5.edf,1238,402,25,59,29,306,8,0.9510804188015148
siena,referential,PN00,1,h=1,4,5,PN00-5.edf,1238,402,53,61,22,313,6,0.9740253954110047
siena,referential,PN14,1,grouped,0,4,PN14-1.edf,652,162,25,8,7,128,19,0.753360768175583
siena,referential,PN14,1,h=1,0,4,PN14-1.edf,652,162,40,17,8,127,10,0.9267489711934156
siena,referential,PN14,1,grouped,1,4,PN14-2.edf,724,72,21,8,3,57,4,0.9041666666666666
siena,referential,PN14,1,h=1,1,4,PN14-2.edf,724,72,47,10,3,57,2,0.8555555555555555
siena,referential,PN14,1,grouped,2,4,PN14-3.edf,585,246,20,25,12,193,16,0.8779298036882808
siena,referential,PN14,1,h=1,2,4,PN14-3.edf,585,246,23,20,2,203,21,0.9634741225461034
siena,referential,PN14,1,grouped,3,4,PN14-4.edf,384,498,31,62,35,380,21,0.9037596167803745
siena,referential,PN14,1,h=1,3,4,PN14-4.edf,384,498,30,76,58,357,7,0.959994193642038
siena,referential,PN00,5,grouped,0,5,PN00-1.edf,235,84,54,12,3,67,2,0.9826530612244897
siena,referential,PN00,5,h=1,0,5,PN00-1.edf,235,84,97,12,3,67,2,0.9602040816326531
siena,referential,PN00,5,grouped,1,5,PN00-2.edf,254,60,40,10,5,45,0,0.998
siena,referential,PN00,5,h=1,1,5,PN00-2.edf,254,60,82,10,11,39,0,0.996
siena,referential,PN00,5,grouped,2,5,PN00-3.edf,244,72,67,10,6,54,2,0.9444444444444444
siena,referential,PN00,5,h=1,2,5,PN00-3.edf,244,72,97,9,2,58,3,0.9569444444444444
siena,referential,PN00,5,grouped,3,5,PN00-4.edf,235,84,55,11,0,70,3,0.9836734693877551
siena,referential,PN00,5,h=1,3,5,PN00-4.edf,235,84,92,12,1,69,2,0.9571428571428571
siena,referential,PN00,5,grouped,4,5,PN00-5.edf,240,78,27,11,9,56,2,0.9029585798816568
siena,referential,PN00,5,h=1,4,5,PN00-5.edf,240,78,70,11,4,61,2,0.9810650887573964
siena,referential,PN14,5,grouped,0,4,PN14-1.edf,124,30,36,3,0,25,2,0.8480000000000001
siena,referential,PN14,5,h=1,0,4,PN14-1.edf,124,30,98,4,2,23,1,0.9600000000000001
siena,referential,PN14,5,grouped,1,4,PN14-2.edf,139,12,95,2,0,10,0,1.0
siena,referential,PN14,5,h=1,1,4,PN14-2.edf,139,12,99,1,0,10,1,1.0
siena,referential,PN14,5,grouped,2,4,PN14-3.edf,110,48,54,4,0,40,4,0.971875
siena,referential,PN14,5,h=1,2,4,PN14-3.edf,110,48,99,5,2,38,3,0.971875
siena,referential,PN14,5,grouped,3,4,PN14-4.edf,72,96,94,11,2,78,5,0.94765625
siena,referential,PN14,5,h=1,3,4,PN14-4.edf,72,96,99,14,11,69,2,0.9624999999999999
siena,referential,PN00,8,grouped,0,5,PN00-1.edf,144,48,53,6,0,40,2,0.9875
siena,referential,PN00,8,h=1,0,5,PN00-1.edf,144,48,72,6,0,40,2,0.965625
siena,referential,PN00,8,grouped,1,5,PN00-2.edf,153,36,98,6,0,30,0,1.0
siena,referential,PN00,8,h=1,1,5,PN00-2.edf,153,36,95,6,2,28,0,1.0
siena,referential,PN00,8,grouped,2,5,PN00-3.edf,148,42,80,6,8,27,1,0.8775510204081631
siena,referential,PN00,8,h=1,2,5,PN00-3.edf,148,42,94,5,2,33,2,0.8693877551020408
siena,referential,PN00,8,grouped,3,5,PN00-4.edf,139,54,53,7,0,45,2,0.9679012345679012
siena,referential,PN00,8,h=1,3,5,PN00-4.edf,139,54,98,8,3,42,1,0.9358024691358025
siena,referential,PN00,8,grouped,4,5,PN00-5.edf,144,48,89,7,0,40,1,0.9624999999999999
siena,referential,PN00,8,h=1,4,5,PN00-5.edf,144,48,96,7,0,40,1,0.9875
siena,referential,PN14,8,grouped,0,4,PN14-1.edf,76,18,99,2,0,15,1,1.0
siena,referential,PN14,8,h=1,0,4,PN14-1.edf,76,18,70,3,3,12,0,1.0
siena,referential,PN14,8,grouped,1,4,PN14-2.edf,86,6,99,1,0,5,0,1.0
siena,referential,PN14,8,h=1,1,4,PN14-2.edf,86,6,89,1,0,5,0,1.0
siena,referential,PN14,8,grouped,2,4,PN14-3.edf,67,30,58,5,2,23,0,0.992
siena,referential,PN14,8,h=1,2,4,PN14-3.edf,67,30,97,2,1,24,3,0.976
siena,referential,PN14,8,grouped,3,4,PN14-4.edf,43,60,46,5,0,50,5,0.91
siena,referential,PN14,8,h=1,3,4,PN14-4.edf,43,60,99,8,8,42,2,0.944
