dataset,montage,patient,window_sec,model,fold,n_folds,test_recordings,n_train,n_test,best_epoch,TP,FP,TN,FN,auroc,sensitivity,specificity,precision,f1,accuracy
chbmit,bipolar,chb01,3,grouped,0,5,chb01_03.edf,638,78,93,10,1,64,3,0.9846153846153848,0.7692307692307693,0.9846153846153847,0.9090909090909091,0.8333333333333334,0.9487179487179487
chbmit,bipolar,chb01,3,h=1,0,5,chb01_03.edf,638,78,70,12,0,65,1,0.9692307692307692,0.9230769230769231,1.0,1.0,0.96,0.9871794871794872
chbmit,bipolar,chb01,3,grouped,1,5,chb01_21.edf,552,186,26,30,11,144,1,0.9902185223725286,0.967741935483871,0.9290322580645162,0.7317073170731707,0.8333333333333334,0.9354838709677419
chbmit,bipolar,chb01,3,h=1,1,5,chb01_21.edf,552,186,47,30,3,152,1,0.9991675338189386,0.967741935483871,0.9806451612903225,0.9090909090909091,0.9375,0.978494623655914
chbmit,bipolar,chb01,3,grouped,2,5,chb01_26.edf,542,198,98,31,1,164,2,0.9990817263544536,0.9393939393939394,0.9939393939393939,0.96875,0.9538461538461539,0.9848484848484849
chbmit,bipolar,chb01,3,h=1,2,5,chb01_26.edf,542,198,71,33,4,161,0,0.9987144168962352,1.0,0.9757575757575757,0.8918918918918919,0.9428571428571428,0.9797979797979798
chbmit,bipolar,chb01,3,grouped,3,5,chb01_15.edf;chb01_16.edf,556,180,42,26,2,148,4,0.9942222222222222,0.8666666666666667,0.9866666666666667,0.9285714285714286,0.896551724137931,0.9666666666666667
chbmit,bipolar,chb01,3,h=1,3,5,chb01_15.edf;chb01_16.edf,556,180,88,29,8,142,1,0.9942222222222222,0.9666666666666667,0.9466666666666667,0.7837837837837838,0.8656716417910447,0.95
chbmit,bipolar,chb01,3,grouped,4,5,chb01_04.edf;chb01_18.edf,513,234,60,38,3,192,1,0.9992110453648916,0.9743589743589743,0.9846153846153847,0.926829268292683,0.95,0.9829059829059829
chbmit,bipolar,chb01,3,h=1,4,5,chb01_04.edf;chb01_18.edf,513,234,97,38,1,194,1,0.999474030243261,0.9743589743589743,0.9948717948717949,0.9743589743589743,0.9743589743589743,0.9914529914529915
chbmit,bipolar,chb18,3,grouped,0,5,chb18_36.edf,422,90,39,15,15,60,0,0.9928888888888888,1.0,0.8,0.5,0.6666666666666666,0.8333333333333334
chbmit,bipolar,chb18,3,h=1,0,5,chb18_36.edf,422,90,56,15,8,67,0,0.9751111111111112,1.0,0.8933333333333333,0.6521739130434783,0.7894736842105263,0.9111111111111111
chbmit,bipolar,chb18,3,grouped,1,5,chb18_35.edf,388,132,43,21,5,105,1,0.9975206611570248,0.9545454545454546,0.9545454545454546,0.8076923076923077,0.875,0.9545454545454546
chbmit,bipolar,chb18,3,h=1,1,5,chb18_35.edf,388,132,99,19,8,102,3,0.975206611570248,0.8636363636363636,0.9272727272727272,0.7037037037037037,0.7755102040816326,0.9166666666666666
chbmit,bipolar,chb18,3,grouped,2,5,chb18_29.edf;chb18_31.edf,312,228,15,36,5,185,2,0.9969529085872576,0.9473684210526315,0.9736842105263158,0.8780487804878049,0.9113924050632911,0.9692982456140351
chbmit,bipolar,chb18,3,h=1,2,5,chb18_29.edf;chb18_31.edf,312,228,99,37,8,182,1,0.9901662049861496,0.9736842105263158,0.9578947368421052,0.8222222222222222,0.891566265060241,0.9605263157894737
chbmit,bipolar,chb18,3,grouped,3,5,chb18_30.edf,446,60,32,3,4,46,7,0.674,0.3,0.92,0.42857142857142855,0.35294117647058826,0.8166666666666667
chbmit,bipolar,chb18,3,h=1,3,5,chb18_30.edf,446,60,47,2,0,50,8,0.644,0.2,1.0,1.0,0.3333333333333333,0.8666666666666667
chbmit,bipolar,chb18,3,grouped,4,5,chb18_32.edf,408,108,31,18,2,88,0,0.9993827160493828,1.0,0.9777777777777777,0.9,0.9473684210526315,0.9814814814814815
chbmit,bipolar,chb18,3,h=1,4,5,chb18_32.edf,408,108,59,18,3,87,0,0.9962962962962962,1.0,0.9666666666666667,0.8571428571428571,0.9230769230769231,0.9722222222222222
chbmit,bipolar,chb01,10,grouped,0,5,chb01_21.edf,163,54,49,9,1,44,0,1.0,1.0,0.9777777777777777,0.9,0.9473684210526315,0.9814814814814815
chbmit,bipolar,chb01,10,h=1,0,5,chb01_21.edf,163,54,66,9,1,44,0,1.0,1.0,0.9777777777777777,0.9,0.9473684210526315,0.9814814814814815
chbmit,bipolar,chb01,10,grouped,1,5,chb01_26.edf,158,60,98,10,1,49,0,1.0,1.0,0.98,0.9090909090909091,0.9523809523809523,0.9833333333333333
chbmit,bipolar,chb01,10,h=1,1,5,chb01_26.edf,158,60,98,10,0,50,0,1.0,1.0,1.0,1.0,1.0,1.0
chbmit,bipolar,chb01,10,grouped,2,5,chb01_03.edf,187,24,95,4,1,19,0,1.0,1.0,0.95,0.8,0.8888888888888888,0.9583333333333334
chbmit,bipolar,chb01,10,h=1,2,5,chb01_03.edf,187,24,99,4,0,20,0,1.0,1.0,1.0,1.0,1.0,1.0
chbmit,bipolar,chb01,10,grouped,3,5,chb01_15.edf;chb01_16.edf,163,54,98,8,0,45,1,1.0,0.8888888888888888,1.0,1.0,0.9411764705882353,0.9814814814814815
chbmit,bipolar,chb01,10,h=1,3,5,chb01_15.edf;chb01_16.edf,163,54,98,9,3,42,0,1.0,1.0,0.9333333333333333,0.75,0.8571428571428571,0.9444444444444444
chbmit,bipolar,chb01,10,grouped,4,5,chb01_04.edf;chb01_18.edf,153,66,98,11,0,55,0,1.0,1.0,1.0,1.0,1.0,1.0
chbmit,bipolar,chb01,10,h=1,4,5,chb01_04.edf;chb01_18.edf,153,66,98,11,0,55,0,1.0,1.0,1.0,1.0,1.0,1.0
chbmit,bipolar,chb18,10,grouped,0,5,chb18_30.edf,124,18,98,1,0,15,2,0.8,0.3333333333333333,1.0,1.0,0.5,0.8888888888888888
chbmit,bipolar,chb18,10,h=1,0,5,chb18_30.edf,124,18,99,0,0,15,3,0.6888888888888889,0.0,1.0,,0.0,0.8333333333333334
chbmit,bipolar,chb18,10,grouped,1,5,chb18_36.edf,120,24,99,4,3,17,0,1.0,1.0,0.85,0.5714285714285714,0.7272727272727273,0.875
chbmit,bipolar,chb18,10,h=1,1,5,chb18_36.edf,120,24,97,4,9,11,0,0.8125,1.0,0.55,0.3076923076923077,0.47058823529411764,0.625
chbmit,bipolar,chb18,10,grouped,2,5,chb18_32.edf,115,30,99,5,1,24,0,1.0,1.0,0.96,0.8333333333333334,0.9090909090909091,0.9666666666666667
chbmit,bipolar,chb18,10,h=1,2,5,chb18_32.edf,115,30,70,5,1,24,0,1.0,1.0,0.96,0.8333333333333334,0.9090909090909091,0.9666666666666667
chbmit,bipolar,chb18,10,grouped,3,5,chb18_35.edf,110,36,98,5,0,30,1,1.0,0.8333333333333334,1.0,1.0,0.9090909090909091,0.9722222222222222
chbmit,bipolar,chb18,10,h=1,3,5,chb18_35.edf,110,36,99,5,0,30,1,0.9944444444444444,0.8333333333333334,1.0,1.0,0.9090909090909091,0.9722222222222222
chbmit,bipolar,chb18,10,grouped,4,5,chb18_29.edf;chb18_31.edf,86,66,50,11,1,54,0,1.0,1.0,0.9818181818181818,0.9166666666666666,0.9565217391304348,0.9848484848484849
chbmit,bipolar,chb18,10,h=1,4,5,chb18_29.edf;chb18_31.edf,86,66,48,11,6,49,0,0.9900826446280993,1.0,0.8909090909090909,0.6470588235294118,0.7857142857142857,0.9090909090909091
siena,bipolar,PN00,3,grouped,0,5,PN00-1.edf,403,138,29,19,6,109,4,0.9697542533081284,0.8260869565217391,0.9478260869565217,0.76,0.7916666666666666,0.927536231884058
siena,bipolar,PN00,3,h=1,0,5,PN00-1.edf,403,138,99,21,5,110,2,0.9584120982986768,0.9130434782608695,0.9565217391304348,0.8076923076923077,0.8571428571428571,0.9492753623188406
siena,bipolar,PN00,3,grouped,1,5,PN00-2.edf,427,108,23,17,7,83,1,0.967283950617284,0.9444444444444444,0.9222222222222223,0.7083333333333334,0.8095238095238095,0.9259259259259259
siena,bipolar,PN00,3,h=1,1,5,PN00-2.edf,427,108,73,18,21,69,0,0.9975308641975308,1.0,0.7666666666666667,0.46153846153846156,0.631578947368421,0.8055555555555556
siena,bipolar,PN00,3,grouped,2,5,PN00-3.edf,417,120,68,17,18,82,3,0.9465,0.85,0.82,0.4857142857142857,0.6181818181818182,0.825
siena,bipolar,PN00,3,h=1,2,5,PN00-3.edf,417,120,64,17,17,83,3,0.928,0.85,0.83,0.5,0.6296296296296297,0.8333333333333334
siena,bipolar,PN00,3,grouped,3,5,PN00-4.edf,398,144,45,21,4,116,3,0.984375,0.875,0.9666666666666667,0.84,0.8571428571428571,0.9513888888888888
siena,bipolar,PN00,3,h=1,3,5,PN00-4.edf,398,144,80,20,1,119,4,0.9371527777777776,0.8333333333333334,0.9916666666666667,0.9523809523809523,0.8888888888888888,0.9652777777777778
siena,bipolar,PN00,3,grouped,4,5,PN00-5.edf,408,132,51,19,5,105,3,0.9392561983471076,0.8636363636363636,0.9545454545454546,0.7916666666666666,0.8260869565217391,0.9393939393939394
siena,bipolar,PN00,3,h=1,4,5,PN00-5.edf,408,132,31,19,7,103,3,0.9661157024793388,0.8636363636363636,0.9363636363636364,0.7307692307692307,0.7916666666666666,0.9242424242424242
siena,bipolar,PN14,3,grouped,0,4,PN14-1.edf,211,54,31,7,1,44,2,0.9703703703703704,0.7777777777777778,0.9777777777777777,0.875,0.8235294117647058,0.9444444444444444
siena,bipolar,PN14,3,h=1,0,4,PN14-1.edf,211,54,39,8,7,38,1,0.9358024691358025,0.8888888888888888,0.8444444444444444,0.5333333333333333,0.6666666666666666,0.8518518518518519
siena,bipolar,PN14,3,grouped,1,4,PN14-2.edf,235,24,59,3,0,20,1,0.8625,0.75,1.0,1.0,0.8571428571428571,0.9583333333333334
siena,bipolar,PN14,3,h=1,1,4,PN14-2.edf,235,24,97,3,1,19,1,0.825,0.75,0.95,0.75,0.75,0.9166666666666666
siena,bipolar,PN14,3,grouped,2,4,PN14-3.edf,192,78,39,10,7,58,3,0.8863905325443787,0.7692307692307693,0.8923076923076924,0.5882352941176471,0.6666666666666666,0.8717948717948718
siena,bipolar,PN14,3,h=1,2,4,PN14-3.edf,192,78,57,6,1,64,7,0.9715976331360948,0.46153846153846156,0.9846153846153847,0.8571428571428571,0.6,0.8974358974358975
siena,bipolar,PN14,3,grouped,3,4,PN14-4.edf,124,162,30,20,14,121,7,0.9201646090534978,0.7407407407407407,0.8962962962962963,0.5882352941176471,0.6557377049180327,0.8703703703703703
siena,bipolar,PN14,3,h=1,3,4,PN14-4.edf,124,162,45,25,25,110,2,0.965432098765432,0.9259259259259259,0.8148148148148148,0.5,0.6493506493506493,0.8333333333333334
siena,bipolar,PN00,10,grouped,0,5,PN00-1.edf,115,42,14,6,1,34,1,0.9306122448979592,0.8571428571428571,0.9714285714285714,0.8571428571428571,0.8571428571428571,0.9523809523809523
siena,bipolar,PN00,10,h=1,0,5,PN00-1.edf,115,42,33,5,4,31,2,0.9224489795918368,0.7142857142857143,0.8857142857142857,0.5555555555555556,0.625,0.8571428571428571
siena,bipolar,PN00,10,grouped,1,5,PN00-2.edf,124,30,99,5,2,23,0,1.0,1.0,0.92,0.7142857142857143,0.8333333333333334,0.9333333333333333
siena,bipolar,PN00,10,h=1,1,5,PN00-2.edf,124,30,98,5,0,25,0,1.0,1.0,1.0,1.0,1.0,1.0
siena,bipolar,PN00,10,grouped,2,5,PN00-3.edf,120,36,44,5,8,22,1,0.8722222222222222,0.8333333333333334,0.7333333333333333,0.38461538461538464,0.5263157894736842,0.75
siena,bipolar,PN00,10,h=1,2,5,PN00-3.edf,120,36,68,6,13,17,0,0.8333333333333333,1.0,0.5666666666666667,0.3157894736842105,0.48,0.6388888888888888
siena,bipolar,PN00,10,grouped,3,5,PN00-4.edf,115,42,99,6,0,35,1,1.0,0.8571428571428571,1.0,1.0,0.9230769230769231,0.9761904761904762
siena,bipolar,PN00,10,h=1,3,5,PN00-4.edf,115,42,98,6,0,35,1,0.9428571428571428,0.8571428571428571,1.0,1.0,0.9230769230769231,0.9761904761904762
siena,bipolar,PN00,10,grouped,4,5,PN00-5.edf,120,36,63,5,1,29,1,0.9333333333333332,0.8333333333333334,0.9666666666666667,0.8333333333333334,0.8333333333333334,0.9444444444444444
siena,bipolar,PN00,10,h=1,4,5,PN00-5.edf,120,36,99,5,0,30,1,0.9722222222222224,0.8333333333333334,1.0,1.0,0.9090909090909091,0.9722222222222222
siena,bipolar,PN14,10,grouped,0,4,PN14-1.edf,62,12,99,2,1,9,0,0.95,1.0,0.9,0.6666666666666666,0.8,0.9166666666666666
siena,bipolar,PN14,10,h=1,0,4,PN14-1.edf,62,12,84,2,7,3,0,0.95,1.0,0.3,0.2222222222222222,0.36363636363636365,0.4166666666666667
siena,bipolar,PN14,10,grouped,1,4,PN14-2.edf,67,6,74,1,0,5,0,1.0,1.0,1.0,1.0,1.0,1.0
siena,bipolar,PN14,10,h=1,1,4,PN14-2.edf,67,6,98,0,1,4,1,0.8,0.0,0.8,0.0,0.0,0.6666666666666666
siena,bipolar,PN14,10,grouped,2,4,PN14-3.edf,52,24,99,2,0,20,2,0.9625,0.5,1.0,1.0,0.6666666666666666,0.9166666666666666
siena,bipolar,PN14,10,h=1,2,4,PN14-3.edf,52,24,99,2,0,20,2,0.975,0.5,1.0,1.0,0.6666666666666666,0.9166666666666666
siena,bipolar,PN14,10,grouped,3,4,PN14-4.edf,33,48,97,7,0,40,1,0.990625,0.875,1.0,1.0,0.9333333333333333,0.9791666666666666
siena,bipolar,PN14,10,h=1,3,4,PN14-4.edf,33,48,48,5,1,39,3,0.965625,0.625,0.975,0.8333333333333334,0.7142857142857143,0.9166666666666666
siena,referential,PN00,3,grouped,0,5,PN00-1.edf,403,138,40,19,2,113,4,0.980718336483932,0.8260869565217391,0.9826086956521739,0.9047619047619048,0.8636363636363636,0.9565217391304348
siena,referential,PN00,3,h=1,0,5,PN00-1.edf,403,138,67,20,1,114,3,0.9561436672967863,0.8695652173913043,0.991304347826087,0.9523809523809523,0.9090909090909091,0.9710144927536232
siena,referential,PN00,3,grouped,1,5,PN00-2.edf,427,108,57,17,2,88,1,0.9648148148148148,0.9444444444444444,0.9777777777777777,0.8947368421052632,0.918918918918919,0.9722222222222222
siena,referential,PN00,3,h=1,1,5,PN00-2.edf,427,108,38,18,24,66,0,0.9975308641975308,1.0,0.7333333333333333,0.42857142857142855,0.6,0.7777777777777778
siena,referential,PN00,3,grouped,2,5,PN00-3.edf,417,120,32,17,22,78,3,0.9275,0.85,0.78,0.4358974358974359,0.576271186440678,0.7916666666666666
siena,referential,PN00,3,h=1,2,5,PN00-3.edf,417,120,51,16,10,90,4,0.912,0.8,0.9,0.6153846153846154,0.6956521739130435,0.8833333333333333
siena,referential,PN00,3,grouped,3,5,PN00-4.edf,398,144,55,19,0,120,5,0.9600694444444444,0.7916666666666666,1.0,1.0,0.8837209302325582,0.9652777777777778
siena,referential,PN00,3,h=1,3,5,PN00-4.edf,398,144,61,21,0,120,3,0.94375,0.875,1.0,1.0,0.9333333333333333,0.9791666666666666
siena,referential,PN00,3,grouped,4,5,PN00-5.edf,408,132,39,21,14,96,1,0.9681818181818184,0.9545454545454546,0.8727272727272727,0.6,0.7368421052631579,0.8863636363636364
siena,referential,PN00,3,h=1,4,5,PN00-5.edf,408,132,23,19,8,102,3,0.9640495867768596,0.8636363636363636,0.9272727272727272,0.7037037037037037,0.7755102040816326,0.9166666666666666
siena,referential,PN14,3,grouped,0,4,PN14-1.edf,211,54,17,7,2,43,2,0.928395061728395,0.7777777777777778,0.9555555555555556,0.7777777777777778,0.7777777777777778,0.9259259259259259
siena,referential,PN14,3,h=1,0,4,PN14-1.edf,211,54,64,8,1,44,1,0.977777777777778,0.8888888888888888,0.9777777777777777,0.8888888888888888,0.8888888888888888,0.9629629629629629
siena,referential,PN14,3,grouped,1,4,PN14-2.edf,235,24,53,3,0,20,1,1.0,0.75,1.0,1.0,0.8571428571428571,0.9583333333333334
siena,referential,PN14,3,h=1,1,4,PN14-2.edf,235,24,88,3,0,20,1,0.8625,0.75,1.0,1.0,0.8571428571428571,0.9583333333333334
siena,referential,PN14,3,grouped,2,4,PN14-3.edf,192,78,47,11,8,57,2,0.9112426035502958,0.8461538461538461,0.8769230769230769,0.5789473684210527,0.6875,0.8717948717948718
siena,referential,PN14,3,h=1,2,4,PN14-3.edf,192,78,97,8,2,63,5,0.9668639053254438,0.6153846153846154,0.9692307692307692,0.8,0.6956521739130435,0.9102564102564102
siena,referential,PN14,3,grouped,3,4,PN14-4.edf,124,162,44,22,22,113,5,0.9294924554183812,0.8148148148148148,0.837037037037037,0.5,0.6197183098591549,0.8333333333333334
siena,referential,PN14,3,h=1,3,4,PN14-4.edf,124,162,60,26,25,110,1,0.9829903978052128,0.9629629629629629,0.8148148148148148,0.5098039215686274,0.6666666666666666,0.8395061728395061
siena,referential,PN00,10,grouped,0,5,PN00-1.edf,115,42,19,6,0,35,1,0.9306122448979592,0.8571428571428571,1.0,1.0,0.9230769230769231,0.9761904761904762
siena,referential,PN00,10,h=1,0,5,PN00-1.edf,115,42,33,4,3,32,3,0.8857142857142857,0.5714285714285714,0.9142857142857143,0.5714285714285714,0.5714285714285714,0.8571428571428571
siena,referential,PN00,10,grouped,1,5,PN00-2.edf,124,30,98,4,0,25,1,0.992,0.8,1.0,1.0,0.8888888888888888,0.9666666666666667
siena,referential,PN00,10,h=1,1,5,PN00-2.edf,124,30,98,5,2,23,0,1.0,1.0,0.92,0.7142857142857143,0.8333333333333334,0.9333333333333333
siena,referential,PN00,10,grouped,2,5,PN00-3.edf,120,36,64,5,6,24,1,0.8555555555555555,0.8333333333333334,0.8,0.45454545454545453,0.5882352941176471,0.8055555555555556
siena,referential,PN00,10,h=1,2,5,PN00-3.edf,120,36,75,5,8,22,1,0.8833333333333333,0.8333333333333334,0.7333333333333333,0.38461538461538464,0.5263157894736842,0.75
siena,referential,PN00,10,grouped,3,5,PN00-4.edf,115,42,99,5,0,35,2,1.0,0.7142857142857143,1.0,1.0,0.8333333333333334,0.9523809523809523
siena,referential,PN00,10,h=1,3,5,PN00-4.edf,115,42,98,6,0,35,1,0.9591836734693876,0.8571428571428571,1.0,1.0,0.9230769230769231,0.9761904761904762
siena,referential,PN00,10,grouped,4,5,PN00-5.edf,120,36,61,5,2,28,1,0.9388888888888888,0.8333333333333334,0.9333333333333333,0.7142857142857143,0.7692307692307693,0.9166666666666666
siena,referential,PN00,10,h=1,4,5,PN00-5.edf,120,36,97,5,0,30,1,1.0,0.8333333333333334,1.0,1.0,0.9090909090909091,0.9722222222222222
siena,referential,PN14,10,grouped,0,4,PN14-1.edf,62,12,99,1,0,10,1,1.0,0.5,1.0,1.0,0.6666666666666666,0.9166666666666666
siena,referential,PN14,10,h=1,0,4,PN14-1.edf,62,12,98,2,4,6,0,0.9,1.0,0.6,0.3333333333333333,0.5,0.6666666666666666
siena,referential,PN14,10,grouped,1,4,PN14-2.edf,67,6,52,1,1,4,0,1.0,1.0,0.8,0.5,0.6666666666666666,0.8333333333333334
siena,referential,PN14,10,h=1,1,4,PN14-2.edf,67,6,99,1,0,5,0,1.0,1.0,1.0,1.0,1.0,1.0
siena,referential,PN14,10,grouped,2,4,PN14-3.edf,52,24,98,2,1,19,2,0.975,0.5,0.95,0.6666666666666666,0.5714285714285714,0.875
siena,referential,PN14,10,h=1,2,4,PN14-3.edf,52,24,99,2,0,20,2,1.0,0.5,1.0,1.0,0.6666666666666666,0.9166666666666666
siena,referential,PN14,10,grouped,3,4,PN14-4.edf,33,48,99,5,0,40,3,0.9375,0.625,1.0,1.0,0.7692307692307693,0.9375
siena,referential,PN14,10,h=1,3,4,PN14-4.edf,33,48,12,0,0,40,8,0.7406250000000001,0.0,1.0,,0.0,0.8333333333333334
chbmit,bipolar,chb01,1,grouped,0,5,chb01_03.edf,1929,240,25,34,2,198,6,0.9902500000000001,0.85,0.99,0.9444444444444444,0.8947368421052632,0.9666666666666667
chbmit,bipolar,chb01,1,h=1,0,5,chb01_03.edf,1929,240,30,36,4,196,4,0.9715,0.9,0.98,0.9,0.9,0.9666666666666667
chbmit,bipolar,chb01,1,grouped,1,5,chb01_21.edf,1675,558,33,86,26,439,7,0.9835587929240375,0.9247311827956989,0.9440860215053763,0.7678571428571429,0.8390243902439024,0.9408602150537635
chbmit,bipolar,chb01,1,h=1,1,5,chb01_21.edf,1675,558,22,88,7,458,5,0.9964620187304891,0.946236559139785,0.9849462365591398,0.9263157894736842,0.9361702127659575,0.978494623655914
chbmit,bipolar,chb01,1,grouped,2,5,chb01_15.edf;chb01_16.edf,1684,546,9,77,38,417,14,0.9653181982852312,0.8461538461538461,0.9164835164835164,0.6695652173913044,0.7475728155339806,0.9047619047619048
chbmit,bipolar,chb01,1,h=1,2,5,chb01_15.edf;chb01_16.edf,1684,546,93,90,61,394,1,0.9909189711387514,0.989010989010989,0.865934065934066,0.5960264900662252,0.743801652892562,0.8864468864468864
chbmit,bipolar,chb01,1,grouped,3,5,chb01_04.edf;chb01_18.edf,1560,702,18,94,2,583,23,0.9928994082840237,0.8034188034188035,0.9965811965811966,0.9791666666666666,0.8826291079812206,0.9643874643874644
chbmit,bipolar,chb01,1,h=1,3,5,chb01_04.edf;chb01_18.edf,1560,702,29,112,3,582,5,0.998699685879173,0.9572649572649573,0.9948717948717949,0.9739130434782609,0.9655172413793104,0.9886039886039886
chbmit,bipolar,chb01,1,grouped,4,5,chb01_26.edf,1636,606,15,99,52,453,2,0.9865895500441133,0.9801980198019802,0.897029702970297,0.6556291390728477,0.7857142857142857,0.9108910891089109
chbmit,bipolar,chb01,1,h=1,4,5,chb01_26.edf,1636,606,36,97,17,488,4,0.9965101460641114,0.9603960396039604,0.9663366336633663,0.8508771929824561,0.9023255813953488,0.9653465346534653
chbmit,bipolar,chb18,1,grouped,0,5,chb18_30.edf,1377,180,6,7,4,146,23,0.6686666666666666,0.23333333333333334,0.9733333333333334,0.6363636363636364,0.34146341463414637,0.85
chbmit,bipolar,chb18,1,h=1,0,5,chb18_30.edf,1377,180,96,5,1,149,25,0.6746666666666666,0.16666666666666666,0.9933333333333333,0.8333333333333334,0.2777777777777778,0.8555555555555555
chbmit,bipolar,chb18,1,grouped,1,5,chb18_36.edf,1300,276,20,46,59,171,0,0.9766540642722118,1.0,0.7434782608695653,0.4380952380952381,0.609271523178808,0.7862318840579711
chbmit,bipolar,chb18,1,h=1,1,5,chb18_36.edf,1300,276,50,46,72,158,0,0.9204158790170132,1.0,0.6869565217391305,0.3898305084745763,0.5609756097560976,0.7391304347826086
chbmit,bipolar,chb18,1,grouped,2,5,chb18_35.edf,1195,408,10,53,6,334,15,0.9546712802768166,0.7794117647058824,0.9823529411764705,0.8983050847457628,0.8346456692913385,0.9485294117647058
chbmit,bipolar,chb18,1,h=1,2,5,chb18_35.edf,1195,408,98,58,16,324,10,0.9778114186851212,0.8529411764705882,0.9529411764705882,0.7837837837837838,0.8169014084507042,0.9362745098039216
chbmit,bipolar,chb18,1,grouped,3,5,chb18_32.edf,1257,330,8,52,13,262,3,0.9926611570247934,0.9454545454545454,0.9527272727272728,0.8,0.8666666666666667,0.9515151515151515
chbmit,bipolar,chb18,1,h=1,3,5,chb18_32.edf,1257,330,76,55,79,196,0,0.9733553719008265,1.0,0.7127272727272728,0.41044776119402987,0.582010582010582,0.7606060606060606
chbmit,bipolar,chb18,1,grouped,4,5,chb18_29.edf;chb18_31.edf,955,708,10,89,7,583,29,0.9701953461648951,0.7542372881355932,0.988135593220339,0.9270833333333334,0.8317757009345794,0.9491525423728814
chbmit,bipolar,chb18,1,h=1,4,5,chb18_29.edf;chb18_31.edf,955,708,96,101,26,564,17,0.9728669922436082,0.8559322033898306,0.9559322033898305,0.7952755905511811,0.8244897959183674,0.9392655367231638
chbmit,bipolar,chb01,5,grouped,0,5,chb01_03.edf,379,48,31,7,1,39,1,0.996875,0.875,0.975,0.875,0.875,0.9583333333333334
chbmit,bipolar,chb01,5,h=1,0,5,chb01_03.edf,379,48,80,8,1,39,0,0.99375,1.0,0.975,0.8888888888888888,0.9411764705882353,0.9791666666666666
chbmit,bipolar,chb01,5,grouped,1,5,chb01_21.edf,331,108,93,16,4,86,2,0.9938271604938271,0.8888888888888888,0.9555555555555556,0.8,0.8421052631578947,0.9444444444444444
chbmit,bipolar,chb01,5,h=1,1,5,chb01_21.edf,331,108,46,16,0,90,2,1.0,0.8888888888888888,1.0,1.0,0.9411764705882353,0.9814814814814815
chbmit,bipolar,chb01,5,grouped,2,5,chb01_26.edf,321,120,92,19,3,97,1,0.996,0.95,0.97,0.8636363636363636,0.9047619047619048,0.9666666666666667
chbmit,bipolar,chb01,5,h=1,2,5,chb01_26.edf,321,120,66,19,0,100,1,0.999,0.95,1.0,1.0,0.9743589743589743,0.9916666666666667
chbmit,bipolar,chb01,5,grouped,3,5,chb01_15.edf;chb01_16.edf,331,108,60,16,0,90,2,1.0,0.8888888888888888,1.0,1.0,0.9411764705882353,0.9814814814814815
chbmit,bipolar,chb01,5,h=1,3,5,chb01_15.edf;chb01_16.edf,331,108,80,18,22,68,0,1.0,1.0,0.7555555555555555,0.45,0.6206896551724138,0.7962962962962963
chbmit,bipolar,chb01,5,grouped,4,5,chb01_04.edf;chb01_18.edf,307,138,36,22,0,115,1,1.0,0.9565217391304348,1.0,1.0,0.9777777777777777,0.9927536231884058
chbmit,bipolar,chb01,5,h=1,4,5,chb01_04.edf;chb01_18.edf,307,138,76,22,0,115,1,1.0,0.9565217391304348,1.0,1.0,0.9777777777777777,0.9927536231884058
chbmit,bipolar,chb18,5,grouped,0,5,chb18_36.edf,254,54,89,9,4,41,0,1.0,1.0,0.9111111111111111,0.6923076923076923,0.8181818181818182,0.9259259259259259
chbmit,bipolar,chb18,5,h=1,0,5,chb18_36.edf,254,54,77,9,15,30,0,0.9308641975308641,1.0,0.6666666666666666,0.375,0.5454545454545454,0.7222222222222222
chbmit,bipolar,chb18,5,grouped,1,5,chb18_32.edf,244,66,30,11,0,55,0,1.0,1.0,1.0,1.0,1.0,1.0
chbmit,bipolar,chb18,5,h=1,1,5,chb18_32.edf,244,66,98,11,4,51,0,0.9983471074380165,1.0,0.9272727272727272,0.7333333333333333,0.8461538461538461,0.9393939393939394
chbmit,bipolar,chb18,5,grouped,2,5,chb18_35.edf,235,78,30,13,1,64,0,1.0,1.0,0.9846153846153847,0.9285714285714286,0.9629629629629629,0.9871794871794872
chbmit,bipolar,chb18,5,h=1,2,5,chb18_35.edf,235,78,48,12,3,62,1,0.991715976331361,0.9230769230769231,0.9538461538461539,0.8,0.8571428571428571,0.9487179487179487
chbmit,bipolar,chb18,5,grouped,3,5,chb18_30.edf,268,36,80,2,0,30,4,0.6888888888888889,0.3333333333333333,1.0,1.0,0.5,0.8888888888888888
chbmit,bipolar,chb18,5,h=1,3,5,chb18_30.edf,268,36,97,1,0,30,5,0.7111111111111111,0.16666666666666666,1.0,1.0,0.2857142857142857,0.8611111111111112
chbmit,bipolar,chb18,5,grouped,4,5,chb18_29.edf;chb18_31.edf,187,138,74,20,0,115,3,0.998109640831758,0.8695652173913043,1.0,1.0,0.9302325581395349,0.9782608695652174
chbmit,bipolar,chb18,5,h=1,4,5,chb18_29.edf;chb18_31.edf,187,138,26,23,3,112,0,0.9977315689981097,1.0,0.9739130434782609,0.8846153846153846,0.9387755102040817,0.9782608695652174
chbmit,bipolar,chb01,8,grouped,0,5,chb01_03.edf,230,30,29,5,0,25,0,1.0,1.0,1.0,1.0,1.0,1.0
chbmit,bipolar,chb01,8,h=1,0,5,chb01_03.edf,230,30,75,4,0,25,1,1.0,0.8,1.0,1.0,0.8888888888888888,0.9666666666666667
chbmit,bipolar,chb01,8,grouped,1,5,chb01_21.edf,201,66,52,11,1,54,0,1.0,1.0,0.9818181818181818,0.9166666666666666,0.9565217391304348,0.9848484848484849
chbmit,bipolar,chb01,8,h=1,1,5,chb01_21.edf,201,66,84,11,0,55,0,1.0,1.0,1.0,1.0,1.0,1.0
chbmit,bipolar,chb01,8,grouped,2,5,chb01_26.edf,196,72,97,12,1,59,0,0.9972222222222221,1.0,0.9833333333333333,0.9230769230769231,0.96,0.9861111111111112
chbmit,bipolar,chb01,8,h=1,2,5,chb01_26.edf,196,72,68,11,0,60,1,1.0,0.9166666666666666,1.0,1.0,0.9565217391304348,0.9861111111111112
chbmit,bipolar,chb01,8,grouped,3,5,chb01_15.edf;chb01_16.edf,201,66,83,10,0,55,1,1.0,0.9090909090909091,1.0,1.0,0.9523809523809523,0.9848484848484849
chbmit,bipolar,chb01,8,h=1,3,5,chb01_15.edf;chb01_16.edf,201,66,82,11,22,33,0,0.9983471074380165,1.0,0.6,0.3333333333333333,0.5,0.6666666666666666
chbmit,bipolar,chb01,8,grouped,4,5,chb01_04.edf;chb01_18.edf,187,84,39,14,0,70,0,1.0,1.0,1.0,1.0,1.0,1.0
chbmit,bipolar,chb01,8,h=1,4,5,chb01_04.edf;chb01_18.edf,187,84,98,14,0,70,0,1.0,1.0,1.0,1.0,1.0,1.0
chbmit,bipolar,chb18,8,grouped,0,5,chb18_30.edf,158,18,99,1,0,15,2,0.711111111111111,0.3333333333333333,1.0,1.0,0.5,0.8888888888888888
chbmit,bipolar,chb18,8,h=1,0,5,chb18_30.edf,158,18,68,0,0,15,3,0.5555555555555556,0.0,1.0,,0.0,0.8333333333333334
chbmit,bipolar,chb18,8,grouped,1,5,chb18_36.edf,148,30,60,5,6,19,0,1.0,1.0,0.76,0.45454545454545453,0.625,0.8
chbmit,bipolar,chb18,8,h=1,1,5,chb18_36.edf,148,30,59,5,4,21,0,1.0,1.0,0.84,0.5555555555555556,0.7142857142857143,0.8666666666666667
chbmit,bipolar,chb18,8,grouped,2,5,chb18_32.edf,144,36,87,6,0,30,0,1.0,1.0,1.0,1.0,1.0,1.0
chbmit,bipolar,chb18,8,h=1,2,5,chb18_32.edf,144,36,40,6,6,24,0,1.0,1.0,0.8,0.5,0.6666666666666666,0.8333333333333334
chbmit,bipolar,chb18,8,grouped,3,5,chb18_35.edf,134,48,97,8,0,40,0,1.0,1.0,1.0,1.0,1.0,1.0
chbmit,bipolar,chb18,8,h=1,3,5,chb18_35.edf,134,48,66,7,1,39,1,0.9937499999999999,0.875,0.975,0.875,0.875,0.9583333333333334
chbmit,bipolar,chb18,8,grouped,4,5,chb18_29.edf;chb18_31.edf,105,84,77,14,1,69,0,1.0,1.0,0.9857142857142858,0.9333333333333333,0.9655172413793104,0.9880952380952381
chbmit,bipolar,chb18,8,h=1,4,5,chb18_29.edf;chb18_31.edf,105,84,62,14,5,65,0,0.9969387755102042,1.0,0.9285714285714286,0.7368421052631579,0.8484848484848485,0.9404761904761905
siena,bipolar,PN00,1,grouped,0,5,PN00-1.edf,1224,420,16,62,29,321,8,0.9652244897959184,0.8857142857142857,0.9171428571428571,0.6813186813186813,0.7701863354037267,0.9119047619047619
siena,bipolar,PN00,1,h=1,0,5,PN00-1.edf,1224,420,41,59,13,337,11,0.9528163265306122,0.8428571428571429,0.9628571428571429,0.8194444444444444,0.8309859154929577,0.9428571428571428
siena,bipolar,PN00,1,grouped,1,5,PN00-2.edf,1300,324,25,50,11,259,4,0.9829903978052127,0.9259259259259259,0.9592592592592593,0.819672131147541,0.8695652173913043,0.9537037037037037
siena,bipolar,PN00,1,h=1,1,5,PN00-2.edf,1300,324,64,50,30,240,4,0.9838820301783265,0.9259259259259259,0.8888888888888888,0.625,0.746268656716418,0.8950617283950617
siena,bipolar,PN00,1,grouped,2,5,PN00-3.edf,1272,360,15,50,57,243,10,0.9115555555555556,0.8333333333333334,0.81,0.4672897196261682,0.5988023952095808,0.8138888888888889
siena,bipolar,PN00,1,h=1,2,5,PN00-3.edf,1272,360,94,47,18,282,13,0.9172222222222222,0.7833333333333333,0.94,0.7230769230769231,0.752,0.9138888888888889
siena,bipolar,PN00,1,grouped,3,5,PN00-4.edf,1204,444,20,61,7,363,13,0.9546749452154858,0.8243243243243243,0.981081081081081,0.8970588235294118,0.8591549295774648,0.954954954954955
siena,bipolar,PN00,1,h=1,3,5,PN00-4.edf,1204,444,57,60,2,368,14,0.9493791088385682,0.8108108108108109,0.9945945945945946,0.967741935483871,0.8823529411764706,0.963963963963964
siena,bipolar,PN00,1,grouped,4,5,PN00-5.edf,1238,402,21,57,42,293,10,0.9376253063042995,0.8507462686567164,0.8746268656716418,0.5757575757575758,0.6867469879518072,0.8706467661691543
siena,bipolar,PN00,1,h=1,4,5,PN00-5.edf,1238,402,62,60,21,314,7,0.9665849855201604,0.8955223880597015,0.9373134328358209,0.7407407407407407,0.8108108108108109,0.9303482587064676
siena,bipolar,PN14,1,grouped,0,4,PN14-1.edf,652,162,16,15,10,125,12,0.8208504801097393,0.5555555555555556,0.9259259259259259,0.6,0.5769230769230769,0.8641975308641975
siena,bipolar,PN14,1,h=1,0,4,PN14-1.edf,652,162,38,23,20,115,4,0.9155006858710563,0.8518518518518519,0.8518518518518519,0.5348837209302325,0.6571428571428571,0.8518518518518519
siena,bipolar,PN14,1,grouped,1,4,PN14-2.edf,724,72,7,9,3,57,3,0.8652777777777778,0.75,0.95,0.75,0.75,0.9166666666666666
siena,bipolar,PN14,1,h=1,1,4,PN14-2.edf,724,72,53,9,4,56,3,0.8569444444444444,0.75,0.9333333333333333,0.6923076923076923,0.72,0.9027777777777778
siena,bipolar,PN14,1,grouped,2,4,PN14-3.edf,585,246,10,23,10,195,18,0.8907792980368828,0.5609756097560976,0.9512195121951219,0.696969696969697,0.6216216216216216,0.8861788617886179
siena,bipolar,PN14,1,h=1,2,4,PN14-3.edf,585,246,50,18,5,200,23,0.948602022605592,0.43902439024390244,0.975609756097561,0.782608695652174,0.5625,0.8861788617886179
siena,bipolar,PN14,1,grouped,3,4,PN14-4.edf,384,498,25,66,42,373,17,0.9191174335897808,0.7951807228915663,0.8987951807228916,0.6111111111111112,0.6910994764397905,0.8815261044176707
siena,bipolar,PN14,1,h=1,3,4,PN14-4.edf,384,498,58,72,70,345,11,0.9408912759471622,0.8674698795180723,0.8313253012048193,0.5070422535211268,0.64,0.8373493975903614
siena,bipolar,PN00,5,grouped,0,5,PN00-1.edf,235,84,37,12,0,70,2,0.973469387755102,0.8571428571428571,1.0,1.0,0.9230769230769231,0.9761904761904762
siena,bipolar,PN00,5,h=1,0,5,PN00-1.edf,235,84,98,12,3,67,2,0.9612244897959185,0.8571428571428571,0.9571428571428572,0.8,0.8275862068965517,0.9404761904761905
siena,bipolar,PN00,5,grouped,1,5,PN00-2.edf,254,60,24,10,8,42,0,0.988,1.0,0.84,0.5555555555555556,0.7142857142857143,0.8666666666666667
siena,bipolar,PN00,5,h=1,1,5,PN00-2.edf,254,60,88,10,10,40,0,0.998,1.0,0.8,0.5,0.6666666666666666,0.8333333333333334
siena,bipolar,PN00,5,grouped,2,5,PN00-3.edf,244,72,48,10,7,53,2,0.9444444444444444,0.8333333333333334,0.8833333333333333,0.5882352941176471,0.6896551724137931,0.875
siena,bipolar,PN00,5,h=1,2,5,PN00-3.edf,244,72,99,10,6,54,2,0.9416666666666667,0.8333333333333334,0.9,0.625,0.7142857142857143,0.8888888888888888
siena,bipolar,PN00,5,grouped,3,5,PN00-4.edf,235,84,39,12,1,69,2,0.989795918367347,0.8571428571428571,0.9857142857142858,0.9230769230769231,0.8888888888888888,0.9642857142857143
siena,bipolar,PN00,5,h=1,3,5,PN00-4.edf,235,84,97,11,2,68,3,0.9571428571428572,0.7857142857142857,0.9714285714285714,0.8461538461538461,0.8148148148148148,0.9404761904761905
siena,bipolar,PN00,5,grouped,4,5,PN00-5.edf,240,78,40,11,5,60,2,0.898224852071006,0.8461538461538461,0.9230769230769231,0.6875,0.7586206896551724,0.9102564102564102
siena,bipolar,PN00,5,h=1,4,5,PN00-5.edf,240,78,96,11,3,62,2,0.9846153846153847,0.8461538461538461,0.9538461538461539,0.7857142857142857,0.8148148148148148,0.9358974358974359
siena,bipolar,PN14,5,grouped,0,4,PN14-1.edf,124,30,60,3,1,24,2,0.928,0.6,0.96,0.75,0.6666666666666666,0.9
siena,bipolar,PN14,5,h=1,0,4,PN14-1.edf,124,30,97,4,6,19,1,0.8960000000000001,0.8,0.76,0.4,0.5333333333333333,0.7666666666666667
siena,bipolar,PN14,5,grouped,1,4,PN14-2.edf,139,12,67,1,0,10,1,1.0,0.5,1.0,1.0,0.6666666666666666,0.9166666666666666
siena,bipolar,PN14,5,h=1,1,4,PN14-2.edf,139,12,96,1,0,10,1,0.9500000000000001,0.5,1.0,1.0,0.6666666666666666,0.9166666666666666
siena,bipolar,PN14,5,grouped,2,4,PN14-3.edf,110,48,42,4,0,40,4,0.8999999999999999,0.5,1.0,1.0,0.6666666666666666,0.9166666666666666
siena,bipolar,PN14,5,h=1,2,4,PN14-3.edf,110,48,48,4,0,40,4,0.9625,0.5,1.0,1.0,0.6666666666666666,0.9166666666666666
siena,bipolar,PN14,5,grouped,3,4,PN14-4.edf,72,96,99,13,2,78,3,0.96015625,0.8125,0.975,0.8666666666666667,0.8387096774193549,0.9479166666666666
siena,bipolar,PN14,5,h=1,3,4,PN14-4.edf,72,96,68,12,3,77,4,0.9601562499999999,0.75,0.9625,0.8,0.7741935483870968,0.9270833333333334
siena,bipolar,PN00,8,grouped,0,5,PN00-1.edf,144,48,82,6,0,40,2,0.9937499999999999,0.75,1.0,1.0,0.8571428571428571,0.9583333333333334
siena,bipolar,PN00,8,h=1,0,5,PN00-1.edf,144,48,98,7,0,40,1,0.965625,0.875,1.0,1.0,0.9333333333333333,0.9791666666666666
siena,bipolar,PN00,8,grouped,1,5,PN00-2.edf,153,36,51,6,1,29,0,0.9944444444444445,1.0,0.9666666666666667,0.8571428571428571,0.9230769230769231,0.9722222222222222
siena,bipolar,PN00,8,h=1,1,5,PN00-2.edf,153,36,88,6,2,28,0,1.0,1.0,0.9333333333333333,0.75,0.8571428571428571,0.9444444444444444
siena,bipolar,PN00,8,grouped,2,5,PN00-3.edf,148,42,67,6,11,24,1,0.9020408163265305,0.8571428571428571,0.6857142857142857,0.35294117647058826,0.5,0.7142857142857143
siena,bipolar,PN00,8,h=1,2,5,PN00-3.edf,148,42,94,6,8,27,1,0.8653061224489796,0.8571428571428571,0.7714285714285715,0.42857142857142855,0.5714285714285714,0.7857142857142857
siena,bipolar,PN00,8,grouped,3,5,PN00-4.edf,139,54,87,9,9,36,0,0.9851851851851852,1.0,0.8,0.5,0.6666666666666666,0.8333333333333334
siena,bipolar,PN00,8,h=1,3,5,PN00-4.edf,139,54,99,8,2,43,1,0.9333333333333333,0.8888888888888888,0.9555555555555556,0.8,0.8421052631578947,0.9444444444444444
siena,bipolar,PN00,8,grouped,4,5,PN00-5.edf,144,48,88,7,0,40,1,0.921875,0.875,1.0,1.0,0.9333333333333333,0.9791666666666666
siena,bipolar,PN00,8,h=1,4,5,PN00-5.edf,144,48,96,6,0,40,2,0.95625,0.75,1.0,1.0,0.8571428571428571,0.9583333333333334
siena,bipolar,PN14,8,grouped,0,4,PN14-1.edf,76,18,79,0,0,15,3,1.0,0.0,1.0,,0.0,0.8333333333333334
siena,bipolar,PN14,8,h=1,0,4,PN14-1.edf,76,18,56,3,3,12,0,0.9777777777777777,1.0,0.8,0.5,0.6666666666666666,0.8333333333333334
siena,bipolar,PN14,8,grouped,1,4,PN14-2.edf,86,6,95,1,0,5,0,1.0,1.0,1.0,1.0,1.0,1.0
siena,bipolar,PN14,8,h=1,1,4,PN14-2.edf,86,6,42,0,0,5,1,0.8,0.0,1.0,,0.0,0.8333333333333334
siena,bipolar,PN14,8,grouped,2,4,PN14-3.edf,67,30,69,3,1,24,2,0.9199999999999999,0.6,0.96,0.75,0.6666666666666666,0.9
siena,bipolar,PN14,8,h=1,2,4,PN14-3.edf,67,30,97,2,1,24,3,0.976,0.4,0.96,0.6666666666666666,0.5,0.8666666666666667
siena,bipolar,PN14,8,grouped,3,4,PN14-4.edf,43,60,99,9,1,49,1,0.97,0.9,0.98,0.9,0.9,0.9666666666666667
siena,bipolar,PN14,8,h=1,3,4,PN14-4.edf,43,60,99,9,9,41,1,0.9780000000000001,0.9,0.82,0.5,0.6428571428571429,0.8333333333333334
siena,referential,PN00,1,grouped,0,5,PN00-1.edf,1224,420,20,62,16,334,8,0.963469387755102,0.8857142857142857,0.9542857142857143,0.7948717948717948,0.8378378378378378,0.9428571428571428
siena,referential,PN00,1,h=1,0,5,PN00-1.edf,1224,420,67,58,12,338,12,0.9549795918367348,0.8285714285714286,0.9657142857142857,0.8285714285714286,0.8285714285714286,0.9428571428571428
siena,referential,PN00,1,grouped,1,5,PN00-2.edf,1300,324,22,52,10,260,2,0.9923182441700961,0.9629629629629629,0.9629629629629629,0.8387096774193549,0.896551724137931,0.9629629629629629
siena,referential,PN00,1,h=1,1,5,PN00-2.edf,1300,324,24,53,44,226,1,0.9798353909465021,0.9814814814814815,0.837037037037037,0.5463917525773195,0.7019867549668874,0.8611111111111112
siena,referential,PN00,1,grouped,2,5,PN00-3.edf,1272,360,13,53,38,262,7,0.8996111111111111,0.8833333333333333,0.8733333333333333,0.5824175824175825,0.7019867549668874,0.875
siena,referential,PN00,1,h=1,2,5,PN00-3.edf,1272,360,60,44,5,295,16,0.9265,0.7333333333333333,0.9833333333333333,0.8979591836734694,0.8073394495412844,0.9416666666666667
siena,referential,PN00,1,grouped,3,5,PN00-4.edf,1204,444,15,54,6,364,20,0.9301314828341855,0.7297297297297297,0.9837837837837838,0.9,0.8059701492537313,0.9414414414414415
siena,referential,PN00,1,h=1,3,5,PN00-4.edf,1204,444,40,60,5,365,14,0.9509130752373995,0.8108108108108109,0.9864864864864865,0.9230769230769231,0.8633093525179856,0.9572072072072072
siena,referential,PN00,1,grouped,4,5,PN00-5.edf,1238,402,25,59,29,306,8,0.9510804188015148,0.8805970149253731,0.9134328358208955,0.6704545454545454,0.7612903225806451,0.9079601990049752
siena,referential,PN00,1,h=1,4,5,PN00-5.edf,1238,402,53,61,22,313,6,0.9740253954110047,0.9104477611940298,0.9343283582089552,0.7349397590361446,0.8133333333333334,0.9303482587064676
siena,referential,PN14,1,grouped,0,4,PN14-1.edf,652,162,25,8,7,128,19,0.753360768175583,0.2962962962962963,0.9481481481481482,0.5333333333333333,0.38095238095238093,0.8395061728395061
siena,referential,PN14,1,h=1,0,4,PN14-1.edf,652,162,40,17,8,127,10,0.9267489711934156,0.6296296296296297,0.9407407407407408,0.68,0.6538461538461539,0.8888888888888888
siena,referential,PN14,1,grouped,1,4,PN14-2.edf,724,72,21,8,3,57,4,0.9041666666666666,0.6666666666666666,0.95,0.7272727272727273,0.6956521739130435,0.9027777777777778
siena,referential,PN14,1,h=1,1,4,PN14-2.edf,724,72,47,10,3,57,2,0.8555555555555555,0.8333333333333334,0.95,0.7692307692307693,0.8,0.9305555555555556
siena,referential,PN14,1,grouped,2,4,PN14-3.edf,585,246,20,25,12,193,16,0.8779298036882808,0.6097560975609756,0.9414634146341463,0.6756756756756757,0.6410256410256411,0.8861788617886179
siena,referential,PN14,1,h=1,2,4,PN14-3.edf,585,246,23,20,2,203,21,0.9634741225461034,0.4878048780487805,0.9902439024390244,0.9090909090909091,0.6349206349206349,0.9065040650406504
siena,referential,PN14,1,grouped,3,4,PN14-4.edf,384,498,31,62,35,380,21,0.9037596167803745,0.7469879518072289,0.9156626506024096,0.6391752577319587,0.6888888888888889,0.8875502008032129
siena,referential,PN14,1,h=1,3,4,PN14-4.edf,384,498,30,76,58,357,7,0.959994193642038,0.9156626506024096,0.8602409638554217,0.5671641791044776,0.7004608294930875,0.8694779116465864
siena,referential,PN00,5,grouped,0,5,PN00-1.edf,235,84,54,12,3,67,2,0.9826530612244897,0.8571428571428571,0.9571428571428572,0.8,0.8275862068965517,0.9404761904761905
siena,referential,PN00,5,h=1,0,5,PN00-1.edf,235,84,97,12,3,67,2,0.9602040816326531,0.8571428571428571,0.9571428571428572,0.8,0.8275862068965517,0.9404761904761905
siena,referential,PN00,5,grouped,1,5,PN00-2.edf,254,60,40,10,5,45,0,0.998,1.0,0.9,0.6666666666666666,0.8,0.9166666666666666
siena,referential,PN00,5,h=1,1,5,PN00-2.edf,254,60,82,10,11,39,0,0.996,1.0,0.78,0.47619047619047616,0.6451612903225806,0.8166666666666667
siena,referential,PN00,5,grouped,2,5,PN00-3.edf,244,72,67,10,6,54,2,0.9444444444444444,0.8333333333333334,0.9,0.625,0.7142857142857143,0.8888888888888888
siena,referential,PN00,5,h=1,2,5,PN00-3.edf,244,72,97,9,2,58,3,0.9569444444444444,0.75,0.9666666666666667,0.8181818181818182,0.782608695652174,0.9305555555555556
siena,referential,PN00,5,grouped,3,5,PN00-4.edf,235,84,55,11,0,70,3,0.9836734693877551,0.7857142857142857,1.0,1.0,0.88,0.9642857142857143
siena,referential,PN00,5,h=1,3,5,PN00-4.edf,235,84,92,12,1,69,2,0.9571428571428571,0.8571428571428571,0.9857142857142858,0.9230769230769231,0.8888888888888888,0.9642857142857143
siena,referential,PN00,5,grouped,4,5,PN00-5.edf,240,78,27,11,9,56,2,0.9029585798816568,0.8461538461538461,0.8615384615384616,0.55,0.6666666666666666,0.8589743589743589
siena,referential,PN00,5,h=1,4,5,PN00-5.edf,240,78,70,11,4,61,2,0.9810650887573964,0.8461538461538461,0.9384615384615385,0.7333333333333333,0.7857142857142857,0.9230769230769231
siena,referential,PN14,5,grouped,0,4,PN14-1.edf,124,30,36,3,0,25,2,0.8480000000000001,0.6,1.0,1.0,0.75,0.9333333333333333
siena,referential,PN14,5,h=1,0,4,PN14-1.edf,124,30,98,4,2,23,1,0.9600000000000001,0.8,0.92,0.6666666666666666,0.7272727272727273,0.9
siena,referential,PN14,5,grouped,1,4,PN14-2.edf,139,12,95,2,0,10,0,1.0,1.0,1.0,1.0,1.0,1.0
siena,referential,PN14,5,h=1,1,4,PN14-2.edf,139,12,99,1,0,10,1,1.0,0.5,1.0,1.0,0.6666666666666666,0.9166666666666666
siena,referential,PN14,5,grouped,2,4,PN14-3.edf,110,48,54,4,0,40,4,0.971875,0.5,1.0,1.0,0.6666666666666666,0.9166666666666666
siena,referential,PN14,5,h=1,2,4,PN14-3.edf,110,48,99,5,2,38,3,0.971875,0.625,0.95,0.7142857142857143,0.6666666666666666,0.8958333333333334
siena,referential,PN14,5,grouped,3,4,PN14-4.edf,72,96,94,11,2,78,5,0.94765625,0.6875,0.975,0.8461538461538461,0.7586206896551724,0.9270833333333334
siena,referential,PN14,5,h=1,3,4,PN14-4.edf,72,96,99,14,11,69,2,0.9624999999999999,0.875,0.8625,0.56,0.6829268292682927,0.8645833333333334
siena,referential,PN00,8,grouped,0,5,PN00-1.edf,144,48,53,6,0,40,2,0.9875,0.75,1.0,1.0,0.8571428571428571,0.9583333333333334
siena,referential,PN00,8,h=1,0,5,PN00-1.edf,144,48,72,6,0,40,2,0.965625,0.75,1.0,1.0,0.8571428571428571,0.9583333333333334
siena,referential,PN00,8,grouped,1,5,PN00-2.edf,153,36,98,6,0,30,0,1.0,1.0,1.0,1.0,1.0,1.0
siena,referential,PN00,8,h=1,1,5,PN00-2.edf,153,36,95,6,2,28,0,1.0,1.0,0.9333333333333333,0.75,0.8571428571428571,0.9444444444444444
siena,referential,PN00,8,grouped,2,5,PN00-3.edf,148,42,80,6,8,27,1,0.8775510204081631,0.8571428571428571,0.7714285714285715,0.42857142857142855,0.5714285714285714,0.7857142857142857
siena,referential,PN00,8,h=1,2,5,PN00-3.edf,148,42,94,5,2,33,2,0.8693877551020408,0.7142857142857143,0.9428571428571428,0.7142857142857143,0.7142857142857143,0.9047619047619048
siena,referential,PN00,8,grouped,3,5,PN00-4.edf,139,54,53,7,0,45,2,0.9679012345679012,0.7777777777777778,1.0,1.0,0.875,0.9629629629629629
siena,referential,PN00,8,h=1,3,5,PN00-4.edf,139,54,98,8,3,42,1,0.9358024691358025,0.8888888888888888,0.9333333333333333,0.7272727272727273,0.8,0.9259259259259259
siena,referential,PN00,8,grouped,4,5,PN00-5.edf,144,48,89,7,0,40,1,0.9624999999999999,0.875,1.0,1.0,0.9333333333333333,0.9791666666666666
siena,referential,PN00,8,h=1,4,5,PN00-5.edf,144,48,96,7,0,40,1,0.9875,0.875,1.0,1.0,0.9333333333333333,0.9791666666666666
siena,referential,PN14,8,grouped,0,4,PN14-1.edf,76,18,99,2,0,15,1,1.0,0.6666666666666666,1.0,1.0,0.8,0.9444444444444444
siena,referential,PN14,8,h=1,0,4,PN14-1.edf,76,18,70,3,3,12,0,1.0,1.0,0.8,0.5,0.6666666666666666,0.8333333333333334
siena,referential,PN14,8,grouped,1,4,PN14-2.edf,86,6,99,1,0,5,0,1.0,1.0,1.0,1.0,1.0,1.0
siena,referential,PN14,8,h=1,1,4,PN14-2.edf,86,6,89,1,0,5,0,1.0,1.0,1.0,1.0,1.0,1.0
siena,referential,PN14,8,grouped,2,4,PN14-3.edf,67,30,58,5,2,23,0,0.992,1.0,0.92,0.7142857142857143,0.8333333333333334,0.9333333333333333
siena,referential,PN14,8,h=1,2,4,PN14-3.edf,67,30,97,2,1,24,3,0.976,0.4,0.96,0.6666666666666666,0.5,0.8666666666666667
siena,referential,PN14,8,grouped,3,4,PN14-4.edf,43,60,46,5,0,50,5,0.91,0.5,1.0,1.0,0.6666666666666666,0.9166666666666666
siena,referential,PN14,8,h=1,3,4,PN14-4.edf,43,60,99,8,8,42,2,0.944,0.8,0.84,0.5,0.6153846153846154,0.8333333333333334
