patient,window_sec,kernel_height,fold,n_folds,test_recordings,n_train,n_test,best_epoch,TP,FP,TN,FN,auroc,sensitivity,specificity,precision,f1,accuracy
chb01,1,1,0,5,chb01_03.edf,1929,240,98,36,3,197,4,0.987125,0.9,0.985,0.9230769230769231,0.9113924050632911,0.9708333333333333
chb01,1,1,1,5,chb01_21.edf,1675,558,26,88,7,458,5,0.9964851427910741,0.946236559139785,0.9849462365591398,0.9263157894736842,0.9361702127659575,0.978494623655914
chb01,1,1,2,5,chb01_15.edf;chb01_16.edf,1684,546,59,90,47,408,1,0.990218572636155,0.989010989010989,0.8967032967032967,0.656934306569343,0.7894736842105263,0.9120879120879121
chb01,1,1,3,5,chb01_04.edf;chb01_18.edf,1560,702,74,113,4,581,4,0.9991526042808094,0.9658119658119658,0.9931623931623932,0.9658119658119658,0.9658119658119658,0.9886039886039886
chb01,1,1,4,5,chb01_26.edf,1636,606,88,96,16,489,5,0.9953533967258112,0.9504950495049505,0.9683168316831683,0.8571428571428571,0.9014084507042254,0.9653465346534653
chb02,1,1,0,3,chb02_16+.edf,436,486,52,75,9,396,6,0.9943606157597926,0.9259259259259259,0.9777777777777777,0.8928571428571429,0.9090909090909091,0.9691358024691358
chb02,1,1,1,3,chb02_16.edf,432,492,71,81,9,401,1,0.9983640690065437,0.9878048780487805,0.9780487804878049,0.9,0.9418604651162791,0.9796747967479674
chb02,1,1,2,3,chb02_19.edf,782,54,74,8,0,45,1,0.9432098765432099,0.8888888888888888,1.0,1.0,0.9411764705882353,0.9814814814814815
chb03,1,1,0,5,chb03_02.edf,1617,390,97,62,3,322,3,0.9955976331360947,0.9538461538461539,0.9907692307692307,0.9538461538461539,0.9538461538461539,0.9846153846153847
chb03,1,1,1,5,chb03_03.edf,1598,414,84,69,15,330,0,0.9983196807393405,1.0,0.9565217391304348,0.8214285714285714,0.9019607843137255,0.9637681159420289
chb03,1,1,2,5,chb03_35.edf,1622,384,96,64,7,313,0,0.9984375,1.0,0.978125,0.9014084507042254,0.9481481481481482,0.9817708333333334
chb03,1,1,3,5,chb03_01.edf;chb03_36.edf,1425,630,91,103,8,517,2,0.9975873015873016,0.9809523809523809,0.9847619047619047,0.9279279279279279,0.9537037037037037,0.9841269841269841
chb03,1,1,4,5,chb03_04.edf;chb03_34.edf,1454,594,94,98,14,481,1,0.9908580757065606,0.98989898989899,0.9717171717171718,0.875,0.9289099526066351,0.9747474747474747
chb04,1,1,0,3,chb04_05.edf,1579,294,31,49,5,240,0,0.9870887130362349,1.0,0.9795918367346939,0.9074074074074074,0.9514563106796117,0.9829931972789115
chb04,1,1,1,3,chb04_08.edf,1281,666,55,111,96,459,0,0.9902929956984011,1.0,0.827027027027027,0.5362318840579711,0.6981132075471698,0.8558558558558559
chb04,1,1,2,3,chb04_28.edf,768,1308,94,184,4,1086,34,0.9772998905816008,0.8440366972477065,0.9963302752293578,0.9787234042553191,0.9064039408866995,0.9709480122324159
chb05,1,1,0,5,chb05_06.edf,2126,690,99,114,1,574,1,0.9998638941398866,0.991304347826087,0.9982608695652174,0.991304347826087,0.991304347826087,0.9971014492753624
chb05,1,1,1,5,chb05_13.edf,2150,660,90,95,3,547,15,0.9887603305785124,0.8636363636363636,0.9945454545454545,0.9693877551020408,0.9134615384615384,0.9727272727272728
chb05,1,1,2,5,chb05_16.edf,2217,576,90,90,2,478,6,0.9936197916666667,0.9375,0.9958333333333333,0.9782608695652174,0.9574468085106383,0.9861111111111112
chb05,1,1,3,5,chb05_17.edf,2102,720,95,114,17,583,6,0.9933472222222222,0.95,0.9716666666666667,0.8702290076335878,0.9083665338645418,0.9680555555555556
chb05,1,1,4,5,chb05_22.edf,2116,702,70,116,83,502,1,0.9918328584995252,0.9914529914529915,0.8581196581196581,0.5829145728643216,0.7341772151898734,0.8803418803418803
chb06,1,1,0,5,chb06_13.edf,672,78,99,13,42,23,0,0.9088757396449704,1.0,0.35384615384615387,0.23636363636363636,0.38235294117647056,0.46153846153846156
chb06,1,1,1,5,chb06_09.edf,657,96,92,13,3,77,3,0.97890625,0.8125,0.9625,0.8125,0.8125,0.9375
chb06,1,1,2,5,chb06_01.edf;chb06_18.edf,465,336,99,49,143,137,7,0.7602040816326531,0.875,0.48928571428571427,0.2552083333333333,0.3951612903225806,0.5535714285714286
chb06,1,1,3,5,chb06_04.edf,542,240,92,17,7,193,23,0.92425,0.425,0.965,0.7083333333333334,0.53125,0.875
chb06,1,1,4,5,chb06_10.edf;chb06_24.edf,600,168,38,15,13,127,13,0.9063775510204082,0.5357142857142857,0.9071428571428571,0.5357142857142857,0.5357142857142857,0.8452380952380952
chb07,1,1,0,3,chb07_12.edf,1147,516,40,82,7,423,4,0.9965927528393727,0.9534883720930233,0.9837209302325581,0.9213483146067416,0.9371428571428572,0.9786821705426356
chb07,1,1,1,3,chb07_13.edf,1099,576,38,93,11,469,3,0.9978949652777778,0.96875,0.9770833333333333,0.8942307692307693,0.93,0.9756944444444444
chb07,1,1,2,3,chb07_19.edf,873,858,63,100,7,708,43,0.9722138001858281,0.6993006993006993,0.9902097902097902,0.9345794392523364,0.8,0.9417249417249417
chb08,1,1,0,5,chb08_02.edf,3590,1026,95,144,11,844,27,0.9728053076160187,0.8421052631578947,0.9871345029239766,0.9290322580645162,0.8834355828220859,0.9629629629629629
chb08,1,1,1,5,chb08_05.edf,3499,1140,42,152,116,834,38,0.9225152354570637,0.8,0.8778947368421053,0.5671641791044776,0.6637554585152838,0.8649122807017544
chb08,1,1,2,5,chb08_11.edf,3768,804,95,124,23,647,10,0.9741813321452439,0.9253731343283582,0.9656716417910448,0.8435374149659864,0.8825622775800712,0.9589552238805971
chb08,1,1,3,5,chb08_13.edf,3643,960,96,140,17,783,20,0.9729296875,0.875,0.97875,0.89171974522293,0.8832807570977917,0.9614583333333333
chb08,1,1,4,5,chb08_21.edf,3144,1584,97,224,84,1236,40,0.9618686868686869,0.8484848484848485,0.9363636363636364,0.7272727272727273,0.7832167832167832,0.9217171717171717
chb09,1,1,0,3,chb09_06.edf,1017,384,62,62,10,310,2,0.987939453125,0.96875,0.96875,0.8611111111111112,0.9117647058823529,0.96875
chb09,1,1,1,3,chb09_08.edf,604,900,66,139,3,747,11,0.9975288888888889,0.9266666666666666,0.996,0.9788732394366197,0.952054794520548,0.9844444444444445
chb09,1,1,2,3,chb09_19.edf,1027,372,34,53,6,304,9,0.9306971904266388,0.8548387096774194,0.9806451612903225,0.8983050847457628,0.8760330578512396,0.9596774193548387
chb10,1,1,0,5,chb10_38.edf,1718,534,58,87,39,406,2,0.9868955939906576,0.9775280898876404,0.9123595505617977,0.6904761904761905,0.8093023255813954,0.9232209737827716
chb10,1,1,1,5,chb10_89.edf,1886,324,95,48,16,254,6,0.9284636488340191,0.8888888888888888,0.9407407407407408,0.75,0.8135593220338984,0.9320987654320988
chb10,1,1,2,5,chb10_27.edf,1833,390,99,65,2,323,0,0.9997633136094675,1.0,0.9938461538461538,0.9701492537313433,0.9848484848484849,0.9948717948717949
chb10,1,1,3,5,chb10_12.edf;chb10_30.edf,1699,558,60,65,1,464,28,0.985663082437276,0.6989247311827957,0.9978494623655914,0.9848484848484849,0.8176100628930818,0.9480286738351255
chb10,1,1,4,5,chb10_20.edf;chb10_31.edf,1444,876,66,142,32,698,4,0.988778382435729,0.9726027397260274,0.9561643835616438,0.8160919540229885,0.8875,0.958904109589041
chb11,1,1,0,3,chb11_82.edf,2440,132,96,20,1,109,2,0.9962809917355372,0.9090909090909091,0.990909090909091,0.9523809523809523,0.9302325581395349,0.9772727272727273
chb11,1,1,1,3,chb11_92.edf,2392,192,72,29,1,159,3,0.9978515625,0.90625,0.99375,0.9666666666666667,0.9354838709677419,0.9791666666666666
chb11,1,1,2,3,chb11_99.edf,259,2859,95,689,122,1985,63,0.9721312696280887,0.9162234042553191,0.9420977693402942,0.8495684340320592,0.8816378758797185,0.9352920601608954
chb12,1,1,0,5,chb12_42.edf,3998,936,97,127,26,754,29,0.9691814595660749,0.8141025641025641,0.9666666666666667,0.8300653594771242,0.8220064724919094,0.9412393162393162
chb12,1,1,1,5,chb12_08.edf,4353,492,76,69,27,383,13,0.9568114217727544,0.8414634146341463,0.9341463414634147,0.71875,0.7752808988764045,0.9186991869918699
chb12,1,1,2,5,chb12_10.edf;chb12_23.edf,3336,1764,63,175,105,1365,119,0.8009394233884031,0.5952380952380952,0.9285714285714286,0.625,0.6097560975609756,0.873015873015873
chb12,1,1,3,5,chb12_06.edf;chb12_09.edf;chb12_38.edf,3072,2094,87,263,187,1558,86,0.9043160565184194,0.7535816618911175,0.8928366762177651,0.5844444444444444,0.6583229036295369,0.8696275071633238
chb12,1,1,4,5,chb12_11.edf;chb12_33.edf;chb12_36.edf,4228,648,98,85,46,494,23,0.9046124828532235,0.7870370370370371,0.9148148148148149,0.648854961832061,0.7112970711297071,0.8935185185185185
chb13,1,1,0,5,chb13_19.edf,1900,264,99,29,24,196,15,0.8953512396694214,0.6590909090909091,0.8909090909090909,0.5471698113207547,0.5979381443298969,0.8522727272727273
chb13,1,1,1,5,chb13_55.edf,1929,228,90,24,54,136,14,0.7512465373961218,0.631578947368421,0.7157894736842105,0.3076923076923077,0.41379310344827586,0.7017543859649122
chb13,1,1,2,5,chb13_62.edf,1214,1122,96,161,200,735,26,0.8910921101547085,0.8609625668449198,0.786096256684492,0.44598337950138506,0.5875912408759124,0.7985739750445633
chb13,1,1,3,5,chb13_58.edf;chb13_59.edf,1732,474,97,56,57,338,23,0.8766543823105272,0.7088607594936709,0.8556962025316456,0.49557522123893805,0.5833333333333334,0.8312236286919831
chb13,1,1,4,5,chb13_21.edf;chb13_60.edf,1670,552,41,35,70,390,57,0.7847589792060491,0.3804347826086957,0.8478260869565217,0.3333333333333333,0.3553299492385787,0.769927536231884
chb14,1,1,0,5,chb14_11.edf,614,246,19,29,4,201,12,0.9535990481856038,0.7073170731707317,0.9804878048780488,0.8787878787878788,0.7837837837837838,0.9349593495934959
chb14,1,1,1,5,chb14_18.edf,705,132,21,18,15,95,4,0.9297520661157025,0.8181818181818182,0.8636363636363636,0.5454545454545454,0.6545454545454545,0.8560606060606061
chb14,1,1,2,5,chb14_17.edf;chb14_27.edf,638,216,80,25,4,176,11,0.9118827160493826,0.6944444444444444,0.9777777777777777,0.8620689655172413,0.7692307692307693,0.9305555555555556
chb14,1,1,3,5,chb14_03.edf;chb14_04.edf,542,336,95,47,16,264,9,0.9572066326530612,0.8392857142857143,0.9428571428571428,0.746031746031746,0.7899159663865546,0.9255952380952381
chb14,1,1,4,5,chb14_06.edf,744,84,87,14,9,61,0,0.9785714285714286,1.0,0.8714285714285714,0.6086956521739131,0.7567567567567568,0.8928571428571429
chb15,1,1,0,5,chb15_62.edf,9043,648,68,106,43,497,2,0.9959705075445816,0.9814814814814815,0.9203703703703704,0.7114093959731543,0.8249027237354085,0.9305555555555556
chb15,1,1,1,5,chb15_06.edf;chb15_22.edf;chb15_49.edf,7305,2820,27,353,154,2196,117,0.9389198732458126,0.7510638297872341,0.934468085106383,0.6962524654832347,0.7226202661207779,0.9039007092198581
chb15,1,1,2,5,chb15_15.edf;chb15_31.edf;chb15_40.edf;chb15_54.edf,5121,5550,89,776,258,4367,149,0.9528576186997808,0.8389189189189189,0.9442162162162162,0.7504835589941973,0.7922409392547218,0.9266666666666666
chb15,1,1,3,5,chb15_10.edf;chb15_17.edf;chb15_52.edf,8904,822,98,106,106,579,31,0.9071127923703981,0.7737226277372263,0.8452554744525548,0.5,0.6074498567335244,0.8333333333333334
chb15,1,1,4,5,chb15_20.edf;chb15_28.edf;chb15_46.edf,7872,2112,96,301,119,1641,51,0.9496690986570249,0.8551136363636364,0.9323863636363636,0.7166666666666667,0.7797927461139896,0.9195075757575758
chb16,1,1,0,5,chb16_10.edf,288,54,95,8,1,44,1,0.9925925925925926,0.8888888888888888,0.9777777777777777,0.8888888888888888,0.8888888888888888,0.9629629629629629
chb16,1,1,1,5,chb16_11.edf,288,54,99,7,2,43,2,0.9333333333333333,0.7777777777777778,0.9555555555555556,0.7777777777777778,0.7777777777777778,0.9259259259259259
chb16,1,1,2,5,chb16_14.edf,264,84,99,8,13,57,6,0.823469387755102,0.5714285714285714,0.8142857142857143,0.38095238095238093,0.45714285714285713,0.7738095238095238
chb16,1,1,3,5,chb16_16.edf,302,36,98,5,0,30,1,0.9833333333333334,0.8333333333333334,1.0,1.0,0.9090909090909091,0.9722222222222222
chb16,1,1,4,5,chb16_17.edf,182,186,99,27,15,140,4,0.9637877211238294,0.8709677419354839,0.9032258064516129,0.6428571428571429,0.7397260273972602,0.8978494623655914
chb17,1,1,0,3,chb17a_03.edf,974,540,75,74,10,440,16,0.9618271604938271,0.8222222222222222,0.9777777777777777,0.8809523809523809,0.8505747126436781,0.9518518518518518
chb17,1,1,1,3,chb17a_04.edf,854,690,93,82,66,509,33,0.9050283553875237,0.7130434782608696,0.8852173913043478,0.5540540540540541,0.623574144486692,0.8565217391304348
chb17,1,1,2,3,chb17b_63.edf,984,528,88,86,70,370,2,0.98463326446281,0.9772727272727273,0.8409090909090909,0.5512820512820513,0.7049180327868853,0.8636363636363636
chb18,1,1,0,5,chb18_30.edf,1377,180,47,5,5,145,25,0.6397777777777778,0.16666666666666666,0.9666666666666667,0.5,0.25,0.8333333333333334
chb18,1,1,1,5,chb18_36.edf,1300,276,97,46,60,170,0,0.9474480151228734,1.0,0.7391304347826086,0.4339622641509434,0.6052631578947368,0.782608695652174
chb18,1,1,2,5,chb18_35.edf,1195,408,98,49,8,332,19,0.9482698961937716,0.7205882352941176,0.9764705882352941,0.8596491228070176,0.784,0.9338235294117647
chb18,1,1,3,5,chb18_32.edf,1257,330,76,53,30,245,2,0.9856528925619835,0.9636363636363636,0.8909090909090909,0.6385542168674698,0.7681159420289855,0.9030303030303031
chb18,1,1,4,5,chb18_29.edf;chb18_31.edf,955,708,96,103,17,573,15,0.9833237575409366,0.8728813559322034,0.9711864406779661,0.8583333333333333,0.865546218487395,0.9548022598870056
chb19,1,1,0,3,chb19_28.edf,758,468,33,54,26,364,24,0.8192965154503616,0.6923076923076923,0.9333333333333333,0.675,0.6835443037974683,0.8931623931623932
chb19,1,1,1,3,chb19_29.edf,763,462,70,74,11,374,3,0.9948389273064598,0.961038961038961,0.9714285714285714,0.8705882352941177,0.9135802469135802,0.9696969696969697
chb19,1,1,2,3,chb19_30.edf,744,486,45,78,76,329,3,0.9775339125133363,0.9629629629629629,0.8123456790123457,0.5064935064935064,0.6638297872340425,0.8374485596707819
chb20,1,1,0,5,chb20_15.edf,1008,504,42,71,7,413,13,0.9906746031746032,0.8452380952380952,0.9833333333333333,0.9102564102564102,0.8765432098765432,0.9603174603174603
chb20,1,1,1,5,chb20_14.edf,1228,228,34,36,3,187,2,0.9871191135734072,0.9473684210526315,0.9842105263157894,0.9230769230769231,0.935064935064935,0.9780701754385965
chb20,1,1,2,5,chb20_12.edf,1272,174,87,29,1,144,0,0.9990487514863258,1.0,0.993103448275862,0.9666666666666667,0.9830508474576272,0.9942528735632183
chb20,1,1,3,5,chb20_13.edf,1080,414,68,67,5,340,2,0.998193656794791,0.9710144927536232,0.9855072463768116,0.9305555555555556,0.950354609929078,0.9830917874396136
chb20,1,1,4,5,chb20_16.edf;chb20_68.edf,1056,444,61,71,49,321,3,0.9738495252008765,0.9594594594594594,0.8675675675675676,0.5916666666666667,0.7319587628865979,0.8828828828828829
chb21,1,1,0,4,chb21_19.edf,686,336,97,52,11,269,4,0.9689413265306122,0.9285714285714286,0.9607142857142857,0.8253968253968254,0.8739495798319328,0.9553571428571429
chb21,1,1,1,4,chb21_20.edf,715,300,98,46,12,238,4,0.98584,0.92,0.952,0.7931034482758621,0.8518518518518519,0.9466666666666667
chb21,1,1,2,4,chb21_21.edf,566,486,58,69,22,383,12,0.9600670629477214,0.8518518518518519,0.945679012345679,0.7582417582417582,0.8023255813953488,0.9300411522633745
chb21,1,1,3,4,chb21_22.edf,897,72,53,12,4,56,0,0.9930555555555555,1.0,0.9333333333333333,0.75,0.8571428571428571,0.9444444444444444
chb22,1,1,0,3,chb22_20.edf,700,348,69,57,7,283,1,0.9988109393579072,0.9827586206896551,0.9758620689655172,0.890625,0.9344262295081968,0.9770114942528736
chb22,1,1,1,3,chb22_25.edf,624,444,92,74,16,354,0,0.9989773557341125,1.0,0.9567567567567568,0.8222222222222222,0.9024390243902439,0.963963963963964
chb22,1,1,2,3,chb22_38.edf,633,432,37,62,3,357,10,0.9945216049382716,0.8611111111111112,0.9916666666666667,0.9538461538461539,0.9051094890510949,0.9699074074074074
chb23,1,1,0,3,chb23_06.edf,1492,678,68,110,24,541,3,0.9934059049259926,0.9734513274336283,0.9575221238938053,0.8208955223880597,0.8906882591093117,0.9601769911504425
chb23,1,1,1,3,chb23_08.edf,1713,402,95,67,17,318,0,0.9918467364669191,1.0,0.9492537313432836,0.7976190476190477,0.8874172185430463,0.9577114427860697
chb23,1,1,2,3,chb23_09.edf,864,1464,89,227,50,1170,17,0.9867844665412524,0.930327868852459,0.9590163934426229,0.8194945848375451,0.8714011516314779,0.9542349726775956
chb24,1,1,0,5,chb24_07.edf;chb24_21.edf,2020,540,67,82,35,415,8,0.9621481481481482,0.9111111111111111,0.9222222222222223,0.7008547008547008,0.7922705314009661,0.9203703703703704
chb24,1,1,1,5,chb24_01.edf;chb24_04.edf;chb24_14.edf,1708,930,45,113,56,719,42,0.8923870967741936,0.7290322580645161,0.927741935483871,0.6686390532544378,0.6975308641975309,0.8946236559139785
chb24,1,1,2,5,chb24_03.edf;chb24_13.edf;chb24_15.edf,2035,522,58,68,7,428,19,0.8926146122341128,0.7816091954022989,0.9839080459770115,0.9066666666666666,0.8395061728395061,0.9501915708812261
chb24,1,1,3,5,chb24_06.edf;chb24_09.edf,2246,258,91,27,1,214,16,0.8661979448350461,0.627906976744186,0.9953488372093023,0.9642857142857143,0.7605633802816901,0.9341085271317829
chb24,1,1,4,5,chb24_11.edf;chb24_17.edf,1800,816,38,82,7,673,54,0.779444204152249,0.6029411764705882,0.9897058823529412,0.9213483146067416,0.7288888888888889,0.9252450980392157
chb01,3,1,0,5,chb01_03.edf,638,78,55,12,0,65,1,0.9846153846153847,0.9230769230769231,1.0,1.0,0.96,0.9871794871794872
chb01,3,1,1,5,chb01_21.edf,552,186,63,30,1,154,1,0.9995837669094693,0.967741935483871,0.9935483870967742,0.967741935483871,0.967741935483871,0.989247311827957
chb01,3,1,2,5,chb01_26.edf,542,198,71,32,5,160,1,0.9977961432506887,0.9696969696969697,0.9696969696969697,0.8648648648648649,0.9142857142857143,0.9696969696969697
chb01,3,1,3,5,chb01_15.edf;chb01_16.edf,556,180,85,29,5,145,1,0.9957777777777778,0.9666666666666667,0.9666666666666667,0.8529411764705882,0.90625,0.9666666666666667
chb01,3,1,4,5,chb01_04.edf;chb01_18.edf,513,234,55,38,1,194,1,0.9977646285338594,0.9743589743589743,0.9948717948717949,0.9743589743589743,0.9743589743589743,0.9914529914529915
chb02,3,1,0,3,chb02_16+.edf,144,162,93,26,3,132,1,0.9978052126200274,0.9629629629629629,0.9777777777777777,0.896551724137931,0.9285714285714286,0.9753086419753086
chb02,3,1,1,3,chb02_16.edf,144,162,98,26,12,123,1,0.9818930041152263,0.9629629629629629,0.9111111111111111,0.6842105263157895,0.8,0.9197530864197531
chb02,3,1,2,3,chb02_19.edf,259,18,60,2,0,15,1,1.0,0.6666666666666666,1.0,1.0,0.8,0.9444444444444444
chb03,3,1,0,5,chb03_02.edf,528,126,89,21,12,93,0,0.9913832199546485,1.0,0.8857142857142857,0.6363636363636364,0.7777777777777778,0.9047619047619048
chb03,3,1,1,5,chb03_03.edf,518,138,95,23,7,108,0,1.0,1.0,0.9391304347826087,0.7666666666666667,0.8679245283018868,0.9492753623188406
chb03,3,1,2,5,chb03_35.edf,528,126,99,21,6,99,0,0.9963718820861678,1.0,0.9428571428571428,0.7777777777777778,0.875,0.9523809523809523
chb03,3,1,3,5,chb03_01.edf;chb03_34.edf,475,192,96,27,6,154,5,0.9826171875,0.84375,0.9625,0.8181818181818182,0.8307692307692308,0.9427083333333334
chb03,3,1,4,5,chb03_04.edf;chb03_36.edf,465,204,98,34,3,167,0,0.995674740484429,1.0,0.9823529411764705,0.918918918918919,0.9577464788732394,0.9852941176470589
chb04,3,1,0,3,chb04_05.edf,523,96,52,16,2,78,0,1.0,1.0,0.975,0.8888888888888888,0.9411764705882353,0.9791666666666666
chb04,3,1,1,3,chb04_08.edf,422,222,21,37,34,151,0,0.991526661796932,1.0,0.8162162162162162,0.5211267605633803,0.6851851851851852,0.8468468468468469
chb04,3,1,2,3,chb04_28.edf,254,432,90,61,3,357,11,0.9690586419753088,0.8472222222222222,0.9916666666666667,0.953125,0.8970588235294118,0.9675925925925926
chb05,3,1,0,5,chb05_06.edf,705,228,46,29,0,190,9,0.9976454293628809,0.7631578947368421,1.0,1.0,0.8656716417910447,0.9605263157894737
chb05,3,1,1,5,chb05_13.edf,715,216,52,30,1,179,6,0.9925925925925926,0.8333333333333334,0.9944444444444445,0.967741935483871,0.8955223880597015,0.9675925925925926
chb05,3,1,2,5,chb05_16.edf,734,192,97,30,0,160,2,0.99765625,0.9375,1.0,1.0,0.967741935483871,0.9895833333333334
chb05,3,1,3,5,chb05_17.edf,696,240,78,38,4,196,2,0.997375,0.95,0.98,0.9047619047619048,0.926829268292683,0.975
chb05,3,1,4,5,chb05_22.edf,700,234,60,39,33,162,0,0.9889546351084813,1.0,0.8307692307692308,0.5416666666666666,0.7027027027027027,0.8589743589743589
chb06,3,1,0,5,chb06_13.edf,211,24,98,4,8,12,0,0.8875,1.0,0.6,0.3333333333333333,0.5,0.6666666666666666
chb06,3,1,1,5,chb06_09.edf,206,30,99,4,3,22,1,0.888,0.8,0.88,0.5714285714285714,0.6666666666666666,0.8666666666666667
chb06,3,1,2,5,chb06_01.edf;chb06_24.edf,139,114,99,14,21,74,5,0.7994459833795013,0.7368421052631579,0.7789473684210526,0.4,0.5185185185185185,0.7719298245614035
chb06,3,1,3,5,chb06_04.edf,172,72,94,5,1,59,7,0.8611111111111112,0.4166666666666667,0.9833333333333333,0.8333333333333334,0.5555555555555556,0.8888888888888888
chb06,3,1,4,5,chb06_10.edf;chb06_18.edf,192,48,95,6,9,31,2,0.85625,0.75,0.775,0.4,0.5217391304347826,0.7708333333333334
chb07,3,1,0,3,chb07_12.edf,379,168,96,27,0,140,1,1.0,0.9642857142857143,1.0,1.0,0.9818181818181818,0.9940476190476191
chb07,3,1,1,3,chb07_13.edf,360,192,48,32,11,149,0,0.9998046875000001,1.0,0.93125,0.7441860465116279,0.8533333333333334,0.9427083333333334
chb07,3,1,2,3,chb07_19.edf,288,282,96,40,1,234,7,0.9939339067451335,0.851063829787234,0.9957446808510638,0.975609756097561,0.9090909090909091,0.9716312056737588
chb08,3,1,0,5,chb08_02.edf,1190,342,30,52,5,280,5,0.9763004001231147,0.9122807017543859,0.9824561403508771,0.9122807017543859,0.9122807017543859,0.9707602339181286
chb08,3,1,1,5,chb08_05.edf,1161,378,44,51,20,295,12,0.9494079113126732,0.8095238095238095,0.9365079365079365,0.7183098591549296,0.7611940298507462,0.9153439153439153
chb08,3,1,2,5,chb08_11.edf,1252,264,99,41,10,210,3,0.9743801652892563,0.9318181818181818,0.9545454545454546,0.803921568627451,0.8631578947368421,0.9507575757575758
chb08,3,1,3,5,chb08_13.edf,1209,318,90,46,4,261,7,0.9802776788892845,0.8679245283018868,0.9849056603773585,0.92,0.8932038834951457,0.9654088050314465
chb08,3,1,4,5,chb08_21.edf,1041,528,22,78,24,416,10,0.9717458677685951,0.8863636363636364,0.9454545454545454,0.7647058823529411,0.8210526315789474,0.9356060606060606
chb09,3,1,0,3,chb09_06.edf,331,126,95,20,1,104,1,0.9995464852607711,0.9523809523809523,0.9904761904761905,0.9523809523809523,0.9523809523809523,0.9841269841269841
chb09,3,1,1,3,chb09_08.edf,196,294,99,43,5,240,6,0.9897542690545607,0.8775510204081632,0.9795918367346939,0.8958333333333334,0.8865979381443299,0.9625850340136054
chb09,3,1,2,3,chb09_19.edf,336,120,61,17,3,97,3,0.93,0.85,0.97,0.85,0.85,0.95
chb10,3,1,0,5,chb10_38.edf,561,174,98,28,4,141,1,0.9869203329369798,0.9655172413793104,0.9724137931034482,0.875,0.9180327868852459,0.9712643678160919
chb10,3,1,1,5,chb10_89.edf,614,108,94,13,5,85,5,0.9061728395061728,0.7222222222222222,0.9444444444444444,0.7222222222222222,0.7222222222222222,0.9074074074074074
chb10,3,1,2,5,chb10_20.edf;chb10_31.edf,470,288,98,48,3,237,0,0.9998263888888889,1.0,0.9875,0.9411764705882353,0.9696969696969697,0.9895833333333334
chb10,3,1,3,5,chb10_12.edf;chb10_30.edf,556,180,97,22,0,150,8,0.9991111111111112,0.7333333333333333,1.0,1.0,0.8461538461538461,0.9555555555555556
chb10,3,1,4,5,chb10_27.edf,600,126,99,21,0,105,0,1.0,1.0,1.0,1.0,1.0,1.0
chb11,3,1,0,3,chb11_82.edf,808,42,99,7,1,34,0,0.9959183673469387,1.0,0.9714285714285714,0.875,0.9333333333333333,0.9761904761904762
chb11,3,1,1,3,chb11_92.edf,794,60,99,10,1,49,0,0.998,1.0,0.98,0.9090909090909091,0.9523809523809523,0.9833333333333333
chb11,3,1,2,3,chb11_99.edf,81,951,99,220,38,663,30,0.9520798858773181,0.88,0.9457917261055635,0.8527131782945736,0.8661417322834646,0.9284963196635121
chb12,3,1,0,5,chb12_42.edf,1286,300,48,42,4,246,8,0.9760800000000001,0.84,0.984,0.9130434782608695,0.875,0.96
chb12,3,1,1,5,chb12_08.edf,1406,150,89,22,16,109,3,0.96128,0.88,0.872,0.5789473684210527,0.6984126984126984,0.8733333333333333
chb12,3,1,2,5,chb12_09.edf;chb12_10.edf,1310,270,72,42,24,201,3,0.9775802469135801,0.9333333333333333,0.8933333333333333,0.6363636363636364,0.7567567567567568,0.9
chb12,3,1,3,5,chb12_11.edf;chb12_23.edf;chb12_36.edf,1084,552,40,59,69,391,33,0.7801748582230623,0.6413043478260869,0.85,0.4609375,0.5363636363636364,0.8152173913043478
chb12,3,1,4,5,chb12_06.edf;chb12_33.edf;chb12_38.edf,1017,636,95,83,55,475,23,0.9201317194731221,0.7830188679245284,0.8962264150943396,0.6014492753623188,0.680327868852459,0.8773584905660378
chb13,3,1,0,5,chb13_19.edf,614,84,74,8,6,64,6,0.8877551020408163,0.5714285714285714,0.9142857142857143,0.5714285714285714,0.5714285714285714,0.8571428571428571
chb13,3,1,1,5,chb13_55.edf,624,72,45,8,21,39,4,0.7041666666666666,0.6666666666666666,0.65,0.27586206896551724,0.3902439024390244,0.6527777777777778
chb13,3,1,2,5,chb13_62.edf,388,366,98,60,141,164,1,0.8821822090835797,0.9836065573770492,0.5377049180327869,0.29850746268656714,0.4580152671755725,0.6120218579234973
chb13,3,1,3,5,chb13_58.edf;chb13_59.edf,561,150,94,11,6,119,14,0.9027200000000001,0.44,0.952,0.6470588235294118,0.5238095238095238,0.8666666666666667
chb13,3,1,4,5,chb13_21.edf;chb13_60.edf,537,180,95,18,30,120,12,0.7802222222222222,0.6,0.8,0.375,0.46153846153846156,0.7666666666666667
chb14,3,1,0,5,chb14_11.edf,187,78,90,9,0,65,4,0.9798816568047337,0.6923076923076923,1.0,1.0,0.8181818181818182,0.9487179487179487
chb14,3,1,1,5,chb14_18.edf,216,42,36,5,2,33,2,0.9673469387755103,0.7142857142857143,0.9428571428571428,0.7142857142857143,0.7142857142857143,0.9047619047619048
chb14,3,1,2,5,chb14_03.edf;chb14_04.edf,168,102,70,14,0,85,3,0.9875432525951557,0.8235294117647058,1.0,1.0,0.9032258064516129,0.9705882352941176
chb14,3,1,3,5,chb14_06.edf,230,24,99,4,1,19,0,1.0,1.0,0.95,0.8,0.8888888888888888,0.9583333333333334
chb14,3,1,4,5,chb14_17.edf;chb14_27.edf,196,66,68,8,2,53,3,0.9256198347107438,0.7272727272727273,0.9636363636363636,0.8,0.7619047619047619,0.9242424242424242
chb15,3,1,0,5,chb15_62.edf,2976,216,78,36,10,170,0,0.9987654320987654,1.0,0.9444444444444444,0.782608695652174,0.8780487804878049,0.9537037037037037
chb15,3,1,1,5,chb15_06.edf;chb15_22.edf;chb15_49.edf,2404,930,86,108,25,750,47,0.9619562955254942,0.6967741935483871,0.967741935483871,0.8120300751879699,0.75,0.9225806451612903
chb15,3,1,2,5,chb15_10.edf;chb15_17.edf;chb15_52.edf,2937,264,80,34,43,177,10,0.915495867768595,0.7727272727272727,0.8045454545454546,0.44155844155844154,0.5619834710743802,0.7992424242424242
chb15,3,1,3,5,chb15_15.edf;chb15_31.edf;chb15_40.edf;chb15_54.edf,1684,1830,95,260,118,1407,45,0.9566611126041388,0.8524590163934426,0.9226229508196722,0.6878306878306878,0.7613469985358712,0.9109289617486339
chb15,3,1,4,5,chb15_20.edf;chb15_28.edf;chb15_46.edf,2592,696,96,99,30,550,17,0.9625594530321047,0.853448275862069,0.9482758620689655,0.7674418604651163,0.8081632653061225,0.9324712643678161
chb16,3,1,0,5,chb16_10.edf,86,18,20,0,0,15,3,0.8222222222222223,0.0,1.0,,0.0,0.8333333333333334
chb16,3,1,1,5,chb16_11.edf,86,18,97,2,1,14,1,0.9555555555555556,0.6666666666666666,0.9333333333333333,0.6666666666666666,0.6666666666666666,0.8888888888888888
chb16,3,1,2,5,chb16_14.edf,81,24,98,1,2,18,3,0.8875000000000001,0.25,0.9,0.3333333333333333,0.2857142857142857,0.7916666666666666
chb16,3,1,3,5,chb16_16.edf,91,12,99,2,0,10,0,1.0,1.0,1.0,1.0,1.0,1.0
chb16,3,1,4,5,chb16_17.edf,57,54,99,9,9,36,0,1.0,1.0,0.8,0.5,0.6666666666666666,0.8333333333333334
chb17,3,1,0,3,chb17a_03.edf,321,180,92,24,2,148,6,0.9702222222222223,0.8,0.9866666666666667,0.9230769230769231,0.8571428571428571,0.9555555555555556
chb17,3,1,1,3,chb17a_04.edf,283,228,87,34,13,177,4,0.9673130193905817,0.8947368421052632,0.9315789473684211,0.723404255319149,0.8,0.9254385964912281
chb17,3,1,2,3,chb17b_63.edf,326,174,95,29,22,123,0,0.9897740784780024,1.0,0.8482758620689655,0.5686274509803921,0.725,0.8735632183908046
chb18,3,1,0,5,chb18_36.edf,422,90,99,15,11,64,0,0.9626666666666667,1.0,0.8533333333333334,0.5769230769230769,0.7317073170731707,0.8777777777777778
chb18,3,1,1,5,chb18_35.edf,388,132,71,19,6,104,3,0.9685950413223141,0.8636363636363636,0.9454545454545454,0.76,0.8085106382978723,0.9318181818181818
chb18,3,1,2,5,chb18_29.edf;chb18_31.edf,312,228,17,37,21,169,1,0.9916897506925207,0.9736842105263158,0.8894736842105263,0.6379310344827587,0.7708333333333334,0.9035087719298246
chb18,3,1,3,5,chb18_30.edf,446,60,47,1,1,49,9,0.614,0.1,0.98,0.5,0.16666666666666666,0.8333333333333334
chb18,3,1,4,5,chb18_32.edf,408,108,98,18,2,88,0,0.9981481481481482,1.0,0.9777777777777777,0.9,0.9473684210526315,0.9814814814814815
chb19,3,1,0,3,chb19_28.edf,249,156,91,17,3,127,9,0.8050295857988164,0.6538461538461539,0.9769230769230769,0.85,0.7391304347826086,0.9230769230769231
chb19,3,1,1,3,chb19_29.edf,254,150,98,23,3,122,2,0.9872,0.92,0.976,0.8846153846153846,0.9019607843137255,0.9666666666666667
chb19,3,1,2,3,chb19_30.edf,244,162,99,26,17,118,1,0.9849108367626885,0.9629629629629629,0.8740740740740741,0.6046511627906976,0.7428571428571429,0.8888888888888888
chb20,3,1,0,5,chb20_15.edf,326,162,83,21,2,133,6,0.986556927297668,0.7777777777777778,0.9851851851851852,0.9130434782608695,0.84,0.9506172839506173
chb20,3,1,1,5,chb20_14.edf,398,72,97,11,1,59,1,0.998611111111111,0.9166666666666666,0.9833333333333333,0.9166666666666666,0.9166666666666666,0.9722222222222222
chb20,3,1,2,5,chb20_12.edf,412,54,41,9,0,45,0,1.0,1.0,1.0,1.0,1.0,1.0
chb20,3,1,3,5,chb20_13.edf,345,138,47,23,1,114,0,0.9996219281663516,1.0,0.991304347826087,0.9583333333333334,0.9787234042553191,0.9927536231884058
chb20,3,1,4,5,chb20_16.edf;chb20_68.edf,340,144,53,23,7,113,1,0.9763888888888889,0.9583333333333334,0.9416666666666667,0.7666666666666667,0.8518518518518519,0.9444444444444444
chb21,3,1,0,4,chb21_19.edf,225,108,99,17,4,86,1,0.9944444444444445,0.9444444444444444,0.9555555555555556,0.8095238095238095,0.8717948717948718,0.9537037037037037
chb21,3,1,1,4,chb21_20.edf,235,96,96,16,10,70,0,0.99921875,1.0,0.875,0.6153846153846154,0.7619047619047619,0.8958333333333334
chb21,3,1,2,4,chb21_21.edf,182,162,94,23,3,132,4,0.9772290809327847,0.8518518518518519,0.9777777777777777,0.8846153846153846,0.8679245283018868,0.9567901234567902
chb21,3,1,3,4,chb21_22.edf,292,24,89,4,0,20,0,1.0,1.0,1.0,1.0,1.0,1.0
chb22,3,1,0,3,chb22_20.edf,230,114,91,19,0,95,0,1.0,1.0,1.0,1.0,1.0,1.0
chb22,3,1,1,3,chb22_25.edf,206,144,76,24,4,116,0,0.9958333333333333,1.0,0.9666666666666667,0.8571428571428571,0.9230769230769231,0.9722222222222222
chb22,3,1,2,3,chb22_38.edf,206,144,95,21,1,119,3,0.9947916666666667,0.875,0.9916666666666667,0.9545454545454546,0.9130434782608695,0.9722222222222222
chb23,3,1,0,3,chb23_06.edf,484,222,91,37,6,179,0,0.9998539079620161,1.0,0.9675675675675676,0.8604651162790697,0.925,0.972972972972973
chb23,3,1,1,3,chb23_08.edf,561,126,93,20,0,105,1,1.0,0.9523809523809523,1.0,1.0,0.975609756097561,0.9920634920634921
chb23,3,1,2,3,chb23_09.edf,278,480,92,76,11,389,4,0.9930625,0.95,0.9725,0.8735632183908046,0.9101796407185628,0.96875
chb24,3,1,0,5,chb24_07.edf;chb24_21.edf,652,174,88,27,13,132,2,0.9828775267538645,0.9310344827586207,0.9103448275862069,0.675,0.782608695652174,0.9137931034482759
chb24,3,1,1,5,chb24_01.edf;chb24_04.edf;chb24_13.edf,571,276,97,37,42,188,9,0.8927221172022684,0.8043478260869565,0.8173913043478261,0.46835443037974683,0.592,0.8152173913043478
chb24,3,1,2,5,chb24_03.edf;chb24_09.edf,681,138,69,19,5,110,4,0.8843100189035915,0.8260869565217391,0.9565217391304348,0.7916666666666666,0.8085106382978723,0.9347826086956522
chb24,3,1,3,5,chb24_06.edf;chb24_14.edf;chb24_15.edf,686,132,87,15,0,110,7,0.9086776859504132,0.6818181818181818,1.0,1.0,0.8108108108108109,0.946969696969697
chb24,3,1,4,5,chb24_11.edf;chb24_17.edf,576,270,95,27,1,224,18,0.7551604938271606,0.6,0.9955555555555555,0.9642857142857143,0.7397260273972602,0.9296296296296296
chb01,5,1,0,5,chb01_03.edf,379,48,76,7,1,39,1,0.9875,0.875,0.975,0.875,0.875,0.9583333333333334
chb01,5,1,1,5,chb01_21.edf,331,108,81,17,0,90,1,1.0,0.9444444444444444,1.0,1.0,0.9714285714285714,0.9907407407407407
chb01,5,1,2,5,chb01_26.edf,321,120,97,19,1,99,1,0.999,0.95,0.99,0.95,0.95,0.9833333333333333
chb01,5,1,3,5,chb01_15.edf;chb01_16.edf,331,108,90,18,27,63,0,0.9987654320987654,1.0,0.7,0.4,0.5714285714285714,0.75
chb01,5,1,4,5,chb01_04.edf;chb01_18.edf,307,138,82,22,0,115,1,1.0,0.9565217391304348,1.0,1.0,0.9777777777777777,0.9927536231884058
chb02,5,1,0,3,chb02_16+.edf,81,96,97,15,23,57,1,0.9484375,0.9375,0.7125,0.39473684210526316,0.5555555555555556,0.75
chb02,5,1,1,3,chb02_16.edf,81,96,98,16,50,30,0,0.9757812499999999,1.0,0.375,0.24242424242424243,0.3902439024390244,0.4791666666666667
chb02,5,1,2,3,chb02_19.edf,153,6,67,1,0,5,0,1.0,1.0,1.0,1.0,1.0,1.0
chb03,5,1,0,5,chb03_03.edf,307,78,94,13,6,59,0,1.0,1.0,0.9076923076923077,0.6842105263157895,0.8125,0.9230769230769231
chb03,5,1,1,5,chb03_04.edf;chb03_34.edf,278,114,96,16,2,93,3,0.9839335180055401,0.8421052631578947,0.9789473684210527,0.8888888888888888,0.8648648648648649,0.956140350877193
chb03,5,1,2,5,chb03_02.edf,307,78,99,12,1,64,1,0.9952662721893492,0.9230769230769231,0.9846153846153847,0.9230769230769231,0.9230769230769231,0.9743589743589743
chb03,5,1,3,5,chb03_35.edf,312,72,95,12,5,55,0,0.9833333333333333,1.0,0.9166666666666666,0.7058823529411765,0.8275862068965517,0.9305555555555556
chb03,5,1,4,5,chb03_01.edf;chb03_36.edf,273,120,63,19,1,99,1,0.9925,0.95,0.99,0.95,0.95,0.9833333333333333
chb04,5,1,0,3,chb04_05.edf,312,54,53,9,2,43,0,0.9901234567901235,1.0,0.9555555555555556,0.8181818181818182,0.9,0.9629629629629629
chb04,5,1,1,3,chb04_08.edf,249,132,27,22,35,75,0,0.9681818181818183,1.0,0.6818181818181818,0.38596491228070173,0.5569620253164557,0.7348484848484849
chb04,5,1,2,3,chb04_28.edf,148,258,98,34,0,215,9,0.9719848566792861,0.7906976744186046,1.0,1.0,0.8831168831168831,0.9651162790697675
chb05,5,1,0,5,chb05_06.edf,422,138,87,22,0,115,1,1.0,0.9565217391304348,1.0,1.0,0.9777777777777777,0.9927536231884058
chb05,5,1,1,5,chb05_13.edf,427,132,99,18,0,110,4,0.9987603305785124,0.8181818181818182,1.0,1.0,0.9,0.9696969696969697
chb05,5,1,2,5,chb05_16.edf,441,114,92,18,1,94,1,0.9994459833795013,0.9473684210526315,0.9894736842105263,0.9473684210526315,0.9473684210526315,0.9824561403508771
chb05,5,1,3,5,chb05_17.edf,417,144,62,24,3,117,0,0.9940972222222222,1.0,0.975,0.8888888888888888,0.9411764705882353,0.9791666666666666
chb05,5,1,4,5,chb05_22.edf,422,138,97,23,31,84,0,0.998109640831758,1.0,0.7304347826086957,0.42592592592592593,0.5974025974025974,0.7753623188405797
chb06,5,1,0,5,chb06_09.edf,120,18,96,2,2,13,1,0.711111111111111,0.6666666666666666,0.8666666666666667,0.5,0.5714285714285714,0.8333333333333334
chb06,5,1,1,5,chb06_13.edf,124,12,97,2,1,9,0,1.0,1.0,0.9,0.6666666666666666,0.8,0.9166666666666666
chb06,5,1,2,5,chb06_01.edf;chb06_24.edf,81,66,97,0,0,55,11,0.6528925619834711,0.0,1.0,,0.0,0.8333333333333334
chb06,5,1,3,5,chb06_04.edf,96,48,96,0,16,24,8,0.43437499999999996,0.0,0.6,0.0,0.0,0.5
chb06,5,1,4,5,chb06_10.edf;chb06_18.edf,115,24,93,2,6,14,2,0.8,0.5,0.7,0.25,0.3333333333333333,0.6666666666666666
chb07,5,1,0,3,chb07_12.edf,225,102,91,16,1,84,1,0.9993079584775086,0.9411764705882353,0.9882352941176471,0.9411764705882353,0.9411764705882353,0.9803921568627451
chb07,5,1,1,3,chb07_13.edf,216,114,73,19,3,92,0,1.0,1.0,0.968421052631579,0.8636363636363636,0.926829268292683,0.9736842105263158
chb07,5,1,2,3,chb07_19.edf,172,168,83,20,0,140,8,0.9864795918367346,0.7142857142857143,1.0,1.0,0.8333333333333334,0.9523809523809523
chb08,5,1,0,5,chb08_02.edf,710,204,74,32,7,163,2,0.9804498269896192,0.9411764705882353,0.9588235294117647,0.8205128205128205,0.8767123287671232,0.9558823529411765
chb08,5,1,1,5,chb08_05.edf,691,228,55,32,23,167,6,0.9518005540166206,0.8421052631578947,0.8789473684210526,0.5818181818181818,0.6881720430107527,0.8728070175438597
chb08,5,1,2,5,chb08_11.edf,748,156,44,24,3,127,2,0.9784023668639054,0.9230769230769231,0.9769230769230769,0.8888888888888888,0.9056603773584906,0.967948717948718
chb08,5,1,3,5,chb08_13.edf,720,192,23,26,0,160,6,0.9826171875,0.8125,1.0,1.0,0.896551724137931,0.96875
chb08,5,1,4,5,chb08_21.edf,624,312,47,48,27,233,4,0.9784023668639054,0.9230769230769231,0.8961538461538462,0.64,0.7559055118110236,0.9006410256410257
chb09,5,1,0,3,chb09_06.edf,196,72,99,12,0,60,0,1.0,1.0,1.0,1.0,1.0,1.0
chb09,5,1,1,3,chb09_08.edf,115,174,99,17,0,145,12,0.9973840665873959,0.5862068965517241,1.0,1.0,0.7391304347826086,0.9310344827586207
chb09,5,1,2,3,chb09_19.edf,196,72,86,11,2,58,1,0.9166666666666666,0.9166666666666666,0.9666666666666667,0.8461538461538461,0.88,0.9583333333333334
chb10,5,1,0,5,chb10_38.edf,336,102,90,17,10,75,0,0.9923875432525952,1.0,0.8823529411764706,0.6296296296296297,0.7727272727272727,0.9019607843137255
chb10,5,1,1,5,chb10_27.edf,355,78,98,13,0,65,0,1.0,1.0,1.0,1.0,1.0,1.0
chb10,5,1,2,5,chb10_89.edf,369,60,96,7,0,50,3,0.996,0.7,1.0,1.0,0.8235294117647058,0.95
chb10,5,1,3,5,chb10_20.edf;chb10_31.edf,278,174,67,28,5,140,1,0.9959571938168846,0.9655172413793104,0.9655172413793104,0.8484848484848485,0.9032258064516129,0.9655172413793104
chb10,5,1,4,5,chb10_12.edf;chb10_30.edf,331,108,99,14,0,90,4,0.9993827160493828,0.7777777777777778,1.0,1.0,0.875,0.9629629629629629
chb11,5,1,0,3,chb11_82.edf,484,24,70,4,0,20,0,1.0,1.0,1.0,1.0,1.0,1.0
chb11,5,1,1,3,chb11_92.edf,475,36,60,6,1,29,0,1.0,1.0,0.9666666666666667,0.8571428571428571,0.9230769230769231,0.9722222222222222
chb11,5,1,2,3,chb11_99.edf,48,570,98,137,26,394,13,0.9634920634920636,0.9133333333333333,0.9380952380952381,0.8404907975460123,0.8753993610223643,0.9315789473684211
chb12,5,1,0,5,chb12_08.edf,835,90,59,14,9,66,1,0.9706666666666667,0.9333333333333333,0.88,0.6086956521739131,0.7368421052631579,0.8888888888888888
chb12,5,1,1,5,chb12_10.edf;chb12_23.edf,628,348,94,35,5,285,23,0.8837098692033294,0.603448275862069,0.9827586206896551,0.875,0.7142857142857143,0.9195402298850575
chb12,5,1,2,5,chb12_42.edf,768,174,97,25,7,138,4,0.9835909631391201,0.8620689655172413,0.9517241379310345,0.78125,0.819672131147541,0.9367816091954023
chb12,5,1,3,5,chb12_06.edf;chb12_09.edf;chb12_38.edf,585,402,99,52,23,312,15,0.9499665849855202,0.7761194029850746,0.9313432835820895,0.6933333333333334,0.7323943661971831,0.9054726368159204
chb12,5,1,4,5,chb12_11.edf;chb12_33.edf;chb12_36.edf,811,120,53,17,5,95,3,0.925,0.85,0.95,0.7727272727272727,0.8095238095238095,0.9333333333333333
chb13,5,1,0,5,chb13_19.edf,369,48,96,6,1,39,2,0.928125,0.75,0.975,0.8571428571428571,0.8,0.9375
chb13,5,1,1,5,chb13_55.edf,374,42,98,3,9,26,4,0.7836734693877551,0.42857142857142855,0.7428571428571429,0.25,0.3157894736842105,0.6904761904761905
chb13,5,1,2,5,chb13_62.edf,230,222,99,35,34,151,2,0.9330898466033601,0.9459459459459459,0.8162162162162162,0.5072463768115942,0.660377358490566,0.8378378378378378
chb13,5,1,3,5,chb13_58.edf;chb13_59.edf,336,90,94,13,9,66,2,0.9066666666666667,0.8666666666666667,0.88,0.5909090909090909,0.7027027027027027,0.8777777777777778
chb13,5,1,4,5,chb13_21.edf;chb13_60.edf,321,108,9,0,0,90,18,0.6203703703703703,0.0,1.0,,0.0,0.8333333333333334
chb14,5,1,0,5,chb14_11.edf,110,48,97,6,0,40,2,0.9906250000000001,0.75,1.0,1.0,0.8571428571428571,0.9583333333333334
chb14,5,1,1,5,chb14_18.edf,129,24,99,3,0,20,1,1.0,0.75,1.0,1.0,0.8571428571428571,0.9583333333333334
chb14,5,1,2,5,chb14_06.edf,139,12,62,2,3,7,0,0.9,1.0,0.7,0.4,0.5714285714285714,0.75
chb14,5,1,3,5,chb14_17.edf;chb14_27.edf,115,42,99,5,0,35,2,0.9795918367346939,0.7142857142857143,1.0,1.0,0.8333333333333334,0.9523809523809523
chb14,5,1,4,5,chb14_03.edf;chb14_04.edf,100,60,99,9,1,49,1,0.992,0.9,0.98,0.9,0.9,0.9666666666666667
chb15,5,1,0,5,chb15_62.edf,1790,126,91,21,2,103,0,1.0,1.0,0.9809523809523809,0.9130434782608695,0.9545454545454546,0.9841269841269841
chb15,5,1,1,5,chb15_15.edf;chb15_40.edf;chb15_54.edf,1132,948,92,137,92,698,21,0.9440954975164236,0.8670886075949367,0.8835443037974684,0.5982532751091703,0.7080103359173127,0.880801687763713
chb15,5,1,2,5,chb15_10.edf;chb15_17.edf;chb15_52.edf,1761,162,92,21,19,116,6,0.920713305898491,0.7777777777777778,0.8592592592592593,0.525,0.6268656716417911,0.845679012345679
chb15,5,1,3,5,chb15_20.edf;chb15_28.edf;chb15_46.edf,1555,420,92,64,18,332,6,0.9714285714285714,0.9142857142857143,0.9485714285714286,0.7804878048780488,0.8421052631578947,0.9428571428571428
chb15,5,1,4,5,chb15_06.edf;chb15_22.edf;chb15_31.edf;chb15_49.edf,1324,708,98,88,20,570,30,0.9511203677104281,0.7457627118644068,0.9661016949152542,0.8148148148148148,0.7787610619469026,0.9293785310734464
chb16,5,1,0,5,chb16_10.edf,38,6,3,0,0,5,1,1.0,0.0,1.0,,0.0,0.8333333333333334
chb16,5,1,1,5,chb16_11.edf,38,6,5,0,0,5,1,0.0,0.0,1.0,,0.0,0.8333333333333334
chb16,5,1,2,5,chb16_14.edf,33,12,7,0,0,10,2,0.75,0.0,1.0,,0.0,0.8333333333333334
chb16,5,1,3,5,chb16_16.edf,38,6,4,0,0,5,1,1.0,0.0,1.0,,0.0,0.8333333333333334
chb16,5,1,4,5,chb16_17.edf,24,24,99,2,3,17,2,0.775,0.5,0.85,0.4,0.4444444444444444,0.7916666666666666
chb17,5,1,0,3,chb17a_03.edf,192,108,99,15,5,85,3,0.9734567901234568,0.8333333333333334,0.9444444444444444,0.75,0.7894736842105263,0.9259259259259259
chb17,5,1,1,3,chb17a_04.edf,168,138,98,20,0,115,3,0.9973534971644613,0.8695652173913043,1.0,1.0,0.9302325581395349,0.9782608695652174
chb17,5,1,2,3,chb17b_63.edf,196,102,95,14,9,76,3,0.956401384083045,0.8235294117647058,0.8941176470588236,0.6086956521739131,0.7,0.8823529411764706
chb18,5,1,0,5,chb18_36.edf,254,54,99,9,18,27,0,0.962962962962963,1.0,0.6,0.3333333333333333,0.5,0.6666666666666666
chb18,5,1,1,5,chb18_32.edf,244,66,98,11,2,53,0,1.0,1.0,0.9636363636363636,0.8461538461538461,0.9166666666666666,0.9696969696969697
chb18,5,1,2,5,chb18_35.edf,235,78,48,11,2,63,2,0.9798816568047337,0.8461538461538461,0.9692307692307692,0.8461538461538461,0.8461538461538461,0.9487179487179487
chb18,5,1,3,5,chb18_30.edf,268,36,73,1,0,30,5,0.65,0.16666666666666666,1.0,1.0,0.2857142857142857,0.8611111111111112
chb18,5,1,4,5,chb18_29.edf;chb18_31.edf,187,138,26,23,3,112,0,0.9965973534971645,1.0,0.9739130434782609,0.8846153846153846,0.9387755102040817,0.9782608695652174
chb19,5,1,0,3,chb19_28.edf,148,90,90,10,1,74,5,0.8328888888888889,0.6666666666666666,0.9866666666666667,0.9090909090909091,0.7692307692307693,0.9333333333333333
chb19,5,1,1,3,chb19_29.edf,148,90,98,14,2,73,1,0.992,0.9333333333333333,0.9733333333333334,0.875,0.9032258064516129,0.9666666666666667
chb19,5,1,2,3,chb19_30.edf,144,96,85,16,4,76,0,0.99375,1.0,0.95,0.8,0.8888888888888888,0.9583333333333334
chb20,5,1,0,5,chb20_15.edf,187,96,99,15,1,79,1,0.99609375,0.9375,0.9875,0.9375,0.9375,0.9791666666666666
chb20,5,1,1,5,chb20_14.edf,230,42,96,6,0,35,1,1.0,0.8571428571428571,1.0,1.0,0.9230769230769231,0.9761904761904762
chb20,5,1,2,5,chb20_12.edf;chb20_16.edf,206,72,66,12,7,53,0,0.9916666666666667,1.0,0.8833333333333333,0.631578947368421,0.7741935483870968,0.9027777777777778
chb20,5,1,3,5,chb20_13.edf,201,78,96,12,2,63,1,0.9940828402366864,0.9230769230769231,0.9692307692307692,0.8571428571428571,0.8888888888888888,0.9615384615384616
chb20,5,1,4,5,chb20_68.edf,230,42,65,5,1,34,2,0.9836734693877551,0.7142857142857143,0.9714285714285714,0.8333333333333334,0.7692307692307693,0.9285714285714286
chb21,5,1,0,4,chb21_19.edf,134,66,99,8,3,52,3,0.9438016528925619,0.7272727272727273,0.9454545454545454,0.7272727272727273,0.7272727272727273,0.9090909090909091
chb21,5,1,1,4,chb21_20.edf,139,60,97,10,2,48,0,0.996,1.0,0.96,0.8333333333333334,0.9090909090909091,0.9666666666666667
chb21,5,1,2,4,chb21_21.edf,110,96,98,13,7,73,3,0.94609375,0.8125,0.9125,0.65,0.7222222222222222,0.8958333333333334
chb21,5,1,3,4,chb21_22.edf,177,12,99,2,0,10,0,1.0,1.0,1.0,1.0,1.0,1.0
chb22,5,1,0,3,chb22_20.edf,134,66,98,11,1,54,0,1.0,1.0,0.9818181818181818,0.9166666666666666,0.9565217391304348,0.9848484848484849
chb22,5,1,1,3,chb22_25.edf,120,84,99,14,1,69,0,1.0,1.0,0.9857142857142858,0.9333333333333333,0.9655172413793104,0.9880952380952381
chb22,5,1,2,3,chb22_38.edf,120,84,98,12,0,70,2,0.9255102040816328,0.8571428571428571,1.0,1.0,0.9230769230769231,0.9761904761904762
chb23,5,1,0,3,chb23_06.edf,288,132,98,22,5,105,0,0.9942148760330579,1.0,0.9545454545454546,0.8148148148148148,0.8979591836734694,0.9621212121212122
chb23,5,1,1,3,chb23_08.edf,331,78,60,12,1,64,1,0.9881656804733728,0.9230769230769231,0.9846153846153847,0.9230769230769231,0.9230769230769231,0.9743589743589743
chb23,5,1,2,3,chb23_09.edf,168,282,97,45,6,229,2,0.9927569035762789,0.9574468085106383,0.9744680851063829,0.8823529411764706,0.9183673469387755,0.9716312056737588
chb24,5,1,0,5,chb24_01.edf;chb24_15.edf,398,78,99,10,2,63,3,0.978698224852071,0.7692307692307693,0.9692307692307692,0.8333333333333334,0.8,0.9358974358974359
chb24,5,1,1,5,chb24_07.edf;chb24_13.edf;chb24_14.edf,403,72,69,11,7,53,1,0.9458333333333334,0.9166666666666666,0.8833333333333333,0.6111111111111112,0.7333333333333333,0.8888888888888888
chb24,5,1,2,5,chb24_03.edf;chb24_09.edf,398,78,94,10,0,65,3,0.9952662721893492,0.7692307692307693,1.0,1.0,0.8695652173913043,0.9615384615384616
chb24,5,1,3,5,chb24_04.edf;chb24_06.edf;chb24_21.edf,312,186,21,27,24,131,4,0.9227887617065557,0.8709677419354839,0.8451612903225807,0.5294117647058824,0.6585365853658537,0.8494623655913979
chb24,5,1,4,5,chb24_11.edf;chb24_17.edf,331,162,65,16,3,132,11,0.7352537722908093,0.5925925925925926,0.9777777777777777,0.8421052631578947,0.6956521739130435,0.9135802469135802
chb01,8,1,0,5,chb01_03.edf,230,30,89,5,0,25,0,1.0,1.0,1.0,1.0,1.0,1.0
chb01,8,1,1,5,chb01_21.edf,201,66,89,11,0,55,0,1.0,1.0,1.0,1.0,1.0,1.0
chb01,8,1,2,5,chb01_26.edf,196,72,99,12,1,59,0,1.0,1.0,0.9833333333333333,0.9230769230769231,0.96,0.9861111111111112
chb01,8,1,3,5,chb01_15.edf;chb01_16.edf,201,66,84,11,22,33,0,1.0,1.0,0.6,0.3333333333333333,0.5,0.6666666666666666
chb01,8,1,4,5,chb01_04.edf;chb01_18.edf,187,84,99,14,0,70,0,1.0,1.0,1.0,1.0,1.0,1.0
chb02,8,1,0,3,chb02_16+.edf,52,60,11,0,0,50,10,0.194,0.0,1.0,,0.0,0.8333333333333334
chb02,8,1,1,3,chb02_16.edf,52,60,99,10,39,11,0,0.974,1.0,0.22,0.20408163265306123,0.3389830508474576,0.35
chb02,8,1,2,3,chb02_19.edf,96,6,96,1,0,5,0,1.0,1.0,1.0,1.0,1.0,1.0
chb03,8,1,0,5,chb03_02.edf,187,48,97,7,1,39,1,0.996875,0.875,0.975,0.875,0.875,0.9583333333333334
chb03,8,1,1,5,chb03_03.edf,187,48,96,8,4,36,0,1.0,1.0,0.9,0.6666666666666666,0.8,0.9166666666666666
chb03,8,1,2,5,chb03_35.edf,187,48,69,8,1,39,0,1.0,1.0,0.975,0.8888888888888888,0.9411764705882353,0.9791666666666666
chb03,8,1,3,5,chb03_01.edf;chb03_34.edf,172,66,97,9,0,55,2,0.9933884297520661,0.8181818181818182,1.0,1.0,0.9,0.9696969696969697
chb03,8,1,4,5,chb03_04.edf;chb03_36.edf,168,72,55,11,6,54,1,0.975,0.9166666666666666,0.9,0.6470588235294118,0.7586206896551724,0.9027777777777778
chb04,8,1,0,3,chb04_05.edf,187,36,58,6,20,10,0,0.8611111111111112,1.0,0.3333333333333333,0.23076923076923078,0.375,0.4444444444444444
chb04,8,1,1,3,chb04_08.edf,153,78,95,13,7,58,0,0.9893491124260354,1.0,0.8923076923076924,0.65,0.7878787878787878,0.9102564102564102
chb04,8,1,2,3,chb04_28.edf,91,156,58,17,4,126,9,0.9112426035502958,0.6538461538461539,0.9692307692307692,0.8095238095238095,0.723404255319149,0.9166666666666666
chb05,8,1,0,5,chb05_06.edf,259,84,93,11,0,70,3,0.9989795918367348,0.7857142857142857,1.0,1.0,0.88,0.9642857142857143
chb05,8,1,1,5,chb05_13.edf,264,78,0,0,0,65,13,0.07337278106508875,0.0,1.0,,0.0,0.8333333333333334
chb05,8,1,2,5,chb05_16.edf,268,72,63,12,0,60,0,1.0,1.0,1.0,1.0,1.0,1.0
chb05,8,1,3,5,chb05_17.edf,254,90,99,15,2,73,0,1.0,1.0,0.9733333333333334,0.8823529411764706,0.9375,0.9777777777777777
chb05,8,1,4,5,chb05_22.edf,259,84,85,13,17,53,1,0.9387755102040816,0.9285714285714286,0.7571428571428571,0.43333333333333335,0.5909090909090909,0.7857142857142857
chb06,8,1,0,5,chb06_09.edf,57,12,7,0,0,10,2,0.8,0.0,1.0,,0.0,0.8333333333333334
chb06,8,1,1,5,chb06_13.edf,62,6,6,0,0,5,1,0.0,0.0,1.0,,0.0,0.8333333333333334
chb06,8,1,2,5,chb06_01.edf;chb06_24.edf,43,30,2,0,0,25,5,0.832,0.0,1.0,,0.0,0.8333333333333334
chb06,8,1,3,5,chb06_04.edf,48,24,99,1,6,14,3,0.6375000000000001,0.25,0.7,0.14285714285714285,0.18181818181818182,0.625
chb06,8,1,4,5,chb06_10.edf;chb06_18.edf,57,12,6,0,0,10,2,0.7999999999999999,0.0,1.0,,0.0,0.8333333333333334
chb07,8,1,0,3,chb07_12.edf,139,60,76,10,1,49,0,1.0,1.0,0.98,0.9090909090909091,0.9523809523809523,0.9833333333333333
chb07,8,1,1,3,chb07_13.edf,129,72,5,0,0,60,12,0.7708333333333333,0.0,1.0,,0.0,0.8333333333333334
chb07,8,1,2,3,chb07_19.edf,105,102,97,14,2,83,3,0.9910034602076124,0.8235294117647058,0.9764705882352941,0.875,0.8484848484848485,0.9509803921568627
chb08,8,1,0,5,chb08_02.edf,441,126,96,19,6,99,2,0.9927437641723356,0.9047619047619048,0.9428571428571428,0.76,0.8260869565217391,0.9365079365079365
chb08,8,1,1,5,chb08_05.edf,432,138,91,20,14,101,3,0.9667296786389414,0.8695652173913043,0.8782608695652174,0.5882352941176471,0.7017543859649122,0.8768115942028986
chb08,8,1,2,5,chb08_11.edf,465,96,37,15,1,79,1,0.97265625,0.9375,0.9875,0.9375,0.9375,0.9791666666666666
chb08,8,1,3,5,chb08_13.edf,446,120,48,17,1,99,3,0.989,0.85,0.99,0.9444444444444444,0.8947368421052632,0.9666666666666667
chb08,8,1,4,5,chb08_21.edf,384,198,97,30,11,154,3,0.9836547291092745,0.9090909090909091,0.9333333333333333,0.7317073170731707,0.8108108108108109,0.9292929292929293
chb09,8,1,0,3,chb09_06.edf,115,48,94,8,0,40,0,1.0,1.0,1.0,1.0,1.0,1.0
chb09,8,1,1,3,chb09_08.edf,72,102,99,15,14,71,2,0.9377162629757785,0.8823529411764706,0.8352941176470589,0.5172413793103449,0.6521739130434783,0.8431372549019608
chb09,8,1,2,3,chb09_19.edf,120,42,97,7,2,33,0,1.0,1.0,0.9428571428571428,0.7777777777777778,0.875,0.9523809523809523
chb10,8,1,0,5,chb10_38.edf,201,66,99,10,5,50,1,0.9438016528925619,0.9090909090909091,0.9090909090909091,0.6666666666666666,0.7692307692307693,0.9090909090909091
chb10,8,1,1,5,chb10_89.edf,225,36,98,5,0,30,1,0.9666666666666668,0.8333333333333334,1.0,1.0,0.9090909090909091,0.9722222222222222
chb10,8,1,2,5,chb10_20.edf;chb10_31.edf,172,102,99,17,0,85,0,1.0,1.0,1.0,1.0,1.0,1.0
chb10,8,1,3,5,chb10_27.edf,216,48,99,8,0,40,0,1.0,1.0,1.0,1.0,1.0,1.0
chb10,8,1,4,5,chb10_12.edf;chb10_30.edf,201,66,97,8,0,55,3,0.9685950413223141,0.7272727272727273,1.0,1.0,0.8421052631578947,0.9545454545454546
chb11,8,1,0,3,chb11_82.edf,304,12,70,2,0,10,0,1.0,1.0,1.0,1.0,1.0,1.0
chb11,8,1,1,3,chb11_92.edf,294,24,68,4,0,20,0,1.0,1.0,1.0,1.0,1.0,1.0
chb11,8,1,2,3,chb11_99.edf,28,356,8,0,0,262,94,0.6460735747929186,0.0,1.0,,0.0,0.7359550561797753
chb12,8,1,0,5,chb12_08.edf,499,48,95,8,0,40,0,1.0,1.0,1.0,1.0,1.0,1.0
chb12,8,1,1,5,chb12_09.edf;chb12_10.edf,456,102,78,17,6,79,0,0.9986159169550173,1.0,0.9294117647058824,0.7391304347826086,0.85,0.9411764705882353
chb12,8,1,2,5,chb12_11.edf;chb12_33.edf;chb12_38.edf,398,174,93,21,8,137,8,0.949821640903686,0.7241379310344828,0.9448275862068966,0.7241379310344828,0.7241379310344828,0.9080459770114943
chb12,8,1,3,5,chb12_42.edf,456,102,88,15,0,85,2,1.0,0.8823529411764706,1.0,1.0,0.9375,0.9803921568627451
chb12,8,1,4,5,chb12_06.edf;chb12_23.edf;chb12_36.edf,340,246,99,31,28,177,10,0.8582986317668054,0.7560975609756098,0.8634146341463415,0.5254237288135594,0.62,0.8455284552845529
chb13,8,1,0,5,chb13_19.edf,220,30,92,3,0,25,2,0.9600000000000001,0.6,1.0,1.0,0.75,0.9333333333333333
chb13,8,1,1,5,chb13_55.edf,225,24,82,2,5,15,2,0.825,0.5,0.75,0.2857142857142857,0.36363636363636365,0.7083333333333334
chb13,8,1,2,5,chb13_62.edf,134,138,99,23,36,79,0,0.9368620037807184,1.0,0.6869565217391305,0.3898305084745763,0.5609756097560976,0.7391304347826086
chb13,8,1,3,5,chb13_59.edf;chb13_60.edf,201,54,96,1,2,43,8,0.9333333333333333,0.1111111111111111,0.9555555555555556,0.3333333333333333,0.16666666666666666,0.8148148148148148
chb13,8,1,4,5,chb13_21.edf;chb13_58.edf,196,60,99,0,0,50,10,0.834,0.0,1.0,,0.0,0.8333333333333334
chb14,8,1,0,5,chb14_11.edf,57,30,77,4,0,25,1,0.976,0.8,1.0,1.0,0.8888888888888888,0.9666666666666667
chb14,8,1,1,5,chb14_06.edf,76,6,99,1,0,5,0,1.0,1.0,1.0,1.0,1.0,1.0
chb14,8,1,2,5,chb14_03.edf;chb14_04.edf,57,30,96,5,2,23,0,0.96,1.0,0.92,0.7142857142857143,0.8333333333333334,0.9333333333333333
chb14,8,1,3,5,chb14_17.edf;chb14_18.edf,62,24,75,3,0,20,1,1.0,0.75,1.0,1.0,0.8571428571428571,0.9583333333333334
chb14,8,1,4,5,chb14_27.edf,72,12,96,2,0,10,0,1.0,1.0,1.0,1.0,1.0,1.0
chb15,8,1,0,5,chb15_62.edf,1075,78,99,13,1,64,0,1.0,1.0,0.9846153846153847,0.9285714285714286,0.9629629629629629,0.9871794871794872
chb15,8,1,1,5,chb15_06.edf;chb15_22.edf;chb15_31.edf;chb15_49.edf,792,432,98,61,36,324,11,0.9236882716049383,0.8472222222222222,0.9,0.6288659793814433,0.7218934911242604,0.8912037037037037
chb15,8,1,2,5,chb15_15.edf;chb15_52.edf;chb15_54.edf,777,450,96,66,50,325,9,0.9148088888888889,0.88,0.8666666666666667,0.5689655172413793,0.6910994764397905,0.8688888888888889
chb15,8,1,3,5,chb15_10.edf;chb15_17.edf;chb15_40.edf,969,210,99,27,4,171,8,0.9787755102040817,0.7714285714285715,0.9771428571428571,0.8709677419354839,0.8181818181818182,0.9428571428571428
chb15,8,1,4,5,chb15_20.edf;chb15_28.edf;chb15_46.edf,936,252,99,39,6,204,3,0.978344671201814,0.9285714285714286,0.9714285714285714,0.8666666666666667,0.896551724137931,0.9642857142857143
chb16,8,1,0,4,chb16_10.edf,24,6,53,0,0,5,1,0.8,0.0,1.0,,0.0,0.8333333333333334
chb16,8,1,1,4,chb16_11.edf,24,6,99,1,0,5,0,1.0,1.0,1.0,1.0,1.0,1.0
chb16,8,1,2,4,chb16_14.edf,24,6,99,0,0,5,1,1.0,0.0,1.0,,0.0,0.8333333333333334
chb16,8,1,3,4,chb16_17.edf,14,18,1,3,11,4,0,0.7333333333333334,1.0,0.26666666666666666,0.21428571428571427,0.35294117647058826,0.3888888888888889
chb17,8,1,0,3,chb17a_03.edf,120,66,97,9,0,55,2,0.9900826446280991,0.8181818181818182,1.0,1.0,0.9,0.9696969696969697
chb17,8,1,1,3,chb17a_04.edf,105,84,98,11,3,67,3,0.986734693877551,0.7857142857142857,0.9571428571428572,0.7857142857142857,0.7857142857142857,0.9285714285714286
chb17,8,1,2,3,chb17b_63.edf,120,66,97,11,6,49,0,0.971900826446281,1.0,0.8909090909090909,0.6470588235294118,0.7857142857142857,0.9090909090909091
chb18,8,1,0,5,chb18_30.edf,158,18,95,0,0,15,3,0.5777777777777777,0.0,1.0,,0.0,0.8333333333333334
chb18,8,1,1,5,chb18_36.edf,148,30,42,5,8,17,0,1.0,1.0,0.68,0.38461538461538464,0.5555555555555556,0.7333333333333333
chb18,8,1,2,5,chb18_32.edf,144,36,40,6,6,24,0,1.0,1.0,0.8,0.5,0.6666666666666666,0.8333333333333334
chb18,8,1,3,5,chb18_35.edf,134,48,85,7,1,39,1,0.9875,0.875,0.975,0.875,0.875,0.9583333333333334
chb18,8,1,4,5,chb18_29.edf;chb18_31.edf,105,84,57,14,4,66,0,0.9989795918367348,1.0,0.9428571428571428,0.7777777777777778,0.875,0.9523809523809523
chb19,8,1,0,3,chb19_28.edf,91,54,99,6,2,43,3,0.8469135802469135,0.6666666666666666,0.9555555555555556,0.75,0.7058823529411765,0.9074074074074074
chb19,8,1,1,3,chb19_29.edf,91,54,98,8,1,44,1,0.9802469135802468,0.8888888888888888,0.9777777777777777,0.8888888888888888,0.8888888888888888,0.9629629629629629
chb19,8,1,2,3,chb19_30.edf,86,60,73,9,0,50,1,0.992,0.9,1.0,1.0,0.9473684210526315,0.9833333333333333
chb20,8,1,0,5,chb20_15.edf,105,60,99,7,0,50,3,1.0,0.7,1.0,1.0,0.8235294117647058,0.95
chb20,8,1,1,5,chb20_14.edf,134,24,93,4,0,20,0,1.0,1.0,1.0,1.0,1.0,1.0
chb20,8,1,2,5,chb20_12.edf;chb20_16.edf,120,42,98,7,5,30,0,0.9877551020408163,1.0,0.8571428571428571,0.5833333333333334,0.7368421052631579,0.8809523809523809
chb20,8,1,3,5,chb20_13.edf,120,42,73,7,0,35,0,1.0,1.0,1.0,1.0,1.0,1.0
chb20,8,1,4,5,chb20_68.edf,134,24,94,3,0,20,1,1.0,0.75,1.0,1.0,0.8571428571428571,0.9583333333333334
chb21,8,1,0,4,chb21_19.edf,81,42,98,3,3,32,4,0.9102040816326531,0.42857142857142855,0.9142857142857143,0.5,0.46153846153846156,0.8333333333333334
chb21,8,1,1,4,chb21_20.edf,86,36,90,6,3,27,0,0.95,1.0,0.9,0.6666666666666666,0.8,0.9166666666666666
chb21,8,1,2,4,chb21_21.edf,67,60,1,0,0,50,10,0.13,0.0,1.0,,0.0,0.8333333333333334
chb21,8,1,3,4,chb21_22.edf,110,6,99,1,0,5,0,1.0,1.0,1.0,1.0,1.0,1.0
chb22,8,1,0,3,chb22_20.edf,86,42,97,7,0,35,0,1.0,1.0,1.0,1.0,1.0,1.0
chb22,8,1,1,3,chb22_25.edf,76,54,98,9,5,40,0,0.9827160493827161,1.0,0.8888888888888888,0.6428571428571429,0.782608695652174,0.9074074074074074
chb22,8,1,2,3,chb22_38.edf,76,54,99,8,0,45,1,0.9753086419753086,0.8888888888888888,1.0,1.0,0.9411764705882353,0.9814814814814815
chb23,8,1,0,3,chb23_06.edf,168,84,99,14,2,68,0,1.0,1.0,0.9714285714285714,0.875,0.9333333333333333,0.9761904761904762
chb23,8,1,1,3,chb23_08.edf,201,42,98,7,0,35,0,1.0,1.0,1.0,1.0,1.0,1.0
chb23,8,1,2,3,chb23_09.edf,100,168,96,28,3,137,0,0.9987244897959183,1.0,0.9785714285714285,0.9032258064516129,0.9491525423728814,0.9821428571428571
chb24,8,1,0,5,chb24_07.edf;chb24_13.edf;chb24_21.edf,225,72,97,12,8,52,0,1.0,1.0,0.8666666666666667,0.6,0.75,0.8888888888888888
chb24,8,1,1,5,chb24_01.edf;chb24_09.edf,244,48,94,7,0,40,1,1.0,0.875,1.0,1.0,0.9333333333333333,0.9791666666666666
chb24,8,1,2,5,chb24_03.edf;chb24_15.edf,244,48,98,8,0,40,0,1.0,1.0,1.0,1.0,1.0,1.0
chb24,8,1,3,5,chb24_04.edf;chb24_06.edf;chb24_14.edf,211,90,43,11,19,56,4,0.8799999999999999,0.7333333333333333,0.7466666666666667,0.36666666666666664,0.4888888888888889,0.7444444444444445
chb24,8,1,4,5,chb24_11.edf;chb24_17.edf,206,96,99,10,0,80,6,0.6710937499999999,0.625,1.0,1.0,0.7692307692307693,0.9375
chb01,10,1,0,5,chb01_21.edf,163,54,97,9,1,44,0,1.0,1.0,0.9777777777777777,0.9,0.9473684210526315,0.9814814814814815
chb01,10,1,1,5,chb01_26.edf,158,60,99,10,0,50,0,1.0,1.0,1.0,1.0,1.0,1.0
chb01,10,1,2,5,chb01_03.edf,187,24,92,4,1,19,0,1.0,1.0,0.95,0.8,0.8888888888888888,0.9583333333333334
chb01,10,1,3,5,chb01_15.edf;chb01_16.edf,163,54,97,9,7,38,0,1.0,1.0,0.8444444444444444,0.5625,0.72,0.8703703703703703
chb01,10,1,4,5,chb01_04.edf;chb01_18.edf,153,66,96,11,1,54,0,1.0,1.0,0.9818181818181818,0.9166666666666666,0.9565217391304348,0.9848484848484849
chb02,10,1,0,2,chb02_16+.edf,38,48,2,0,0,40,8,0.053125000000000006,0.0,1.0,,0.0,0.8333333333333334
chb02,10,1,1,2,chb02_16.edf,38,48,96,8,39,1,0,0.6124999999999999,1.0,0.025,0.1702127659574468,0.2909090909090909,0.1875
chb03,10,1,0,5,chb03_02.edf,148,36,51,5,8,22,1,0.9555555555555556,0.8333333333333334,0.7333333333333333,0.38461538461538464,0.5263157894736842,0.75
chb03,10,1,1,5,chb03_03.edf,148,36,99,6,2,28,0,1.0,1.0,0.9333333333333333,0.75,0.8571428571428571,0.9444444444444444
chb03,10,1,2,5,chb03_01.edf;chb03_34.edf,134,54,90,8,3,42,1,0.9654320987654321,0.8888888888888888,0.9333333333333333,0.7272727272727273,0.8,0.9259259259259259
chb03,10,1,3,5,chb03_35.edf,148,36,64,6,1,29,0,0.9944444444444445,1.0,0.9666666666666667,0.8571428571428571,0.9230769230769231,0.9722222222222222
chb03,10,1,4,5,chb03_04.edf;chb03_36.edf,129,60,99,6,2,48,4,0.9620000000000001,0.6,0.96,0.75,0.6666666666666666,0.9
chb04,10,1,0,3,chb04_05.edf,153,24,97,4,14,6,0,0.95,1.0,0.3,0.2222222222222222,0.36363636363636365,0.4166666666666667
chb04,10,1,1,3,chb04_08.edf,120,66,72,11,8,47,0,0.9950413223140495,1.0,0.8545454545454545,0.5789473684210527,0.7333333333333333,0.8787878787878788
chb04,10,1,2,3,chb04_28.edf,72,126,99,16,2,103,5,0.9528344671201814,0.7619047619047619,0.9809523809523809,0.8888888888888888,0.8205128205128205,0.9444444444444444
chb05,10,1,0,5,chb05_06.edf,206,66,96,8,0,55,3,0.9818181818181819,0.7272727272727273,1.0,1.0,0.8421052631578947,0.9545454545454546
chb05,10,1,1,5,chb05_13.edf,206,66,96,10,0,55,1,0.9983471074380165,0.9090909090909091,1.0,1.0,0.9523809523809523,0.9848484848484849
chb05,10,1,2,5,chb05_16.edf,216,54,89,9,0,45,0,1.0,1.0,1.0,1.0,1.0,1.0
chb05,10,1,3,5,chb05_17.edf,201,72,88,12,2,58,0,1.0,1.0,0.9666666666666667,0.8571428571428571,0.9230769230769231,0.9722222222222222
chb05,10,1,4,5,chb05_22.edf,206,66,97,11,15,40,0,0.9900826446280991,1.0,0.7272727272727273,0.4230769230769231,0.5945945945945946,0.7727272727272727
chb06,10,1,0,5,chb06_09.edf,52,6,12,0,0,5,1,1.0,0.0,1.0,,0.0,0.8333333333333334
chb06,10,1,1,5,chb06_13.edf,52,6,11,0,0,5,1,0.0,0.0,1.0,,0.0,0.8333333333333334
chb06,10,1,2,5,chb06_01.edf;chb06_18.edf,38,24,19,0,0,20,4,0.9125000000000001,0.0,1.0,,0.0,0.8333333333333334
chb06,10,1,3,5,chb06_04.edf;chb06_24.edf,33,30,11,0,0,25,5,0.584,0.0,1.0,,0.0,0.8333333333333334
chb06,10,1,4,5,chb06_10.edf,52,6,6,0,0,5,1,0.8,0.0,1.0,,0.0,0.8333333333333334
chb07,10,1,0,3,chb07_12.edf,110,48,96,8,0,40,0,1.0,1.0,1.0,1.0,1.0,1.0
chb07,10,1,1,3,chb07_13.edf,105,54,88,9,1,44,0,1.0,1.0,0.9777777777777777,0.9,0.9473684210526315,0.9814814814814815
chb07,10,1,2,3,chb07_19.edf,81,84,98,12,1,69,2,0.9928571428571429,0.8571428571428571,0.9857142857142858,0.9230769230769231,0.8888888888888888,0.9642857142857143
chb08,10,1,0,5,chb08_02.edf,355,102,89,16,2,83,1,0.9965397923875433,0.9411764705882353,0.9764705882352941,0.8888888888888888,0.9142857142857143,0.9705882352941176
chb08,10,1,1,5,chb08_05.edf,345,114,70,15,10,85,4,0.9440443213296399,0.7894736842105263,0.8947368421052632,0.6,0.6818181818181818,0.8771929824561403
chb08,10,1,2,5,chb08_11.edf,374,78,98,12,0,65,1,0.9940828402366865,0.9230769230769231,1.0,1.0,0.96,0.9871794871794872
chb08,10,1,3,5,chb08_13.edf,360,96,80,14,1,79,2,0.9921875,0.875,0.9875,0.9333333333333333,0.9032258064516129,0.96875
chb08,10,1,4,5,chb08_21.edf,312,156,87,24,10,120,2,0.9846153846153847,0.9230769230769231,0.9230769230769231,0.7058823529411765,0.8,0.9230769230769231
chb09,10,1,0,3,chb09_06.edf,96,36,77,6,1,29,0,1.0,1.0,0.9666666666666667,0.8571428571428571,0.9230769230769231,0.9722222222222222
chb09,10,1,1,3,chb09_08.edf,57,84,5,0,0,70,14,0.22346938775510206,0.0,1.0,,0.0,0.8333333333333334
chb09,10,1,2,3,chb09_19.edf,96,36,95,5,0,30,1,0.8388888888888889,0.8333333333333334,1.0,1.0,0.9090909090909091,0.9722222222222222
chb10,10,1,0,5,chb10_27.edf,168,36,98,6,0,30,0,1.0,1.0,1.0,1.0,1.0,1.0
chb10,10,1,1,5,chb10_89.edf,172,30,99,3,0,25,2,0.968,0.6,1.0,1.0,0.75,0.9333333333333333
chb10,10,1,2,5,chb10_38.edf,158,48,99,7,9,31,1,0.953125,0.875,0.775,0.4375,0.5833333333333334,0.7916666666666666
chb10,10,1,3,5,chb10_20.edf;chb10_31.edf,129,84,73,0,0,70,14,0.8336734693877551,0.0,1.0,,0.0,0.8333333333333334
chb10,10,1,4,5,chb10_12.edf;chb10_30.edf,158,48,99,5,0,40,3,0.98125,0.625,1.0,1.0,0.7692307692307693,0.9375
chb11,10,1,0,3,chb11_82.edf,242,12,99,2,0,10,0,1.0,1.0,1.0,1.0,1.0,1.0
chb11,10,1,1,3,chb11_92.edf,237,18,92,3,0,15,0,1.0,1.0,1.0,1.0,1.0,1.0
chb11,10,1,2,3,chb11_99.edf,24,285,99,70,19,191,5,0.9532698412698414,0.9333333333333333,0.9095238095238095,0.7865168539325843,0.8536585365853658,0.9157894736842105
chb12,10,1,0,5,chb12_42.edf,364,78,85,11,3,62,2,0.9846153846153846,0.8461538461538461,0.9538461538461539,0.7857142857142857,0.8148148148148148,0.9358974358974359
chb12,10,1,1,5,chb12_08.edf,393,42,93,7,2,33,0,0.9959183673469387,1.0,0.9428571428571428,0.7777777777777778,0.875,0.9523809523809523
chb12,10,1,2,5,chb12_10.edf;chb12_23.edf,292,168,92,21,10,130,7,0.9012755102040816,0.75,0.9285714285714286,0.6774193548387096,0.711864406779661,0.8988095238095238
chb12,10,1,3,5,chb12_06.edf;chb12_33.edf;chb12_38.edf,283,180,97,24,6,144,6,0.971111111111111,0.8,0.96,0.8,0.8,0.9333333333333333
chb12,10,1,4,5,chb12_09.edf;chb12_11.edf;chb12_36.edf,374,66,99,9,1,54,2,0.9603305785123968,0.8181818181818182,0.9818181818181818,0.9,0.8571428571428571,0.9545454545454546
chb13,10,1,0,5,chb13_19.edf,172,24,98,3,2,18,1,0.925,0.75,0.9,0.6,0.6666666666666666,0.875
chb13,10,1,1,5,chb13_55.edf,177,18,99,1,4,11,2,0.7777777777777778,0.3333333333333333,0.7333333333333333,0.2,0.25,0.6666666666666666
chb13,10,1,2,5,chb13_62.edf,110,102,52,14,3,82,3,0.9778546712802768,0.8235294117647058,0.9647058823529412,0.8235294117647058,0.8235294117647058,0.9411764705882353
chb13,10,1,3,5,chb13_58.edf;chb13_59.edf,158,42,87,5,1,34,2,0.9755102040816326,0.7142857142857143,0.9714285714285714,0.8333333333333334,0.7692307692307693,0.9285714285714286
chb13,10,1,4,5,chb13_21.edf;chb13_60.edf,148,54,97,2,3,42,7,0.7234567901234568,0.2222222222222222,0.9333333333333333,0.4,0.2857142857142857,0.8148148148148148
chb14,10,1,0,5,chb14_06.edf,67,6,1,0,0,5,1,1.0,0.0,1.0,,0.0,0.8333333333333334
chb14,10,1,1,5,chb14_11.edf,52,24,99,3,0,20,1,1.0,0.75,1.0,1.0,0.8571428571428571,0.9583333333333334
chb14,10,1,2,5,chb14_17.edf;chb14_18.edf,52,24,99,4,1,19,0,0.9874999999999999,1.0,0.95,0.8,0.8888888888888888,0.9583333333333334
chb14,10,1,3,5,chb14_27.edf,67,6,93,1,0,5,0,1.0,1.0,1.0,1.0,1.0,1.0
chb14,10,1,4,5,chb14_03.edf;chb14_04.edf,48,30,99,5,0,25,0,1.0,1.0,1.0,1.0,1.0,1.0
chb15,10,1,0,5,chb15_62.edf,873,60,91,10,2,48,0,1.0,1.0,0.96,0.8333333333333334,0.9090909090909091,0.9666666666666667
chb15,10,1,1,5,chb15_06.edf;chb15_22.edf;chb15_31.edf;chb15_49.edf,643,348,95,47,23,267,11,0.9226516052318668,0.8103448275862069,0.9206896551724137,0.6714285714285714,0.734375,0.9022988505747126
chb15,10,1,2,5,chb15_15.edf;chb15_52.edf;chb15_54.edf,628,366,96,51,23,282,10,0.9388873958613275,0.8360655737704918,0.9245901639344263,0.6891891891891891,0.7555555555555555,0.9098360655737705
chb15,10,1,3,5,chb15_10.edf;chb15_17.edf;chb15_40.edf,782,174,98,21,2,143,8,0.9626634958382878,0.7241379310344828,0.9862068965517241,0.9130434782608695,0.8076923076923077,0.9425287356321839
chb15,10,1,4,5,chb15_20.edf;chb15_28.edf;chb15_46.edf,758,204,94,31,9,161,3,0.9624567474048443,0.9117647058823529,0.9470588235294117,0.775,0.8378378378378378,0.9411764705882353
chb17,10,1,0,3,chb17a_03.edf,91,54,93,8,1,44,1,0.9925925925925926,0.8888888888888888,0.9777777777777777,0.8888888888888888,0.8888888888888888,0.9629629629629629
chb17,10,1,1,3,chb17a_04.edf,81,66,97,8,0,55,3,0.9867768595041322,0.7272727272727273,1.0,1.0,0.8421052631578947,0.9545454545454546
chb17,10,1,2,3,chb17b_63.edf,96,48,97,8,5,35,0,0.975,1.0,0.875,0.6153846153846154,0.7619047619047619,0.8958333333333334
chb18,10,1,0,5,chb18_30.edf,124,18,99,0,0,15,3,0.6666666666666667,0.0,1.0,,0.0,0.8333333333333334
chb18,10,1,1,5,chb18_36.edf,120,24,91,4,9,11,0,0.85,1.0,0.55,0.3076923076923077,0.47058823529411764,0.625
chb18,10,1,2,5,chb18_32.edf,115,30,70,5,1,24,0,1.0,1.0,0.96,0.8333333333333334,0.9090909090909091,0.9666666666666667
chb18,10,1,3,5,chb18_35.edf,110,36,99,5,0,30,1,0.9833333333333334,0.8333333333333334,1.0,1.0,0.9090909090909091,0.9722222222222222
chb18,10,1,4,5,chb18_29.edf;chb18_31.edf,86,66,48,11,7,48,0,0.9867768595041322,1.0,0.8727272727272727,0.6111111111111112,0.7586206896551724,0.8939393939393939
chb19,10,1,0,3,chb19_28.edf,72,42,97,4,0,35,3,0.8163265306122448,0.5714285714285714,1.0,1.0,0.7272727272727273,0.9285714285714286
chb19,10,1,1,3,chb19_29.edf,72,42,71,7,1,34,0,0.9959183673469387,1.0,0.9714285714285714,0.875,0.9333333333333333,0.9761904761904762
chb19,10,1,2,3,chb19_30.edf,67,48,38,6,4,36,2,0.821875,0.75,0.9,0.6,0.6666666666666666,0.875
chb20,10,1,0,5,chb20_15.edf,81,42,99,6,0,35,1,1.0,0.8571428571428571,1.0,1.0,0.9230769230769231,0.9761904761904762
chb20,10,1,1,5,chb20_14.edf,100,18,88,3,0,15,0,1.0,1.0,1.0,1.0,1.0,1.0
chb20,10,1,2,5,chb20_12.edf;chb20_16.edf,91,30,99,5,4,21,0,1.0,1.0,0.84,0.5555555555555556,0.7142857142857143,0.8666666666666667
chb20,10,1,3,5,chb20_13.edf,86,36,96,5,0,30,1,0.9944444444444445,0.8333333333333334,1.0,1.0,0.9090909090909091,0.9722222222222222
chb20,10,1,4,5,chb20_68.edf,100,18,98,2,0,15,1,1.0,0.6666666666666666,1.0,1.0,0.8,0.9444444444444444
chb21,10,1,0,4,chb21_19.edf,67,30,1,0,0,25,5,0.05599999999999998,0.0,1.0,,0.0,0.8333333333333334
chb21,10,1,1,4,chb21_20.edf,67,30,99,0,0,25,5,0.976,0.0,1.0,,0.0,0.8333333333333334
chb21,10,1,2,4,chb21_21.edf,52,48,98,6,0,40,2,0.9375,0.75,1.0,1.0,0.8571428571428571,0.9583333333333334
chb21,10,1,3,4,chb21_22.edf,86,6,99,1,2,3,0,1.0,1.0,0.6,0.3333333333333333,0.5,0.6666666666666666
chb22,10,1,0,3,chb22_20.edf,67,30,1,0,0,25,5,0.14400000000000002,0.0,1.0,,0.0,0.8333333333333334
chb22,10,1,1,3,chb22_25.edf,57,42,6,0,0,35,7,0.3673469387755102,0.0,1.0,,0.0,0.8333333333333334
chb22,10,1,2,3,chb22_38.edf,57,42,9,0,0,35,7,0.6122448979591837,0.0,1.0,,0.0,0.8333333333333334
chb23,10,1,0,3,chb23_06.edf,139,66,97,11,2,53,0,1.0,1.0,0.9636363636363636,0.8461538461538461,0.9166666666666666,0.9696969696969697
chb23,10,1,1,3,chb23_08.edf,163,36,69,4,0,30,2,1.0,0.6666666666666666,1.0,1.0,0.8,0.9444444444444444
chb23,10,1,2,3,chb23_09.edf,81,138,98,23,4,111,0,0.9871455576559547,1.0,0.9652173913043478,0.8518518518518519,0.92,0.9710144927536232
chb24,10,1,0,5,chb24_01.edf;chb24_13.edf;chb24_14.edf,168,42,98,7,0,35,0,1.0,1.0,1.0,1.0,1.0,1.0
chb24,10,1,1,5,chb24_03.edf;chb24_04.edf,153,60,71,10,15,35,0,0.8759999999999999,1.0,0.7,0.4,0.5714285714285714,0.75
chb24,10,1,2,5,chb24_06.edf;chb24_09.edf,187,18,32,3,0,15,0,1.0,1.0,1.0,1.0,1.0,1.0
chb24,10,1,3,5,chb24_07.edf;chb24_15.edf,187,18,99,3,6,9,0,0.9777777777777777,1.0,0.6,0.3333333333333333,0.5,0.6666666666666666
chb24,10,1,4,5,chb24_11.edf;chb24_17.edf;chb24_21.edf,110,114,97,14,0,95,5,0.7800554016620499,0.7368421052631579,1.0,1.0,0.8484848484848485,0.956140350877193
