montage,patient,window_sec,model,fold,n_folds,test_recordings,n_train,n_test,best_epoch,TP,FP,TN,FN,auroc
bipolar,PN00,1,grouped,0,5,PN00-1.edf,1224,420,21,57,21,329,13,0.9608979591836735
bipolar,PN00,1,h=1,0,5,PN00-1.edf,1224,420,51,59,10,340,11,0.9462857142857143
bipolar,PN00,1,h=4,0,5,PN00-1.edf,1224,420,48,56,15,335,14,0.9434285714285714
bipolar,PN00,1,h=8,0,5,PN00-1.edf,1224,420,63,59,11,339,11,0.9648163265306122
bipolar,PN00,1,h=16,0,5,PN00-1.edf,1224,420,29,49,21,329,21,0.9204897959183673
bipolar,PN00,1,h=21,0,5,PN00-1.edf,1224,420,20,45,18,332,25,0.9504897959183674
bipolar,PN00,1,grouped,1,5,PN00-2.edf,1300,324,13,42,43,227,12,0.8902606310013718
bipolar,PN00,1,h=1,1,5,PN00-2.edf,1300,324,46,53,34,236,1,0.986076817558299
bipolar,PN00,1,h=4,1,5,PN00-2.edf,1300,324,57,49,29,241,5,0.9694787379972565
bipolar,PN00,1,h=8,1,5,PN00-2.edf,1300,324,30,49,34,236,5,0.9575445816186557
bipolar,PN00,1,h=16,1,5,PN00-2.edf,1300,324,18,44,64,206,10,0.8785322359396434
bipolar,PN00,1,h=21,1,5,PN00-2.edf,1300,324,2,24,37,233,30,0.7715363511659807
bipolar,PN00,1,grouped,2,5,PN00-3.edf,1272,360,13,25,32,268,35,0.7566666666666667
bipolar,PN00,1,h=1,2,5,PN00-3.edf,1272,360,91,45,39,261,15,0.8493888888888889
bipolar,PN00,1,h=4,2,5,PN00-3.edf,1272,360,69,41,32,268,19,0.8647222222222223
bipolar,PN00,1,h=8,2,5,PN00-3.edf,1272,360,84,40,37,263,20,0.8372777777777778
bipolar,PN00,1,h=16,2,5,PN00-3.edf,1272,360,17,26,28,272,34,0.7758888888888889
bipolar,PN00,1,h=21,2,5,PN00-3.edf,1272,360,16,31,31,269,29,0.8568888888888888
bipolar,PN00,1,grouped,3,5,PN00-4.edf,1204,444,5,24,59,311,50,0.5963842220598978
bipolar,PN00,1,h=1,3,5,PN00-4.edf,1204,444,37,57,8,362,17,0.9330168005843682
bipolar,PN00,1,h=4,3,5,PN00-4.edf,1204,444,40,54,35,335,20,0.8635865595325055
bipolar,PN00,1,h=8,3,5,PN00-4.edf,1204,444,35,28,17,353,46,0.8070854638422207
bipolar,PN00,1,h=16,3,5,PN00-4.edf,1204,444,14,4,43,327,70,0.4387143900657414
bipolar,PN00,1,h=21,3,5,PN00-4.edf,1204,444,3,14,60,310,60,0.4345872899926953
bipolar,PN00,1,grouped,4,5,PN00-5.edf,1238,402,12,43,40,295,24,0.8313655602584095
bipolar,PN00,1,h=1,4,5,PN00-5.edf,1238,402,43,59,30,305,8,0.9382044998886166
bipolar,PN00,1,h=4,4,5,PN00-5.edf,1238,402,51,59,34,301,8,0.9570505680552461
bipolar,PN00,1,h=8,4,5,PN00-5.edf,1238,402,59,55,12,323,12,0.9439073290265091
bipolar,PN00,1,h=16,4,5,PN00-5.edf,1238,402,19,44,41,294,23,0.8365783025172645
bipolar,PN00,1,h=21,4,5,PN00-5.edf,1238,402,13,44,54,281,23,0.8441969258186678
bipolar,PN06,1,grouped,0,5,PN06-1.edf,1046,384,32,23,64,256,41,0.5750000000000001
bipolar,PN06,1,h=1,0,5,PN06-1.edf,1046,384,56,34,6,314,30,0.9607421875000001
bipolar,PN06,1,h=4,0,5,PN06-1.edf,1046,384,95,33,5,315,31,0.965673828125
bipolar,PN06,1,h=8,0,5,PN06-1.edf,1046,384,86,19,6,314,45,0.859521484375
bipolar,PN06,1,h=16,0,5,PN06-1.edf,1046,384,41,32,63,257,32,0.6576660156249999
bipolar,PN06,1,h=21,0,5,PN06-1.edf,1046,384,15,14,64,256,50,0.46855468749999996
bipolar,PN06,1,grouped,1,5,PN06-2.edf,1022,414,20,27,31,314,42,0.6551564797311488
bipolar,PN06,1,h=1,1,5,PN06-2.edf,1022,414,95,53,89,256,16,0.8686830497794581
bipolar,PN06,1,h=4,1,5,PN06-2.edf,1022,414,95,48,72,273,21,0.8311279143037177
bipolar,PN06,1,h=8,1,5,PN06-2.edf,1022,414,82,42,27,318,27,0.8161730728838479
bipolar,PN06,1,h=16,1,5,PN06-2.edf,1022,414,31,17,26,319,52,0.6009241755933628
bipolar,PN06,1,h=21,1,5,PN06-2.edf,1022,414,21,25,35,310,44,0.609115731989078
bipolar,PN06,1,grouped,2,5,PN06-3.edf,1152,252,20,29,34,176,13,0.8399092970521542
bipolar,PN06,1,h=1,2,5,PN06-3.edf,1152,252,83,25,15,195,17,0.903514739229025
bipolar,PN06,1,h=4,2,5,PN06-3.edf,1152,252,95,23,24,186,19,0.8660997732426303
bipolar,PN06,1,h=8,2,5,PN06-3.edf,1152,252,45,21,32,178,21,0.8334467120181406
bipolar,PN06,1,h=16,2,5,PN06-3.edf,1152,252,27,28,27,183,14,0.860204081632653
bipolar,PN06,1,h=21,2,5,PN06-3.edf,1152,252,10,34,69,141,8,0.8115646258503402
bipolar,PN06,1,grouped,3,5,PN06-4.edf,1051,378,22,29,48,267,34,0.7353993449231545
bipolar,PN06,1,h=1,3,5,PN06-4.edf,1051,378,92,62,56,259,1,0.9360040312421265
bipolar,PN06,1,h=4,3,5,PN06-4.edf,1051,378,66,57,84,231,6,0.8674729150919627
bipolar,PN06,1,h=8,3,5,PN06-4.edf,1051,378,75,53,121,194,10,0.8265558075081885
bipolar,PN06,1,h=16,3,5,PN06-4.edf,1051,378,15,49,82,233,14,0.8366339128243889
bipolar,PN06,1,h=21,3,5,PN06-4.edf,1051,378,18,16,23,292,47,0.7842781557067272
bipolar,PN06,1,grouped,4,5,PN06-5.edf,1142,264,26,9,22,198,35,0.7244834710743802
bipolar,PN06,1,h=1,4,5,PN06-5.edf,1142,264,87,31,21,199,13,0.9054752066115702
bipolar,PN06,1,h=4,4,5,PN06-5.edf,1142,264,61,16,29,191,28,0.775
bipolar,PN06,1,h=8,4,5,PN06-5.edf,1142,264,89,15,26,194,29,0.7365702479338843
bipolar,PN06,1,h=16,4,5,PN06-5.edf,1142,264,26,11,21,199,33,0.5557851239669421
bipolar,PN06,1,h=21,4,5,PN06-5.edf,1142,264,9,10,30,190,34,0.6228305785123966
bipolar,PN10,1,grouped,0,5,PN10-1.edf,1392,414,18,34,83,262,35,0.7210249947490023
bipolar,PN10,1,h=1,0,5,PN10-1.edf,1392,414,43,64,85,260,5,0.9460617517328292
bipolar,PN10,1,h=4,0,5,PN10-1.edf,1392,414,47,42,82,263,27,0.8223902541482881
bipolar,PN10,1,h=8,0,5,PN10-1.edf,1392,414,73,52,59,286,17,0.8913673597983617
bipolar,PN10,1,h=16,0,5,PN10-1.edf,1392,414,60,38,59,286,31,0.8208779668136946
bipolar,PN10,1,h=21,0,5,PN10-1.edf,1392,414,7,39,59,286,30,0.7713925645872716
bipolar,PN10,1,grouped,1,5,PN10-7.8.9.edf,1334,486,22,51,48,357,30,0.8836457857033989
bipolar,PN10,1,h=1,1,5,PN10-7.8.9.edf,1334,486,20,58,29,376,23,0.8928821825941168
bipolar,PN10,1,h=4,1,5,PN10-7.8.9.edf,1334,486,98,45,34,371,36,0.8708428593202255
bipolar,PN10,1,h=8,1,5,PN10-7.8.9.edf,1334,486,92,56,25,380,25,0.9140374942844078
bipolar,PN10,1,h=16,1,5,PN10-7.8.9.edf,1334,486,47,39,28,377,42,0.8036579789666208
bipolar,PN10,1,h=21,1,5,PN10-7.8.9.edf,1334,486,35,47,68,337,34,0.7992379210486206
bipolar,PN10,1,grouped,2,5,PN10-4.5.6.edf,1334,486,23,67,57,348,14,0.9230300259106843
bipolar,PN10,1,h=1,2,5,PN10-4.5.6.edf,1334,486,33,52,17,388,29,0.9255296448712086
bipolar,PN10,1,h=4,2,5,PN10-4.5.6.edf,1334,486,71,55,25,380,26,0.9345831428135956
bipolar,PN10,1,h=8,2,5,PN10-4.5.6.edf,1334,486,71,58,12,393,23,0.9120560890108216
bipolar,PN10,1,h=16,2,5,PN10-4.5.6.edf,1334,486,73,62,48,357,19,0.8907483615302545
bipolar,PN10,1,h=21,2,5,PN10-4.5.6.edf,1334,486,26,74,153,252,7,0.8993750952598689
bipolar,PN10,1,grouped,3,5,PN10-3.edf,1420,378,5,33,9,306,30,0.9184681279919374
bipolar,PN10,1,h=1,3,5,PN10-3.edf,1420,378,36,46,21,294,17,0.9278407659360041
bipolar,PN10,1,h=4,3,5,PN10-3.edf,1420,378,78,57,72,243,6,0.908289241622575
bipolar,PN10,1,h=8,3,5,PN10-3.edf,1420,378,78,60,286,29,3,0.6830435878054925
bipolar,PN10,1,h=16,3,5,PN10-3.edf,1420,378,67,46,75,240,17,0.74875283446712
bipolar,PN10,1,h=21,3,5,PN10-3.edf,1420,378,21,17,22,293,46,0.6233812043335853
bipolar,PN10,1,grouped,4,5,PN10-10.edf;PN10-2.edf,1411,390,17,41,6,319,24,0.9349585798816568
bipolar,PN10,1,h=1,4,5,PN10-10.edf;PN10-2.edf,1411,390,36,45,17,308,20,0.8697751479289942
bipolar,PN10,1,h=4,4,5,PN10-10.edf;PN10-2.edf,1411,390,97,27,6,319,38,0.8927810650887574
bipolar,PN10,1,h=8,4,5,PN10-10.edf;PN10-2.edf,1411,390,94,35,26,299,30,0.8301065088757397
bipolar,PN10,1,h=16,4,5,PN10-10.edf;PN10-2.edf,1411,390,34,21,14,311,44,0.8064378698224852
bipolar,PN10,1,h=21,4,5,PN10-10.edf;PN10-2.edf,1411,390,28,12,12,313,53,0.7698461538461538
bipolar,PN12,1,grouped,0,3,PN12-1.2.edf,763,786,9,110,119,536,21,0.9036652875706545
bipolar,PN12,1,h=1,0,3,PN12-1.2.edf,763,786,95,111,82,573,20,0.9260998776295087
bipolar,PN12,1,h=4,0,3,PN12-1.2.edf,763,786,71,116,111,544,15,0.9248179010547171
bipolar,PN12,1,h=8,0,3,PN12-1.2.edf,763,786,62,115,89,566,16,0.931297709923664
bipolar,PN12,1,h=16,0,3,PN12-1.2.edf,763,786,24,117,116,539,14,0.9367635918652759
bipolar,PN12,1,h=21,0,3,PN12-1.2.edf,763,786,13,99,106,549,32,0.8772332614649496
bipolar,PN12,1,grouped,1,3,PN12-3.edf,931,576,21,37,28,452,59,0.6847005208333333
bipolar,PN12,1,h=1,1,3,PN12-3.edf,931,576,70,80,78,402,16,0.9194010416666667
bipolar,PN12,1,h=4,1,3,PN12-3.edf,931,576,95,69,44,436,27,0.8617404513888888
bipolar,PN12,1,h=8,1,3,PN12-3.edf,931,576,44,46,61,419,50,0.795138888888889
bipolar,PN12,1,h=16,1,3,PN12-3.edf,931,576,27,43,64,416,53,0.6619574652777778
bipolar,PN12,1,h=21,1,3,PN12-3.edf,931,576,18,42,66,414,54,0.5738932291666667
bipolar,PN12,1,grouped,2,3,PN12-4.edf,1089,378,32,56,25,290,7,0.9479969765684052
bipolar,PN12,1,h=1,2,3,PN12-4.edf,1089,378,82,50,11,304,13,0.9589317208364827
bipolar,PN12,1,h=4,2,3,PN12-4.edf,1089,378,95,48,17,298,15,0.9490551776266062
bipolar,PN12,1,h=8,2,3,PN12-4.edf,1089,378,34,33,19,296,30,0.8795666414714034
bipolar,PN12,1,h=16,2,3,PN12-4.edf,1089,378,29,40,22,293,23,0.9297556059460822
bipolar,PN12,1,h=21,2,3,PN12-4.edf,1089,378,21,39,23,292,24,0.8794658604182414
bipolar,PN14,1,grouped,0,4,PN14-1.edf,652,162,21,1,11,124,26,0.5179698216735253
bipolar,PN14,1,h=1,0,4,PN14-1.edf,652,162,93,8,6,129,19,0.8770919067215365
bipolar,PN14,1,h=4,0,4,PN14-1.edf,652,162,97,8,7,128,19,0.8293552812071331
bipolar,PN14,1,h=8,0,4,PN14-1.edf,652,162,35,5,20,115,22,0.7155006858710562
bipolar,PN14,1,h=16,0,4,PN14-1.edf,652,162,10,0,27,108,27,0.3585733882030179
bipolar,PN14,1,h=21,0,4,PN14-1.edf,652,162,7,2,12,123,25,0.5253772290809328
bipolar,PN14,1,grouped,1,4,PN14-2.edf,724,72,14,1,6,54,11,0.648611111111111
bipolar,PN14,1,h=1,1,4,PN14-2.edf,724,72,46,9,5,55,3,0.8541666666666666
bipolar,PN14,1,h=4,1,4,PN14-2.edf,724,72,99,6,8,52,6,0.7472222222222222
bipolar,PN14,1,h=8,1,4,PN14-2.edf,724,72,58,0,8,52,12,0.4083333333333333
bipolar,PN14,1,h=16,1,4,PN14-2.edf,724,72,37,1,8,52,11,0.5027777777777778
bipolar,PN14,1,h=21,1,4,PN14-2.edf,724,72,17,0,9,51,12,0.46805555555555556
bipolar,PN14,1,grouped,2,4,PN14-3.edf,585,246,5,15,23,182,26,0.6584176085663295
bipolar,PN14,1,h=1,2,4,PN14-3.edf,585,246,23,19,3,202,22,0.9414634146341463
bipolar,PN14,1,h=4,2,4,PN14-3.edf,585,246,43,22,13,192,19,0.8793575252825699
bipolar,PN14,1,h=8,2,4,PN14-3.edf,585,246,52,20,11,194,21,0.7535990481856039
bipolar,PN14,1,h=16,2,4,PN14-3.edf,585,246,6,4,26,179,37,0.5566924449732302
bipolar,PN14,1,h=21,2,4,PN14-3.edf,585,246,10,14,16,189,27,0.5822724568709101
bipolar,PN14,1,grouped,3,4,PN14-4.edf,384,498,19,14,18,397,69,0.6463347365365075
bipolar,PN14,1,h=1,3,4,PN14-4.edf,384,498,97,69,50,365,14,0.9372913340107417
bipolar,PN14,1,h=4,3,4,PN14-4.edf,384,498,99,61,42,373,22,0.8924372187545362
bipolar,PN14,1,h=8,3,4,PN14-4.edf,384,498,99,54,48,367,29,0.8406154739439686
bipolar,PN14,1,h=16,3,4,PN14-4.edf,384,498,37,28,48,367,55,0.7003048337930032
bipolar,PN14,1,h=21,3,4,PN14-4.edf,384,498,12,14,36,379,69,0.6269124691537233
bipolar,PN00,3,grouped,0,5,PN00-1.edf,403,138,29,20,3,112,3,0.9822306238185256
bipolar,PN00,3,h=1,0,5,PN00-1.edf,403,138,96,20,3,112,3,0.9519848771266541
bipolar,PN00,3,h=4,0,5,PN00-1.edf,403,138,99,18,7,108,5,0.9587901701323251
bipolar,PN00,3,h=8,0,5,PN00-1.edf,403,138,94,21,2,113,2,0.9897920604914935
bipolar,PN00,3,h=16,0,5,PN00-1.edf,403,138,26,16,15,100,7,0.9251417769376181
bipolar,PN00,3,h=21,0,5,PN00-1.edf,403,138,6,12,19,96,11,0.810586011342155
bipolar,PN00,3,grouped,1,5,PN00-2.edf,427,108,20,15,12,78,3,0.874074074074074
bipolar,PN00,3,h=1,1,5,PN00-2.edf,427,108,64,18,21,69,0,0.995679012345679
bipolar,PN00,3,h=4,1,5,PN00-2.edf,427,108,98,17,6,84,1,0.9703703703703703
bipolar,PN00,3,h=8,1,5,PN00-2.edf,427,108,86,15,6,84,3,0.9648148148148148
bipolar,PN00,3,h=16,1,5,PN00-2.edf,427,108,43,13,9,81,5,0.9209876543209876
bipolar,PN00,3,h=21,1,5,PN00-2.edf,427,108,29,13,7,83,5,0.8580246913580247
bipolar,PN00,3,grouped,2,5,PN00-3.edf,417,120,14,10,9,91,10,0.802
bipolar,PN00,3,h=1,2,5,PN00-3.edf,417,120,98,14,13,87,6,0.8260000000000001
bipolar,PN00,3,h=4,2,5,PN00-3.edf,417,120,99,16,18,82,4,0.8375
bipolar,PN00,3,h=8,2,5,PN00-3.edf,417,120,96,10,20,80,10,0.7605
bipolar,PN00,3,h=16,2,5,PN00-3.edf,417,120,34,12,22,78,8,0.7435
bipolar,PN00,3,h=21,2,5,PN00-3.edf,417,120,24,10,12,88,10,0.8049999999999999
bipolar,PN00,3,grouped,3,5,PN00-4.edf,398,144,31,7,11,109,17,0.7208333333333333
bipolar,PN00,3,h=1,3,5,PN00-4.edf,398,144,89,19,4,116,5,0.9378472222222223
bipolar,PN00,3,h=4,3,5,PN00-4.edf,398,144,94,9,11,109,15,0.7920138888888889
bipolar,PN00,3,h=8,3,5,PN00-4.edf,398,144,99,12,1,119,12,0.8958333333333334
bipolar,PN00,3,h=16,3,5,PN00-4.edf,398,144,66,2,9,111,22,0.5211805555555555
bipolar,PN00,3,h=21,3,5,PN00-4.edf,398,144,14,1,16,104,23,0.4315972222222222
bipolar,PN00,3,grouped,4,5,PN00-5.edf,408,132,20,12,5,105,10,0.8429752066115703
bipolar,PN00,3,h=1,4,5,PN00-5.edf,408,132,65,20,9,101,2,0.9673553719008265
bipolar,PN00,3,h=4,4,5,PN00-5.edf,408,132,90,20,12,98,2,0.9772727272727273
bipolar,PN00,3,h=8,4,5,PN00-5.edf,408,132,90,18,10,100,4,0.95
bipolar,PN00,3,h=16,4,5,PN00-5.edf,408,132,36,12,9,101,10,0.8475206611570248
bipolar,PN00,3,h=21,4,5,PN00-5.edf,408,132,15,15,8,102,7,0.903305785123967
bipolar,PN06,3,grouped,0,5,PN06-1.edf,345,126,18,2,41,64,19,0.25668934240362806
bipolar,PN06,3,h=1,0,5,PN06-1.edf,345,126,99,17,3,102,4,0.9791383219954649
bipolar,PN06,3,h=4,0,5,PN06-1.edf,345,126,97,7,8,97,14,0.8526077097505669
bipolar,PN06,3,h=8,0,5,PN06-1.edf,345,126,98,8,5,100,13,0.7414965986394558
bipolar,PN06,3,h=16,0,5,PN06-1.edf,345,126,36,10,39,66,11,0.5755102040816326
bipolar,PN06,3,h=21,0,5,PN06-1.edf,345,126,24,7,34,71,14,0.5324263038548753
bipolar,PN06,3,grouped,1,5,PN06-2.edf,336,138,16,5,19,96,18,0.5716446124763706
bipolar,PN06,3,h=1,1,5,PN06-2.edf,336,138,99,16,25,90,7,0.7935727788279774
bipolar,PN06,3,h=4,1,5,PN06-2.edf,336,138,97,8,12,103,15,0.8937618147448015
bipolar,PN06,3,h=8,1,5,PN06-2.edf,336,138,99,18,18,97,5,0.8514177693761815
bipolar,PN06,3,h=16,1,5,PN06-2.edf,336,138,66,0,4,111,23,0.5032136105860113
bipolar,PN06,3,h=21,1,5,PN06-2.edf,336,138,20,9,12,103,14,0.5693761814744801
bipolar,PN06,3,grouped,2,5,PN06-3.edf,379,84,11,10,12,58,4,0.8397959183673469
bipolar,PN06,3,h=1,2,5,PN06-3.edf,379,84,91,11,10,60,3,0.8969387755102041
bipolar,PN06,3,h=4,2,5,PN06-3.edf,379,84,67,8,19,51,6,0.773469387755102
bipolar,PN06,3,h=8,2,5,PN06-3.edf,379,84,46,4,9,61,10,0.7357142857142858
bipolar,PN06,3,h=16,2,5,PN06-3.edf,379,84,28,3,7,63,11,0.7459183673469387
bipolar,PN06,3,h=21,2,5,PN06-3.edf,379,84,18,9,16,54,5,0.7806122448979591
bipolar,PN06,3,grouped,3,5,PN06-4.edf,345,126,2,0,1,104,21,0.5151927437641723
bipolar,PN06,3,h=1,3,5,PN06-4.edf,345,126,99,19,10,95,2,0.9628117913832199
bipolar,PN06,3,h=4,3,5,PN06-4.edf,345,126,99,18,17,88,3,0.9043083900226756
bipolar,PN06,3,h=8,3,5,PN06-4.edf,345,126,79,13,18,87,8,0.7922902494331066
bipolar,PN06,3,h=16,3,5,PN06-4.edf,345,126,14,13,27,78,8,0.6707482993197278
bipolar,PN06,3,h=21,3,5,PN06-4.edf,345,126,6,1,2,103,20,0.5931972789115647
bipolar,PN06,3,grouped,4,5,PN06-5.edf,379,84,32,3,9,61,11,0.7153061224489796
bipolar,PN06,3,h=1,4,5,PN06-5.edf,379,84,94,11,13,57,3,0.8979591836734693
bipolar,PN06,3,h=4,4,5,PN06-5.edf,379,84,94,6,18,52,8,0.7173469387755103
bipolar,PN06,3,h=8,4,5,PN06-5.edf,379,84,97,5,15,55,9,0.6295918367346939
bipolar,PN06,3,h=16,4,5,PN06-5.edf,379,84,29,2,10,60,12,0.44897959183673475
bipolar,PN06,3,h=21,4,5,PN06-5.edf,379,84,17,2,4,66,12,0.5
bipolar,PN10,3,grouped,0,5,PN10-7.8.9.edf,436,162,15,17,20,115,10,0.8663923182441701
bipolar,PN10,3,h=1,0,5,PN10-7.8.9.edf,436,162,79,21,10,125,6,0.9418381344307271
bipolar,PN10,3,h=4,0,5,PN10-7.8.9.edf,436,162,93,21,5,130,6,0.9544581618655692
bipolar,PN10,3,h=8,0,5,PN10-7.8.9.edf,436,162,75,14,5,130,13,0.9333333333333333
bipolar,PN10,3,h=16,0,5,PN10-7.8.9.edf,436,162,52,14,4,131,13,0.8694101508916323
bipolar,PN10,3,h=21,0,5,PN10-7.8.9.edf,436,162,10,21,37,98,6,0.848559670781893
bipolar,PN10,3,grouped,1,5,PN10-4.5.6.edf,441,156,20,23,24,106,3,0.9381656804733728
bipolar,PN10,3,h=1,1,5,PN10-4.5.6.edf,441,156,71,20,10,120,6,0.941715976331361
bipolar,PN10,3,h=4,1,5,PN10-4.5.6.edf,441,156,91,19,13,117,7,0.918639053254438
bipolar,PN10,3,h=8,1,5,PN10-4.5.6.edf,441,156,89,23,24,106,3,0.9183431952662722
bipolar,PN10,3,h=16,1,5,PN10-4.5.6.edf,441,156,42,22,72,58,4,0.8047337278106509
bipolar,PN10,3,h=21,1,5,PN10-4.5.6.edf,441,156,18,26,83,47,0,0.9331360946745563
bipolar,PN10,3,grouped,2,5,PN10-1.edf,456,138,28,10,24,91,13,0.6831758034026465
bipolar,PN10,3,h=1,2,5,PN10-1.edf,456,138,41,20,32,83,3,0.924007561436673
bipolar,PN10,3,h=4,2,5,PN10-1.edf,456,138,78,16,26,89,7,0.8427221172022684
bipolar,PN10,3,h=8,2,5,PN10-1.edf,456,138,55,12,23,92,11,0.8170132325141777
bipolar,PN10,3,h=16,2,5,PN10-1.edf,456,138,18,7,21,94,16,0.7678638941398865
bipolar,PN10,3,h=21,2,5,PN10-1.edf,456,138,29,9,15,100,14,0.8098298676748582
bipolar,PN10,3,grouped,3,5,PN10-3.edf,465,126,13,13,0,105,8,0.9396825396825397
bipolar,PN10,3,h=1,3,5,PN10-3.edf,465,126,91,21,97,8,0,0.9473922902494331
bipolar,PN10,3,h=4,3,5,PN10-3.edf,465,126,73,21,96,9,0,0.9201814058956916
bipolar,PN10,3,h=8,3,5,PN10-3.edf,465,126,97,21,105,0,0,0.8140589569160998
bipolar,PN10,3,h=16,3,5,PN10-3.edf,465,126,50,15,25,80,6,0.7972789115646258
bipolar,PN10,3,h=21,3,5,PN10-3.edf,465,126,14,12,32,73,9,0.61859410430839
bipolar,PN10,3,grouped,4,5,PN10-10.edf;PN10-2.edf,465,126,14,17,2,103,4,0.9759637188208616
bipolar,PN10,3,h=1,4,5,PN10-10.edf;PN10-2.edf,465,126,78,14,5,100,7,0.8716553287981859
bipolar,PN10,3,h=4,4,5,PN10-10.edf;PN10-2.edf,465,126,81,12,2,103,9,0.9374149659863946
bipolar,PN10,3,h=8,4,5,PN10-10.edf;PN10-2.edf,465,126,89,5,4,101,16,0.8394557823129252
bipolar,PN10,3,h=16,4,5,PN10-10.edf;PN10-2.edf,465,126,17,4,3,102,17,0.7723356009070295
bipolar,PN10,3,h=21,4,5,PN10-10.edf;PN10-2.edf,465,126,61,3,5,100,18,0.8136054421768707
bipolar,PN12,3,grouped,0,3,PN12-1.2.edf,254,258,26,37,55,160,6,0.8975662520281232
bipolar,PN12,3,h=1,0,3,PN12-1.2.edf,254,258,59,38,42,173,5,0.8909680908599243
bipolar,PN12,3,h=4,0,3,PN12-1.2.edf,254,258,99,41,60,155,2,0.9118442401297998
bipolar,PN12,3,h=8,0,3,PN12-1.2.edf,254,258,74,36,55,160,7,0.873445105462412
bipolar,PN12,3,h=16,0,3,PN12-1.2.edf,254,258,31,31,57,158,12,0.8182801514332072
bipolar,PN12,3,h=21,0,3,PN12-1.2.edf,254,258,13,34,50,165,9,0.872796106003245
bipolar,PN12,3,grouped,1,3,PN12-3.edf,307,192,8,17,15,145,15,0.6513671875
bipolar,PN12,3,h=1,1,3,PN12-3.edf,307,192,26,28,22,138,4,0.929296875
bipolar,PN12,3,h=4,1,3,PN12-3.edf,307,192,64,18,15,145,14,0.8470703125
bipolar,PN12,3,h=8,1,3,PN12-3.edf,307,192,29,13,28,132,19,0.7369140625
bipolar,PN12,3,h=16,1,3,PN12-3.edf,307,192,14,15,44,116,17,0.6373046875
bipolar,PN12,3,h=21,1,3,PN12-3.edf,307,192,6,16,39,121,16,0.558984375
bipolar,PN12,3,grouped,2,3,PN12-4.edf,360,126,14,16,14,91,5,0.9165532879818594
bipolar,PN12,3,h=1,2,3,PN12-4.edf,360,126,22,18,14,91,3,0.9165532879818594
bipolar,PN12,3,h=4,2,3,PN12-4.edf,360,126,16,11,22,83,10,0.7959183673469388
bipolar,PN12,3,h=8,2,3,PN12-4.edf,360,126,19,9,20,85,12,0.7963718820861678
bipolar,PN12,3,h=16,2,3,PN12-4.edf,360,126,36,11,9,96,10,0.8621315192743765
bipolar,PN12,3,h=21,2,3,PN12-4.edf,360,126,15,9,10,95,12,0.781859410430839
bipolar,PN14,3,grouped,0,4,PN14-1.edf,211,54,15,0,8,37,9,0.3925925925925926
bipolar,PN14,3,h=1,0,4,PN14-1.edf,211,54,39,8,8,37,1,0.8987654320987654
bipolar,PN14,3,h=4,0,4,PN14-1.edf,211,54,54,7,8,37,2,0.8370370370370369
bipolar,PN14,3,h=8,0,4,PN14-1.edf,211,54,41,2,2,43,7,0.7506172839506173
bipolar,PN14,3,h=16,0,4,PN14-1.edf,211,54,36,0,13,32,9,0.382716049382716
bipolar,PN14,3,h=21,0,4,PN14-1.edf,211,54,9,0,3,42,9,0.3333333333333333
bipolar,PN14,3,grouped,1,4,PN14-2.edf,235,24,10,1,3,17,3,0.44999999999999996
bipolar,PN14,3,h=1,1,4,PN14-2.edf,235,24,89,3,5,15,1,0.7875
bipolar,PN14,3,h=4,1,4,PN14-2.edf,235,24,99,0,1,19,4,0.5375
bipolar,PN14,3,h=8,1,4,PN14-2.edf,235,24,26,0,5,15,4,0.3125
bipolar,PN14,3,h=16,1,4,PN14-2.edf,235,24,13,1,4,16,3,0.6125
bipolar,PN14,3,h=21,1,4,PN14-2.edf,235,24,14,0,1,19,4,0.32499999999999996
bipolar,PN14,3,grouped,2,4,PN14-3.edf,192,78,14,1,5,60,12,0.608284023668639
bipolar,PN14,3,h=1,2,4,PN14-3.edf,192,78,46,5,1,64,8,0.9088757396449705
bipolar,PN14,3,h=4,2,4,PN14-3.edf,192,78,35,4,7,58,9,0.493491124260355
bipolar,PN14,3,h=8,2,4,PN14-3.edf,192,78,44,4,2,63,9,0.6520710059171598
bipolar,PN14,3,h=16,2,4,PN14-3.edf,192,78,32,3,6,59,10,0.5112426035502958
bipolar,PN14,3,h=21,2,4,PN14-3.edf,192,78,9,3,2,63,10,0.6532544378698224
bipolar,PN14,3,grouped,3,4,PN14-4.edf,124,162,24,8,9,126,19,0.7133058984910836
bipolar,PN14,3,h=1,3,4,PN14-4.edf,124,162,36,22,30,105,5,0.9155006858710562
bipolar,PN14,3,h=4,3,4,PN14-4.edf,124,162,48,7,8,127,20,0.7775034293552812
bipolar,PN14,3,h=8,3,4,PN14-4.edf,124,162,2,0,0,135,27,0.7240054869684499
bipolar,PN14,3,h=16,3,4,PN14-4.edf,124,162,26,1,2,133,26,0.5953360768175583
bipolar,PN14,3,h=21,3,4,PN14-4.edf,124,162,20,4,2,133,23,0.5613168724279836
bipolar,PN00,5,grouped,0,5,PN00-1.edf,235,84,12,10,11,59,4,0.8908163265306122
bipolar,PN00,5,h=1,0,5,PN00-1.edf,235,84,98,12,4,66,2,0.936734693877551
bipolar,PN00,5,h=4,0,5,PN00-1.edf,235,84,95,9,4,66,5,0.9173469387755102
bipolar,PN00,5,h=8,0,5,PN00-1.edf,235,84,96,9,2,68,5,0.9693877551020409
bipolar,PN00,5,h=16,0,5,PN00-1.edf,235,84,37,9,3,67,5,0.963265306122449
bipolar,PN00,5,h=21,0,5,PN00-1.edf,235,84,9,6,12,58,8,0.7938775510204081
bipolar,PN00,5,grouped,1,5,PN00-2.edf,254,60,5,5,4,46,5,0.7940000000000002
bipolar,PN00,5,h=1,1,5,PN00-2.edf,254,60,46,10,5,45,0,0.996
bipolar,PN00,5,h=4,1,5,PN00-2.edf,254,60,90,9,6,44,1,0.97
bipolar,PN00,5,h=8,1,5,PN00-2.edf,254,60,80,9,1,49,1,0.9800000000000001
bipolar,PN00,5,h=16,1,5,PN00-2.edf,254,60,34,6,2,48,4,0.834
bipolar,PN00,5,h=21,1,5,PN00-2.edf,254,60,12,5,8,42,5,0.786
bipolar,PN00,5,grouped,2,5,PN00-3.edf,244,72,18,11,4,56,1,0.9541666666666667
bipolar,PN00,5,h=1,2,5,PN00-3.edf,244,72,97,9,3,57,3,0.8736111111111111
bipolar,PN00,5,h=4,2,5,PN00-3.edf,244,72,98,8,4,56,4,0.8791666666666667
bipolar,PN00,5,h=8,2,5,PN00-3.edf,244,72,92,8,3,57,4,0.8597222222222223
bipolar,PN00,5,h=16,2,5,PN00-3.edf,244,72,40,6,4,56,6,0.8125
bipolar,PN00,5,h=21,2,5,PN00-3.edf,244,72,10,12,4,56,0,0.9833333333333334
bipolar,PN00,5,grouped,3,5,PN00-4.edf,235,84,30,6,9,61,8,0.7612244897959184
bipolar,PN00,5,h=1,3,5,PN00-4.edf,235,84,97,11,5,65,3,0.9153061224489796
bipolar,PN00,5,h=4,3,5,PN00-4.edf,235,84,97,4,6,64,10,0.7459183673469388
bipolar,PN00,5,h=8,3,5,PN00-4.edf,235,84,94,2,0,70,12,0.693877551020408
bipolar,PN00,5,h=16,3,5,PN00-4.edf,235,84,31,0,4,66,14,0.36632653061224485
bipolar,PN00,5,h=21,3,5,PN00-4.edf,235,84,29,1,6,64,13,0.49183673469387756
bipolar,PN00,5,grouped,4,5,PN00-5.edf,240,78,36,7,11,54,6,0.8118343195266272
bipolar,PN00,5,h=1,4,5,PN00-5.edf,240,78,92,12,2,63,1,0.9893491124260354
bipolar,PN00,5,h=4,4,5,PN00-5.edf,240,78,77,11,8,57,2,0.9573964497041421
bipolar,PN00,5,h=8,4,5,PN00-5.edf,240,78,99,9,8,57,4,0.8721893491124261
bipolar,PN00,5,h=16,4,5,PN00-5.edf,240,78,26,9,8,57,4,0.8875739644970414
bipolar,PN00,5,h=21,4,5,PN00-5.edf,240,78,26,10,5,60,3,0.9088757396449704
bipolar,PN06,5,grouped,0,5,PN06-1.edf,196,72,26,1,20,40,11,0.2972222222222222
bipolar,PN06,5,h=1,0,5,PN06-1.edf,196,72,89,5,2,58,7,0.9458333333333333
bipolar,PN06,5,h=4,0,5,PN06-1.edf,196,72,73,1,1,59,11,0.7472222222222222
bipolar,PN06,5,h=8,0,5,PN06-1.edf,196,72,57,1,0,60,11,0.4986111111111111
bipolar,PN06,5,h=16,0,5,PN06-1.edf,196,72,38,11,29,31,1,0.7847222222222223
bipolar,PN06,5,h=21,0,5,PN06-1.edf,196,72,22,0,17,43,12,0.3236111111111111
bipolar,PN06,5,grouped,1,5,PN06-2.edf,192,78,5,0,5,60,13,0.5171597633136095
bipolar,PN06,5,h=1,1,5,PN06-2.edf,192,78,95,12,22,43,1,0.8118343195266272
bipolar,PN06,5,h=4,1,5,PN06-2.edf,192,78,38,1,3,62,12,0.7372781065088757
bipolar,PN06,5,h=8,1,5,PN06-2.edf,192,78,15,0,0,65,13,0.6781065088757396
bipolar,PN06,5,h=16,1,5,PN06-2.edf,192,78,6,0,0,65,13,0.5372781065088758
bipolar,PN06,5,h=21,1,5,PN06-2.edf,192,78,45,4,6,59,9,0.6331360946745563
bipolar,PN06,5,grouped,2,5,PN06-3.edf,216,48,23,7,11,29,1,0.85625
bipolar,PN06,5,h=1,2,5,PN06-3.edf,216,48,98,5,4,36,3,0.8812500000000001
bipolar,PN06,5,h=4,2,5,PN06-3.edf,216,48,98,6,8,32,2,0.778125
bipolar,PN06,5,h=8,2,5,PN06-3.edf,216,48,83,2,13,27,6,0.7093750000000001
bipolar,PN06,5,h=16,2,5,PN06-3.edf,216,48,68,1,4,36,7,0.84375
bipolar,PN06,5,h=21,2,5,PN06-3.edf,216,48,18,7,11,29,1,0.7750000000000001
bipolar,PN06,5,grouped,3,5,PN06-4.edf,196,72,37,3,12,48,9,0.8013888888888889
bipolar,PN06,5,h=1,3,5,PN06-4.edf,196,72,88,10,10,50,2,0.8958333333333334
bipolar,PN06,5,h=4,3,5,PN06-4.edf,196,72,94,8,8,52,4,0.898611111111111
bipolar,PN06,5,h=8,3,5,PN06-4.edf,196,72,95,6,4,56,6,0.7527777777777778
bipolar,PN06,5,h=16,3,5,PN06-4.edf,196,72,49,7,10,50,5,0.7777777777777778
bipolar,PN06,5,h=21,3,5,PN06-4.edf,196,72,47,1,5,55,11,0.7277777777777777
bipolar,PN06,5,grouped,4,5,PN06-5.edf,216,48,52,0,1,39,8,0.86875
bipolar,PN06,5,h=1,4,5,PN06-5.edf,216,48,99,7,6,34,1,0.9125
bipolar,PN06,5,h=4,4,5,PN06-5.edf,216,48,98,3,6,34,5,0.753125
bipolar,PN06,5,h=8,4,5,PN06-5.edf,216,48,91,3,6,34,5,0.671875
bipolar,PN06,5,h=16,4,5,PN06-5.edf,216,48,56,2,3,37,6,0.5874999999999999
bipolar,PN06,5,h=21,4,5,PN06-5.edf,216,48,29,2,2,38,6,0.6656249999999999
bipolar,PN10,5,grouped,0,5,PN10-1.edf,259,78,11,8,29,36,5,0.6378698224852071
bipolar,PN10,5,h=1,0,5,PN10-1.edf,259,78,61,12,18,47,1,0.9597633136094674
bipolar,PN10,5,h=4,0,5,PN10-1.edf,259,78,93,7,18,47,6,0.7088757396449703
bipolar,PN10,5,h=8,0,5,PN10-1.edf,259,78,49,7,28,37,6,0.578698224852071
bipolar,PN10,5,h=16,0,5,PN10-1.edf,259,78,91,8,18,47,5,0.7218934911242604
bipolar,PN10,5,h=21,0,5,PN10-1.edf,259,78,38,10,15,50,3,0.7479289940828403
bipolar,PN10,5,grouped,1,5,PN10-7.8.9.edf,249,90,14,10,7,68,5,0.8702222222222222
bipolar,PN10,5,h=1,1,5,PN10-7.8.9.edf,249,90,59,12,4,71,3,0.9422222222222222
bipolar,PN10,5,h=4,1,5,PN10-7.8.9.edf,249,90,98,11,4,71,4,0.9466666666666668
bipolar,PN10,5,h=8,1,5,PN10-7.8.9.edf,249,90,3,0,0,75,15,0.7484444444444445
bipolar,PN10,5,h=16,1,5,PN10-7.8.9.edf,249,90,50,6,0,75,9,0.9217777777777778
bipolar,PN10,5,h=21,1,5,PN10-7.8.9.edf,249,90,17,12,20,55,3,0.8213333333333334
bipolar,PN10,5,grouped,2,5,PN10-4.5.6.edf,249,90,31,14,19,56,1,0.9742222222222223
bipolar,PN10,5,h=1,2,5,PN10-4.5.6.edf,249,90,24,9,1,74,6,0.9528888888888889
bipolar,PN10,5,h=4,2,5,PN10-4.5.6.edf,249,90,67,13,6,69,2,0.9466666666666667
bipolar,PN10,5,h=8,2,5,PN10-4.5.6.edf,249,90,54,12,3,72,3,0.9200000000000002
bipolar,PN10,5,h=16,2,5,PN10-4.5.6.edf,249,90,56,14,15,60,1,0.9608888888888889
bipolar,PN10,5,h=21,2,5,PN10-4.5.6.edf,249,90,36,15,56,19,0,0.9235555555555556
bipolar,PN10,5,grouped,3,5,PN10-3.edf,264,72,27,6,1,59,6,0.9097222222222222
bipolar,PN10,5,h=1,3,5,PN10-3.edf,264,72,35,6,2,58,6,0.9319444444444445
bipolar,PN10,5,h=4,3,5,PN10-3.edf,264,72,57,5,7,53,7,0.8944444444444444
bipolar,PN10,5,h=8,3,5,PN10-3.edf,264,72,34,12,28,32,0,0.8486111111111111
bipolar,PN10,5,h=16,3,5,PN10-3.edf,264,72,36,12,60,0,0,0.9416666666666667
bipolar,PN10,5,h=21,3,5,PN10-3.edf,264,72,45,11,28,32,1,0.8111111111111111
bipolar,PN10,5,grouped,4,5,PN10-10.edf;PN10-2.edf,264,72,18,12,20,40,0,0.9194444444444445
bipolar,PN10,5,h=1,4,5,PN10-10.edf;PN10-2.edf,264,72,69,8,0,60,4,0.8777777777777777
bipolar,PN10,5,h=4,4,5,PN10-10.edf;PN10-2.edf,264,72,93,9,1,59,3,0.9708333333333333
bipolar,PN10,5,h=8,4,5,PN10-10.edf;PN10-2.edf,264,72,71,2,0,60,10,0.9083333333333333
bipolar,PN10,5,h=16,4,5,PN10-10.edf;PN10-2.edf,264,72,28,0,0,60,12,0.8458333333333333
bipolar,PN10,5,h=21,4,5,PN10-10.edf;PN10-2.edf,264,72,42,2,4,56,10,0.8180555555555555
bipolar,PN12,5,grouped,0,3,PN12-1.2.edf,148,150,16,22,24,101,3,0.90016
bipolar,PN12,5,h=1,0,3,PN12-1.2.edf,148,150,83,22,19,106,3,0.92864
bipolar,PN12,5,h=4,0,3,PN12-1.2.edf,148,150,96,21,18,107,4,0.9254399999999999
bipolar,PN12,5,h=8,0,3,PN12-1.2.edf,148,150,93,18,16,109,7,0.8864
bipolar,PN12,5,h=16,0,3,PN12-1.2.edf,148,150,27,16,27,98,9,0.76352
bipolar,PN12,5,h=21,0,3,PN12-1.2.edf,148,150,18,22,9,116,3,0.9296
bipolar,PN12,5,grouped,1,3,PN12-3.edf,177,114,80,9,5,90,10,0.6116343490304709
bipolar,PN12,5,h=1,1,3,PN12-3.edf,177,114,99,15,10,85,4,0.881994459833795
bipolar,PN12,5,h=4,1,3,PN12-3.edf,177,114,98,14,14,81,5,0.8576177285318559
bipolar,PN12,5,h=8,1,3,PN12-3.edf,177,114,90,7,11,84,12,0.6897506925207757
bipolar,PN12,5,h=16,1,3,PN12-3.edf,177,114,31,12,27,68,7,0.7019390581717452
bipolar,PN12,5,h=21,1,3,PN12-3.edf,177,114,14,9,21,74,10,0.5673130193905817
bipolar,PN12,5,grouped,2,3,PN12-4.edf,211,72,17,11,5,55,1,0.961111111111111
bipolar,PN12,5,h=1,2,3,PN12-4.edf,211,72,19,8,14,46,4,0.8236111111111112
bipolar,PN12,5,h=4,2,3,PN12-4.edf,211,72,25,5,17,43,7,0.7152777777777778
bipolar,PN12,5,h=8,2,3,PN12-4.edf,211,72,20,5,17,43,7,0.6763888888888889
bipolar,PN12,5,h=16,2,3,PN12-4.edf,211,72,27,6,5,55,6,0.8680555555555556
bipolar,PN12,5,h=21,2,3,PN12-4.edf,211,72,13,11,8,52,1,0.9263888888888889
bipolar,PN14,5,grouped,0,4,PN14-1.edf,124,30,7,2,3,22,3,0.496
bipolar,PN14,5,h=1,0,4,PN14-1.edf,124,30,96,5,3,22,0,0.9600000000000001
bipolar,PN14,5,h=4,0,4,PN14-1.edf,124,30,63,5,6,19,0,0.8720000000000001
bipolar,PN14,5,h=8,0,4,PN14-1.edf,124,30,39,0,0,25,5,0.704
bipolar,PN14,5,h=16,0,4,PN14-1.edf,124,30,29,0,2,23,5,0.34400000000000003
bipolar,PN14,5,h=21,0,4,PN14-1.edf,124,30,7,0,1,24,5,0.46399999999999997
bipolar,PN14,5,grouped,1,4,PN14-2.edf,139,12,21,0,1,9,2,0.6000000000000001
bipolar,PN14,5,h=1,1,4,PN14-2.edf,139,12,40,0,0,10,2,0.8
bipolar,PN14,5,h=4,1,4,PN14-2.edf,139,12,29,0,1,9,2,0.6000000000000001
bipolar,PN14,5,h=8,1,4,PN14-2.edf,139,12,62,0,2,8,2,0.5
bipolar,PN14,5,h=16,1,4,PN14-2.edf,139,12,47,1,3,7,1,0.65
bipolar,PN14,5,h=21,1,4,PN14-2.edf,139,12,24,0,2,8,2,0.45
bipolar,PN14,5,grouped,2,4,PN14-3.edf,110,48,23,0,2,38,8,0.7125
bipolar,PN14,5,h=1,2,4,PN14-3.edf,110,48,94,5,2,38,3,0.9406249999999999
bipolar,PN14,5,h=4,2,4,PN14-3.edf,110,48,59,2,2,38,6,0.6781250000000001
bipolar,PN14,5,h=8,2,4,PN14-3.edf,110,48,95,4,2,38,4,0.6375
bipolar,PN14,5,h=16,2,4,PN14-3.edf,110,48,34,1,4,36,7,0.6375
bipolar,PN14,5,h=21,2,4,PN14-3.edf,110,48,18,2,4,36,6,0.678125
bipolar,PN14,5,grouped,3,4,PN14-4.edf,72,96,26,5,10,70,11,0.7109374999999999
bipolar,PN14,5,h=1,3,4,PN14-4.edf,72,96,87,12,8,72,4,0.9203125
bipolar,PN14,5,h=4,3,4,PN14-4.edf,72,96,99,7,15,65,9,0.79296875
bipolar,PN14,5,h=8,3,4,PN14-4.edf,72,96,43,3,1,79,13,0.86015625
bipolar,PN14,5,h=16,3,4,PN14-4.edf,72,96,41,3,4,76,13,0.75234375
bipolar,PN14,5,h=21,3,4,PN14-4.edf,72,96,37,5,6,74,11,0.6578125
bipolar,PN00,8,grouped,0,5,PN00-1.edf,144,48,29,8,0,40,0,1.0
bipolar,PN00,8,h=1,0,5,PN00-1.edf,144,48,97,6,0,40,2,0.9375
bipolar,PN00,8,h=4,0,5,PN00-1.edf,144,48,88,5,0,40,3,0.98125
bipolar,PN00,8,h=8,0,5,PN00-1.edf,144,48,97,7,2,38,1,0.9718749999999999
bipolar,PN00,8,h=16,0,5,PN00-1.edf,144,48,72,6,2,38,2,0.984375
bipolar,PN00,8,h=21,0,5,PN00-1.edf,144,48,20,5,3,37,3,0.934375
bipolar,PN00,8,grouped,1,5,PN00-2.edf,153,36,16,4,2,28,2,0.8333333333333333
bipolar,PN00,8,h=1,1,5,PN00-2.edf,153,36,88,6,0,30,0,1.0
bipolar,PN00,8,h=4,1,5,PN00-2.edf,153,36,95,4,0,30,2,0.9777777777777779
bipolar,PN00,8,h=8,1,5,PN00-2.edf,153,36,93,5,0,30,1,0.9944444444444445
bipolar,PN00,8,h=16,1,5,PN00-2.edf,153,36,80,5,3,27,1,0.9222222222222223
bipolar,PN00,8,h=21,1,5,PN00-2.edf,153,36,18,3,1,29,3,0.888888888888889
bipolar,PN00,8,grouped,2,5,PN00-3.edf,148,42,11,4,5,30,3,0.8081632653061225
bipolar,PN00,8,h=1,2,5,PN00-3.edf,148,42,98,4,5,30,3,0.7714285714285714
bipolar,PN00,8,h=4,2,5,PN00-3.edf,148,42,96,5,8,27,2,0.7836734693877552
bipolar,PN00,8,h=8,2,5,PN00-3.edf,148,42,95,3,7,28,4,0.7142857142857143
bipolar,PN00,8,h=16,2,5,PN00-3.edf,148,42,36,3,1,34,4,0.8244897959183672
bipolar,PN00,8,h=21,2,5,PN00-3.edf,148,42,31,4,3,32,3,0.8653061224489795
bipolar,PN00,8,grouped,3,5,PN00-4.edf,139,54,84,3,2,43,6,0.8123456790123458
bipolar,PN00,8,h=1,3,5,PN00-4.edf,139,54,99,7,3,42,2,0.9160493827160494
bipolar,PN00,8,h=4,3,5,PN00-4.edf,139,54,99,1,4,41,8,0.7111111111111111
bipolar,PN00,8,h=8,3,5,PN00-4.edf,139,54,74,4,6,39,5,0.7382716049382716
bipolar,PN00,8,h=16,3,5,PN00-4.edf,139,54,74,0,4,41,9,0.46172839506172836
bipolar,PN00,8,h=21,3,5,PN00-4.edf,139,54,68,0,3,42,9,0.41728395061728396
bipolar,PN00,8,grouped,4,5,PN00-5.edf,144,48,59,4,3,37,4,0.83125
bipolar,PN00,8,h=1,4,5,PN00-5.edf,144,48,99,6,1,39,2,0.9875
bipolar,PN00,8,h=4,4,5,PN00-5.edf,144,48,99,5,1,39,3,0.95625
bipolar,PN00,8,h=8,4,5,PN00-5.edf,144,48,98,6,18,22,2,0.79375
bipolar,PN00,8,h=16,4,5,PN00-5.edf,144,48,47,5,5,35,3,0.8031250000000001
bipolar,PN00,8,h=21,4,5,PN00-5.edf,144,48,80,4,3,37,4,0.9125000000000001
bipolar,PN06,8,grouped,0,5,PN06-1.edf,120,48,30,0,4,36,8,0.35625
bipolar,PN06,8,h=1,0,5,PN06-1.edf,120,48,99,6,2,38,2,0.984375
bipolar,PN06,8,h=4,0,5,PN06-1.edf,120,48,52,3,4,36,5,0.70625
bipolar,PN06,8,h=8,0,5,PN06-1.edf,120,48,52,1,0,40,7,0.5687500000000001
bipolar,PN06,8,h=16,0,5,PN06-1.edf,120,48,23,0,0,40,8,0.7093750000000001
bipolar,PN06,8,h=21,0,5,PN06-1.edf,120,48,11,0,2,38,8,0.678125
bipolar,PN06,8,grouped,1,5,PN06-2.edf,120,48,30,1,6,34,7,0.659375
bipolar,PN06,8,h=1,1,5,PN06-2.edf,120,48,82,3,7,33,5,0.78125
bipolar,PN06,8,h=4,1,5,PN06-2.edf,120,48,96,5,7,33,3,0.871875
bipolar,PN06,8,h=8,1,5,PN06-2.edf,120,48,6,0,0,40,8,0.6218750000000001
bipolar,PN06,8,h=16,1,5,PN06-2.edf,120,48,24,1,9,31,7,0.575
bipolar,PN06,8,h=21,1,5,PN06-2.edf,120,48,38,2,8,32,6,0.54375
bipolar,PN06,8,grouped,2,5,PN06-3.edf,134,30,59,5,10,15,0,0.9199999999999999
bipolar,PN06,8,h=1,2,5,PN06-3.edf,134,30,70,2,5,20,3,0.736
bipolar,PN06,8,h=4,2,5,PN06-3.edf,134,30,99,1,3,22,4,0.744
bipolar,PN06,8,h=8,2,5,PN06-3.edf,134,30,98,0,7,18,5,0.5920000000000001
bipolar,PN06,8,h=16,2,5,PN06-3.edf,134,30,45,1,3,22,4,0.744
bipolar,PN06,8,h=21,2,5,PN06-3.edf,134,30,32,1,3,22,4,0.808
bipolar,PN06,8,grouped,3,5,PN06-4.edf,124,42,40,0,3,32,7,0.7836734693877551
bipolar,PN06,8,h=1,3,5,PN06-4.edf,124,42,94,7,9,26,0,0.8693877551020408
bipolar,PN06,8,h=4,3,5,PN06-4.edf,124,42,98,6,5,30,1,0.8448979591836734
bipolar,PN06,8,h=8,3,5,PN06-4.edf,124,42,66,1,3,32,6,0.5755102040816327
bipolar,PN06,8,h=16,3,5,PN06-4.edf,124,42,40,2,5,30,5,0.6448979591836734
bipolar,PN06,8,h=21,3,5,PN06-4.edf,124,42,5,0,0,35,7,0.746938775510204
bipolar,PN06,8,grouped,4,5,PN06-5.edf,134,30,40,2,5,20,3,0.56
bipolar,PN06,8,h=1,4,5,PN06-5.edf,134,30,99,2,4,21,3,0.84
bipolar,PN06,8,h=4,4,5,PN06-5.edf,134,30,97,2,2,23,3,0.776
bipolar,PN06,8,h=8,4,5,PN06-5.edf,134,30,96,2,4,21,3,0.688
bipolar,PN06,8,h=16,4,5,PN06-5.edf,134,30,5,0,0,25,5,0.56
bipolar,PN06,8,h=21,4,5,PN06-5.edf,134,30,32,1,2,23,4,0.44800000000000006
bipolar,PN10,8,grouped,0,5,PN10-1.edf,153,48,23,4,5,35,4,0.834375
bipolar,PN10,8,h=1,0,5,PN10-1.edf,153,48,81,7,5,35,1,0.9781249999999999
bipolar,PN10,8,h=4,0,5,PN10-1.edf,153,48,90,7,9,31,1,0.8718750000000001
bipolar,PN10,8,h=8,0,5,PN10-1.edf,153,48,77,2,9,31,6,0.546875
bipolar,PN10,8,h=16,0,5,PN10-1.edf,153,48,57,4,7,33,4,0.8374999999999999
bipolar,PN10,8,h=21,0,5,PN10-1.edf,153,48,49,7,9,31,1,0.90625
bipolar,PN10,8,grouped,1,5,PN10-7.8.9.edf,148,54,44,7,7,38,2,0.8987654320987654
bipolar,PN10,8,h=1,1,5,PN10-7.8.9.edf,148,54,34,7,3,42,2,0.9185185185185185
bipolar,PN10,8,h=4,1,5,PN10-7.8.9.edf,148,54,41,5,0,45,4,0.9037037037037037
bipolar,PN10,8,h=8,1,5,PN10-7.8.9.edf,148,54,57,5,0,45,4,0.9308641975308641
bipolar,PN10,8,h=16,1,5,PN10-7.8.9.edf,148,54,27,5,1,44,4,0.9703703703703703
bipolar,PN10,8,h=21,1,5,PN10-7.8.9.edf,148,54,24,9,11,34,0,0.8592592592592592
bipolar,PN10,8,grouped,2,5,PN10-4.5.6.edf,148,54,69,7,0,45,2,0.9925925925925926
bipolar,PN10,8,h=1,2,5,PN10-4.5.6.edf,148,54,71,5,0,45,4,0.9703703703703704
bipolar,PN10,8,h=4,2,5,PN10-4.5.6.edf,148,54,94,8,1,44,1,0.9728395061728394
bipolar,PN10,8,h=8,2,5,PN10-4.5.6.edf,148,54,99,7,1,44,2,0.9506172839506173
bipolar,PN10,8,h=16,2,5,PN10-4.5.6.edf,148,54,60,8,2,43,1,0.9679012345679012
bipolar,PN10,8,h=21,2,5,PN10-4.5.6.edf,148,54,79,8,1,44,1,0.9925925925925926
bipolar,PN10,8,grouped,3,5,PN10-3.edf,158,42,51,5,0,35,2,0.942857142857143
bipolar,PN10,8,h=1,3,5,PN10-3.edf,158,42,52,7,17,18,0,0.9591836734693877
bipolar,PN10,8,h=4,3,5,PN10-3.edf,158,42,53,7,8,27,0,0.9591836734693877
bipolar,PN10,8,h=8,3,5,PN10-3.edf,158,42,85,7,8,27,0,0.9306122448979591
bipolar,PN10,8,h=16,3,5,PN10-3.edf,158,42,35,7,17,18,0,0.8285714285714285
bipolar,PN10,8,h=21,3,5,PN10-3.edf,158,42,33,7,34,1,0,0.8571428571428572
bipolar,PN10,8,grouped,4,5,PN10-10.edf;PN10-2.edf,158,42,19,7,7,28,0,0.9918367346938776
bipolar,PN10,8,h=1,4,5,PN10-10.edf;PN10-2.edf,158,42,98,5,0,35,2,0.8938775510204081
bipolar,PN10,8,h=4,4,5,PN10-10.edf;PN10-2.edf,158,42,72,4,1,34,3,0.9551020408163265
bipolar,PN10,8,h=8,4,5,PN10-10.edf;PN10-2.edf,158,42,79,2,0,35,5,0.9551020408163265
bipolar,PN10,8,h=16,4,5,PN10-10.edf;PN10-2.edf,158,42,53,1,0,35,6,0.8081632653061226
bipolar,PN10,8,h=21,4,5,PN10-10.edf;PN10-2.edf,158,42,23,1,1,34,6,0.8571428571428572
bipolar,PN12,8,grouped,0,3,PN12-1.2.edf,91,90,19,13,17,58,2,0.8871111111111112
bipolar,PN12,8,h=1,0,3,PN12-1.2.edf,91,90,79,14,22,53,1,0.8853333333333334
bipolar,PN12,8,h=4,0,3,PN12-1.2.edf,91,90,78,13,22,53,2,0.8595555555555555
bipolar,PN12,8,h=8,0,3,PN12-1.2.edf,91,90,85,11,22,53,4,0.7884444444444445
bipolar,PN12,8,h=16,0,3,PN12-1.2.edf,91,90,45,6,18,57,9,0.6151111111111112
bipolar,PN12,8,h=21,0,3,PN12-1.2.edf,91,90,21,13,13,62,2,0.9137777777777778
bipolar,PN12,8,grouped,1,3,PN12-3.edf,105,72,24,7,4,56,5,0.6666666666666666
bipolar,PN12,8,h=1,1,3,PN12-3.edf,105,72,91,11,5,55,1,0.961111111111111
bipolar,PN12,8,h=4,1,3,PN12-3.edf,105,72,99,6,6,54,6,0.8861111111111111
bipolar,PN12,8,h=8,1,3,PN12-3.edf,105,72,53,6,12,48,6,0.7791666666666667
bipolar,PN12,8,h=16,1,3,PN12-3.edf,105,72,32,6,18,42,6,0.6638888888888889
bipolar,PN12,8,h=21,1,3,PN12-3.edf,105,72,12,6,13,47,6,0.5694444444444445
bipolar,PN12,8,grouped,2,3,PN12-4.edf,129,42,23,5,3,32,2,0.8653061224489795
bipolar,PN12,8,h=1,2,3,PN12-4.edf,129,42,95,4,5,30,3,0.8571428571428571
bipolar,PN12,8,h=4,2,3,PN12-4.edf,129,42,8,0,0,35,7,0.653061224489796
bipolar,PN12,8,h=8,2,3,PN12-4.edf,129,42,97,2,5,30,5,0.7795918367346938
bipolar,PN12,8,h=16,2,3,PN12-4.edf,129,42,45,0,0,35,7,0.7795918367346939
bipolar,PN12,8,h=21,2,3,PN12-4.edf,129,42,22,4,9,26,3,0.8204081632653062
bipolar,PN14,8,grouped,0,4,PN14-1.edf,76,18,16,1,1,14,2,0.5333333333333332
bipolar,PN14,8,h=1,0,4,PN14-1.edf,76,18,95,3,1,14,0,1.0
bipolar,PN14,8,h=4,0,4,PN14-1.edf,76,18,99,3,1,14,0,0.9777777777777777
bipolar,PN14,8,h=8,0,4,PN14-1.edf,76,18,3,0,0,15,3,0.6222222222222221
bipolar,PN14,8,h=16,0,4,PN14-1.edf,76,18,98,0,0,15,3,0.4222222222222222
bipolar,PN14,8,h=21,0,4,PN14-1.edf,76,18,15,0,2,13,3,0.6444444444444445
bipolar,PN14,8,grouped,1,4,PN14-2.edf,86,6,3,0,0,5,1,0.4
bipolar,PN14,8,h=1,1,4,PN14-2.edf,86,6,58,0,1,4,1,0.8
bipolar,PN14,8,h=4,1,4,PN14-2.edf,86,6,0,0,0,5,1,0.6
bipolar,PN14,8,h=8,1,4,PN14-2.edf,86,6,2,0,0,5,1,0.6
bipolar,PN14,8,h=16,1,4,PN14-2.edf,86,6,0,0,0,5,1,0.8
bipolar,PN14,8,h=21,1,4,PN14-2.edf,86,6,25,0,0,5,1,0.19999999999999996
bipolar,PN14,8,grouped,2,4,PN14-3.edf,67,30,72,1,2,23,4,0.4880000000000001
bipolar,PN14,8,h=1,2,4,PN14-3.edf,67,30,88,2,1,24,3,0.8879999999999999
bipolar,PN14,8,h=4,2,4,PN14-3.edf,67,30,79,1,2,23,4,0.52
bipolar,PN14,8,h=8,2,4,PN14-3.edf,67,30,95,1,0,25,4,0.632
bipolar,PN14,8,h=16,2,4,PN14-3.edf,67,30,93,1,4,21,4,0.664
bipolar,PN14,8,h=21,2,4,PN14-3.edf,67,30,71,2,6,19,3,0.608
bipolar,PN14,8,grouped,3,4,PN14-4.edf,43,60,5,1,1,49,9,0.708
bipolar,PN14,8,h=1,3,4,PN14-4.edf,43,60,98,9,11,39,1,0.8980000000000001
bipolar,PN14,8,h=4,3,4,PN14-4.edf,43,60,99,7,8,42,3,0.902
bipolar,PN14,8,h=8,3,4,PN14-4.edf,43,60,97,7,6,44,3,0.8860000000000001
bipolar,PN14,8,h=16,3,4,PN14-4.edf,43,60,6,0,0,50,10,0.692
bipolar,PN14,8,h=21,3,4,PN14-4.edf,43,60,22,0,2,48,10,0.606
bipolar,PN00,10,grouped,0,5,PN00-1.edf,115,42,4,0,4,31,7,0.8081632653061225
bipolar,PN00,10,h=1,0,5,PN00-1.edf,115,42,22,3,6,29,4,0.7346938775510204
bipolar,PN00,10,h=4,0,5,PN00-1.edf,115,42,33,3,7,28,4,0.6489795918367347
bipolar,PN00,10,h=8,0,5,PN00-1.edf,115,42,75,5,5,30,2,0.8857142857142857
bipolar,PN00,10,h=16,0,5,PN00-1.edf,115,42,98,5,2,33,2,0.963265306122449
bipolar,PN00,10,h=21,0,5,PN00-1.edf,115,42,21,6,6,29,1,0.8775510204081632
bipolar,PN00,10,grouped,1,5,PN00-2.edf,124,30,35,3,1,24,2,0.9199999999999999
bipolar,PN00,10,h=1,1,5,PN00-2.edf,124,30,98,5,0,25,0,1.0
bipolar,PN00,10,h=4,1,5,PN00-2.edf,124,30,99,3,0,25,2,0.92
bipolar,PN00,10,h=8,1,5,PN00-2.edf,124,30,99,4,0,25,1,0.976
bipolar,PN00,10,h=16,1,5,PN00-2.edf,124,30,47,2,0,25,3,0.8480000000000001
bipolar,PN00,10,h=21,1,5,PN00-2.edf,124,30,19,2,2,23,3,0.8320000000000001
bipolar,PN00,10,grouped,2,5,PN00-3.edf,120,36,1,0,0,30,6,0.9277777777777777
bipolar,PN00,10,h=1,2,5,PN00-3.edf,120,36,57,5,12,18,1,0.8
bipolar,PN00,10,h=4,2,5,PN00-3.edf,120,36,3,0,0,30,6,0.9055555555555557
bipolar,PN00,10,h=8,2,5,PN00-3.edf,120,36,0,0,0,30,6,0.6777777777777778
bipolar,PN00,10,h=16,2,5,PN00-3.edf,120,36,1,0,0,30,6,0.65
bipolar,PN00,10,h=21,2,5,PN00-3.edf,120,36,0,0,0,30,6,0.21111111111111108
bipolar,PN00,10,grouped,3,5,PN00-4.edf,115,42,22,0,2,33,7,0.620408163265306
bipolar,PN00,10,h=1,3,5,PN00-4.edf,115,42,96,4,1,34,3,0.9428571428571428
bipolar,PN00,10,h=4,3,5,PN00-4.edf,115,42,99,1,2,33,6,0.6653061224489796
bipolar,PN00,10,h=8,3,5,PN00-4.edf,115,42,98,0,2,33,7,0.6857142857142857
bipolar,PN00,10,h=16,3,5,PN00-4.edf,115,42,7,0,0,35,7,0.5265306122448979
bipolar,PN00,10,h=21,3,5,PN00-4.edf,115,42,32,1,3,32,6,0.6204081632653061
bipolar,PN00,10,grouped,4,5,PN00-5.edf,120,36,29,3,2,28,3,0.7333333333333333
bipolar,PN00,10,h=1,4,5,PN00-5.edf,120,36,95,5,1,29,1,0.9944444444444445
bipolar,PN00,10,h=4,4,5,PN00-5.edf,120,36,98,5,5,25,1,0.8944444444444446
bipolar,PN00,10,h=8,4,5,PN00-5.edf,120,36,99,3,5,25,3,0.6611111111111111
bipolar,PN00,10,h=16,4,5,PN00-5.edf,120,36,80,0,0,30,6,0.5499999999999999
bipolar,PN00,10,h=21,4,5,PN00-5.edf,120,36,22,3,2,28,3,0.7555555555555555
bipolar,PN06,10,grouped,0,5,PN06-1.edf,96,36,12,0,3,27,6,0.12777777777777777
bipolar,PN06,10,h=1,0,5,PN06-1.edf,96,36,99,4,1,29,2,0.9833333333333334
bipolar,PN06,10,h=4,0,5,PN06-1.edf,96,36,35,0,0,30,6,0.7833333333333333
bipolar,PN06,10,h=8,0,5,PN06-1.edf,96,36,40,0,0,30,6,0.6777777777777778
bipolar,PN06,10,h=16,0,5,PN06-1.edf,96,36,13,0,0,30,6,0.9166666666666667
bipolar,PN06,10,h=21,0,5,PN06-1.edf,96,36,29,1,8,22,5,0.5111111111111111
bipolar,PN06,10,grouped,1,5,PN06-2.edf,96,36,89,2,1,29,4,0.8
bipolar,PN06,10,h=1,1,5,PN06-2.edf,96,36,97,6,13,17,0,0.7888888888888889
bipolar,PN06,10,h=4,1,5,PN06-2.edf,96,36,98,3,5,25,3,0.75
bipolar,PN06,10,h=8,1,5,PN06-2.edf,96,36,99,4,8,22,2,0.8
bipolar,PN06,10,h=16,1,5,PN06-2.edf,96,36,78,1,3,27,5,0.7611111111111111
bipolar,PN06,10,h=21,1,5,PN06-2.edf,96,36,59,3,9,21,3,0.5777777777777777
bipolar,PN06,10,grouped,2,5,PN06-3.edf,105,24,31,2,2,18,2,0.9
bipolar,PN06,10,h=1,2,5,PN06-3.edf,105,24,99,0,0,20,4,0.95
bipolar,PN06,10,h=4,2,5,PN06-3.edf,105,24,99,3,7,13,1,0.7125
bipolar,PN06,10,h=8,2,5,PN06-3.edf,105,24,99,1,6,14,3,0.6000000000000001
bipolar,PN06,10,h=16,2,5,PN06-3.edf,105,24,85,0,2,18,4,0.55
bipolar,PN06,10,h=21,2,5,PN06-3.edf,105,24,23,1,1,19,3,0.8
bipolar,PN06,10,grouped,3,5,PN06-4.edf,96,36,0,0,0,30,6,0.5833333333333334
bipolar,PN06,10,h=1,3,5,PN06-4.edf,96,36,97,6,9,21,0,0.9
bipolar,PN06,10,h=4,3,5,PN06-4.edf,96,36,99,4,2,28,2,0.9111111111111112
bipolar,PN06,10,h=8,3,5,PN06-4.edf,96,36,8,0,0,30,6,0.5388888888888889
bipolar,PN06,10,h=16,3,5,PN06-4.edf,96,36,27,1,5,25,5,0.65
bipolar,PN06,10,h=21,3,5,PN06-4.edf,96,36,21,0,0,30,6,0.7
bipolar,PN06,10,grouped,4,5,PN06-5.edf,105,24,30,0,1,19,4,0.6875
bipolar,PN06,10,h=1,4,5,PN06-5.edf,105,24,96,3,1,19,1,0.975
bipolar,PN06,10,h=4,4,5,PN06-5.edf,105,24,87,2,3,17,2,0.8
bipolar,PN06,10,h=8,4,5,PN06-5.edf,105,24,92,1,1,19,3,0.65
bipolar,PN06,10,h=16,4,5,PN06-5.edf,105,24,38,0,0,20,4,0.6125
bipolar,PN06,10,h=21,4,5,PN06-5.edf,105,24,27,0,1,19,4,0.6375
bipolar,PN10,10,grouped,0,5,PN10-1.edf,115,36,38,3,3,27,3,0.8222222222222222
bipolar,PN10,10,h=1,0,5,PN10-1.edf,115,36,97,5,3,27,1,0.9777777777777779
bipolar,PN10,10,h=4,0,5,PN10-1.edf,115,36,98,6,6,24,0,0.8722222222222222
bipolar,PN10,10,h=8,0,5,PN10-1.edf,115,36,97,1,9,21,5,0.41111111111111115
bipolar,PN10,10,h=16,0,5,PN10-1.edf,115,36,68,2,4,26,4,0.48333333333333334
bipolar,PN10,10,h=21,0,5,PN10-1.edf,115,36,99,3,6,24,3,0.7277777777777779
bipolar,PN10,10,grouped,1,5,PN10-4.5.6.edf,115,36,46,6,3,27,0,1.0
bipolar,PN10,10,h=1,1,5,PN10-4.5.6.edf,115,36,74,4,3,27,2,0.9555555555555556
bipolar,PN10,10,h=4,1,5,PN10-4.5.6.edf,115,36,1,0,0,30,6,0.8611111111111112
bipolar,PN10,10,h=8,1,5,PN10-4.5.6.edf,115,36,1,0,0,30,6,0.75
bipolar,PN10,10,h=16,1,5,PN10-4.5.6.edf,115,36,64,6,17,13,0,0.9055555555555556
bipolar,PN10,10,h=21,1,5,PN10-4.5.6.edf,115,36,33,6,28,2,0,0.9666666666666667
bipolar,PN10,10,grouped,2,5,PN10-7.8.9.edf,115,36,53,4,2,28,2,0.9500000000000001
bipolar,PN10,10,h=1,2,5,PN10-7.8.9.edf,115,36,36,4,1,29,2,0.9555555555555556
bipolar,PN10,10,h=4,2,5,PN10-7.8.9.edf,115,36,48,5,0,30,1,0.9555555555555556
bipolar,PN10,10,h=8,2,5,PN10-7.8.9.edf,115,36,26,0,0,30,6,1.0
bipolar,PN10,10,h=16,2,5,PN10-7.8.9.edf,115,36,14,0,0,30,6,1.0
bipolar,PN10,10,h=21,2,5,PN10-7.8.9.edf,115,36,10,1,0,30,5,0.9388888888888889
bipolar,PN10,10,grouped,3,5,PN10-3.edf,115,36,67,2,1,29,4,0.9666666666666667
bipolar,PN10,10,h=1,3,5,PN10-3.edf,115,36,58,6,7,23,0,0.9833333333333334
bipolar,PN10,10,h=4,3,5,PN10-3.edf,115,36,88,6,11,19,0,0.9777777777777779
bipolar,PN10,10,h=8,3,5,PN10-3.edf,115,36,56,6,30,0,0,0.9555555555555556
bipolar,PN10,10,h=16,3,5,PN10-3.edf,115,36,64,6,19,11,0,0.9777777777777779
bipolar,PN10,10,h=21,3,5,PN10-3.edf,115,36,51,6,29,1,0,0.9277777777777778
bipolar,PN10,10,grouped,4,5,PN10-10.edf;PN10-2.edf,115,36,30,6,11,19,0,0.9611111111111111
bipolar,PN10,10,h=1,4,5,PN10-10.edf;PN10-2.edf,115,36,70,4,2,28,2,0.8944444444444444
bipolar,PN10,10,h=4,4,5,PN10-10.edf;PN10-2.edf,115,36,97,4,1,29,2,0.8722222222222222
bipolar,PN10,10,h=8,4,5,PN10-10.edf;PN10-2.edf,115,36,98,1,1,29,5,0.8277777777777777
bipolar,PN10,10,h=16,4,5,PN10-10.edf;PN10-2.edf,115,36,43,1,0,30,5,0.5944444444444444
bipolar,PN10,10,h=21,4,5,PN10-10.edf;PN10-2.edf,115,36,18,1,2,28,5,0.7055555555555555
bipolar,PN12,10,grouped,0,3,PN12-1.2.edf,72,72,43,10,11,49,2,0.8861111111111112
bipolar,PN12,10,h=1,0,3,PN12-1.2.edf,72,72,74,8,12,48,4,0.8236111111111111
bipolar,PN12,10,h=4,0,3,PN12-1.2.edf,72,72,38,3,6,54,9,0.7222222222222222
bipolar,PN12,10,h=8,0,3,PN12-1.2.edf,72,72,99,8,17,43,4,0.7180555555555556
bipolar,PN12,10,h=16,0,3,PN12-1.2.edf,72,72,40,3,15,45,9,0.49444444444444446
bipolar,PN12,10,h=21,0,3,PN12-1.2.edf,72,72,41,11,15,45,1,0.9083333333333333
bipolar,PN12,10,grouped,1,3,PN12-3.edf,86,54,28,5,1,44,4,0.7432098765432099
bipolar,PN12,10,h=1,1,3,PN12-3.edf,86,54,75,7,3,42,2,0.9382716049382716
bipolar,PN12,10,h=4,1,3,PN12-3.edf,86,54,38,2,2,43,7,0.8098765432098765
bipolar,PN12,10,h=8,1,3,PN12-3.edf,86,54,69,3,8,37,6,0.8049382716049382
bipolar,PN12,10,h=16,1,3,PN12-3.edf,86,54,54,5,7,38,4,0.837037037037037
bipolar,PN12,10,h=21,1,3,PN12-3.edf,86,54,23,5,8,37,4,0.6246913580246913
bipolar,PN12,10,grouped,2,3,PN12-4.edf,100,36,55,5,9,21,1,0.861111111111111
bipolar,PN12,10,h=1,2,3,PN12-4.edf,100,36,32,4,4,26,2,0.8833333333333334
bipolar,PN12,10,h=4,2,3,PN12-4.edf,100,36,42,2,11,19,4,0.6833333333333333
bipolar,PN12,10,h=8,2,3,PN12-4.edf,100,36,81,2,4,26,4,0.75
bipolar,PN12,10,h=16,2,3,PN12-4.edf,100,36,35,2,5,25,4,0.6833333333333333
bipolar,PN12,10,h=21,2,3,PN12-4.edf,100,36,99,5,3,27,1,0.8888888888888888
bipolar,PN14,10,grouped,0,4,PN14-1.edf,62,12,15,1,0,10,1,0.5
bipolar,PN14,10,h=1,0,4,PN14-1.edf,62,12,98,2,7,3,0,0.9500000000000001
bipolar,PN14,10,h=4,0,4,PN14-1.edf,62,12,95,2,5,5,0,0.9
bipolar,PN14,10,h=8,0,4,PN14-1.edf,62,12,99,1,1,9,1,0.8
bipolar,PN14,10,h=16,0,4,PN14-1.edf,62,12,70,0,2,8,2,0.5
bipolar,PN14,10,h=21,0,4,PN14-1.edf,62,12,48,1,0,10,1,0.7
bipolar,PN14,10,grouped,1,4,PN14-2.edf,67,6,33,0,0,5,1,0.8
bipolar,PN14,10,h=1,1,4,PN14-2.edf,67,6,72,0,0,5,1,0.8
bipolar,PN14,10,h=4,1,4,PN14-2.edf,67,6,31,0,0,5,1,0.8
bipolar,PN14,10,h=8,1,4,PN14-2.edf,67,6,95,0,1,4,1,0.6
bipolar,PN14,10,h=16,1,4,PN14-2.edf,67,6,41,0,1,4,1,0.8
bipolar,PN14,10,h=21,1,4,PN14-2.edf,67,6,34,0,0,5,1,0.19999999999999996
bipolar,PN14,10,grouped,2,4,PN14-3.edf,52,24,30,1,0,20,3,0.6875
bipolar,PN14,10,h=1,2,4,PN14-3.edf,52,24,96,1,0,20,3,0.925
bipolar,PN14,10,h=4,2,4,PN14-3.edf,52,24,92,1,1,19,3,0.725
bipolar,PN14,10,h=8,2,4,PN14-3.edf,52,24,92,2,0,20,2,0.8125
bipolar,PN14,10,h=16,2,4,PN14-3.edf,52,24,99,2,0,20,2,0.65
bipolar,PN14,10,h=21,2,4,PN14-3.edf,52,24,47,1,0,20,3,0.7625
bipolar,PN14,10,grouped,3,4,PN14-4.edf,33,48,11,1,4,36,7,0.58125
bipolar,PN14,10,h=1,3,4,PN14-4.edf,33,48,9,0,0,40,8,0.584375
bipolar,PN14,10,h=4,3,4,PN14-4.edf,33,48,12,0,0,40,8,0.4625
bipolar,PN14,10,h=8,3,4,PN14-4.edf,33,48,59,6,7,33,2,0.890625
bipolar,PN14,10,h=16,3,4,PN14-4.edf,33,48,91,2,0,40,6,0.7749999999999999
bipolar,PN14,10,h=21,3,4,PN14-4.edf,33,48,69,1,5,35,7,0.74375
referential,PN00,1,grouped,0,5,PN00-1.edf,1224,420,22,47,12,338,23,0.9333469387755102
referential,PN00,1,h=1,0,5,PN00-1.edf,1224,420,35,60,13,337,10,0.9472244897959184
referential,PN00,1,h=4,0,5,PN00-1.edf,1224,420,89,61,8,342,9,0.9607755102040816
referential,PN00,1,h=8,0,5,PN00-1.edf,1224,420,43,62,8,342,8,0.9742857142857143
referential,PN00,1,h=16,0,5,PN00-1.edf,1224,420,27,51,19,331,19,0.9162448979591837
referential,PN00,1,h=19,0,5,PN00-1.edf,1224,420,13,50,7,343,20,0.9503673469387754
referential,PN00,1,grouped,1,5,PN00-2.edf,1300,324,5,44,65,205,10,0.8570644718792867
referential,PN00,1,h=1,1,5,PN00-2.edf,1300,324,89,54,30,240,0,0.9839506172839506
referential,PN00,1,h=4,1,5,PN00-2.edf,1300,324,68,51,33,237,3,0.9700960219478738
referential,PN00,1,h=8,1,5,PN00-2.edf,1300,324,63,47,30,240,7,0.9421810699588477
referential,PN00,1,h=16,1,5,PN00-2.edf,1300,324,4,33,49,221,21,0.8128257887517147
referential,PN00,1,h=19,1,5,PN00-2.edf,1300,324,0,16,37,233,38,0.7073388203017832
referential,PN00,1,grouped,2,5,PN00-3.edf,1272,360,12,41,36,264,19,0.8882222222222222
referential,PN00,1,h=1,2,5,PN00-3.edf,1272,360,69,43,12,288,17,0.9040555555555556
referential,PN00,1,h=4,2,5,PN00-3.edf,1272,360,64,40,25,275,20,0.8967777777777778
referential,PN00,1,h=8,2,5,PN00-3.edf,1272,360,44,38,23,277,22,0.8833333333333334
referential,PN00,1,h=16,2,5,PN00-3.edf,1272,360,39,25,37,263,35,0.7746111111111111
referential,PN00,1,h=19,2,5,PN00-3.edf,1272,360,19,43,23,277,17,0.8638888888888888
referential,PN00,1,grouped,3,5,PN00-4.edf,1204,444,6,22,59,311,52,0.6422571219868517
referential,PN00,1,h=1,3,5,PN00-4.edf,1204,444,25,61,21,349,13,0.9465668371073777
referential,PN00,1,h=4,3,5,PN00-4.edf,1204,444,25,59,18,352,15,0.9380204528853178
referential,PN00,1,h=8,3,5,PN00-4.edf,1204,444,41,52,37,333,22,0.8919649379108838
referential,PN00,1,h=16,3,5,PN00-4.edf,1204,444,8,31,44,326,43,0.6529583637691746
referential,PN00,1,h=19,3,5,PN00-4.edf,1204,444,6,21,52,318,53,0.6891526661796932
referential,PN00,1,grouped,4,5,PN00-5.edf,1238,402,21,50,33,302,17,0.9090220539095567
referential,PN00,1,h=1,4,5,PN00-5.edf,1238,402,87,58,26,309,9,0.9532635330808643
referential,PN00,1,h=4,4,5,PN00-5.edf,1238,402,62,57,11,324,10,0.9597237692136333
referential,PN00,1,h=8,4,5,PN00-5.edf,1238,402,44,59,17,318,8,0.9583871686344397
referential,PN00,1,h=16,4,5,PN00-5.edf,1238,402,35,50,26,309,17,0.9096458008465138
referential,PN00,1,h=19,4,5,PN00-5.edf,1238,402,36,53,16,319,14,0.9353530853196703
referential,PN06,1,grouped,0,5,PN06-1.edf,1046,384,19,28,54,266,36,0.5843750000000001
referential,PN06,1,h=1,0,5,PN06-1.edf,1046,384,61,39,30,290,25,0.92255859375
referential,PN06,1,h=4,0,5,PN06-1.edf,1046,384,67,51,11,309,13,0.97509765625
referential,PN06,1,h=8,0,5,PN06-1.edf,1046,384,99,44,14,306,20,0.9554687499999999
referential,PN06,1,h=16,0,5,PN06-1.edf,1046,384,54,33,29,291,31,0.7517089843749999
referential,PN06,1,h=19,0,5,PN06-1.edf,1046,384,28,27,41,279,37,0.565185546875
referential,PN06,1,grouped,1,5,PN06-2.edf,1022,414,16,28,51,294,41,0.6598193656794792
referential,PN06,1,h=1,1,5,PN06-2.edf,1022,414,85,65,79,266,4,0.9266540642722116
referential,PN06,1,h=4,1,5,PN06-2.edf,1022,414,75,69,72,273,0,0.9550934677588742
referential,PN06,1,h=8,1,5,PN06-2.edf,1022,414,70,55,67,278,14,0.893719806763285
referential,PN06,1,h=16,1,5,PN06-2.edf,1022,414,19,44,63,282,25,0.8017223272421761
referential,PN06,1,h=19,1,5,PN06-2.edf,1022,414,13,28,54,291,41,0.6518798571728629
referential,PN06,1,grouped,2,5,PN06-3.edf,1152,252,37,25,28,182,17,0.8319727891156463
referential,PN06,1,h=1,2,5,PN06-3.edf,1152,252,64,21,21,189,21,0.8488662131519275
referential,PN06,1,h=4,2,5,PN06-3.edf,1152,252,97,22,7,203,20,0.9388888888888889
referential,PN06,1,h=8,2,5,PN06-3.edf,1152,252,60,17,8,202,25,0.9285714285714286
referential,PN06,1,h=16,2,5,PN06-3.edf,1152,252,42,25,20,190,17,0.8721088435374149
referential,PN06,1,h=19,2,5,PN06-3.edf,1152,252,22,31,18,192,11,0.9292517006802722
referential,PN06,1,grouped,3,5,PN06-4.edf,1051,378,9,25,33,282,38,0.8346686822877298
referential,PN06,1,h=1,3,5,PN06-4.edf,1051,378,82,60,61,254,3,0.9213403880070546
referential,PN06,1,h=4,3,5,PN06-4.edf,1051,378,72,59,47,268,4,0.9421516754850089
referential,PN06,1,h=8,3,5,PN06-4.edf,1051,378,75,54,47,268,9,0.9217435122197026
referential,PN06,1,h=16,3,5,PN06-4.edf,1051,378,38,42,32,283,21,0.8678256487780296
referential,PN06,1,h=19,3,5,PN06-4.edf,1051,378,15,26,30,285,37,0.8254472159234064
referential,PN06,1,grouped,4,5,PN06-5.edf,1142,264,11,7,17,203,37,0.65599173553719
referential,PN06,1,h=1,4,5,PN06-5.edf,1142,264,60,35,30,190,9,0.9117768595041322
referential,PN06,1,h=4,4,5,PN06-5.edf,1142,264,48,23,17,203,21,0.8680785123966942
referential,PN06,1,h=8,4,5,PN06-5.edf,1142,264,78,15,23,197,29,0.7960743801652892
referential,PN06,1,h=16,4,5,PN06-5.edf,1142,264,41,7,14,206,37,0.6350206611570248
referential,PN06,1,h=19,4,5,PN06-5.edf,1142,264,20,8,20,200,36,0.7271694214876033
referential,PN10,1,grouped,0,5,PN10-1.edf,1392,414,16,18,86,259,51,0.555681579500105
referential,PN10,1,h=1,0,5,PN10-1.edf,1392,414,93,62,106,239,7,0.9292585591262339
referential,PN10,1,h=4,0,5,PN10-1.edf,1392,414,99,56,95,250,13,0.806973324931737
referential,PN10,1,h=8,0,5,PN10-1.edf,1392,414,46,37,102,243,32,0.6595673177903802
referential,PN10,1,h=16,0,5,PN10-1.edf,1392,414,16,30,105,240,39,0.5835748792270531
referential,PN10,1,h=19,0,5,PN10-1.edf,1392,414,15,24,93,252,45,0.5961352657004831
referential,PN10,1,grouped,1,5,PN10-7.8.9.edf,1334,486,11,75,246,159,6,0.7723517756439567
referential,PN10,1,h=1,1,5,PN10-7.8.9.edf,1334,486,68,65,58,347,16,0.9218716659045877
referential,PN10,1,h=4,1,5,PN10-7.8.9.edf,1334,486,95,58,36,369,23,0.9082456942539247
referential,PN10,1,h=8,1,5,PN10-7.8.9.edf,1334,486,75,28,19,386,53,0.7155006858710562
referential,PN10,1,h=16,1,5,PN10-7.8.9.edf,1334,486,91,39,130,275,42,0.6310928212162781
referential,PN10,1,h=19,1,5,PN10-7.8.9.edf,1334,486,20,51,157,248,30,0.6606919676878524
referential,PN10,1,grouped,2,5,PN10-4.5.6.edf,1334,486,22,34,6,399,47,0.9106233805822282
referential,PN10,1,h=1,2,5,PN10-4.5.6.edf,1334,486,96,37,3,402,44,0.902027130010669
referential,PN10,1,h=4,2,5,PN10-4.5.6.edf,1334,486,53,40,3,402,41,0.9195244627343393
referential,PN10,1,h=8,2,5,PN10-4.5.6.edf,1334,486,82,45,4,401,36,0.9491845755220242
referential,PN10,1,h=16,2,5,PN10-4.5.6.edf,1334,486,48,43,6,399,38,0.922603261697912
referential,PN10,1,h=19,2,5,PN10-4.5.6.edf,1334,486,20,41,13,392,40,0.909007773205304
referential,PN10,1,grouped,3,5,PN10-3.edf,1420,378,17,51,44,271,12,0.9043587805492568
referential,PN10,1,h=1,3,5,PN10-3.edf,1420,378,26,50,20,295,13,0.8792642983119174
referential,PN10,1,h=4,3,5,PN10-3.edf,1420,378,36,62,149,166,1,0.9061224489795918
referential,PN10,1,h=8,3,5,PN10-3.edf,1420,378,78,50,41,274,13,0.8858654572940288
referential,PN10,1,h=16,3,5,PN10-3.edf,1420,378,33,51,73,242,12,0.8619803476946334
referential,PN10,1,h=19,3,5,PN10-3.edf,1420,378,15,63,247,68,0,0.8703955656336608
referential,PN10,1,grouped,4,5,PN10-10.edf;PN10-2.edf,1411,390,25,50,9,316,15,0.9448994082840236
referential,PN10,1,h=1,4,5,PN10-10.edf;PN10-2.edf,1411,390,36,47,6,319,18,0.885301775147929
referential,PN10,1,h=4,4,5,PN10-10.edf;PN10-2.edf,1411,390,58,52,29,296,13,0.8844970414201183
referential,PN10,1,h=8,4,5,PN10-10.edf;PN10-2.edf,1411,390,80,47,8,317,18,0.8782485207100592
referential,PN10,1,h=16,4,5,PN10-10.edf;PN10-2.edf,1411,390,48,45,6,319,20,0.9289467455621303
referential,PN10,1,h=19,4,5,PN10-10.edf;PN10-2.edf,1411,390,19,41,11,314,24,0.8331360946745563
referential,PN12,1,grouped,0,3,PN12-1.2.edf,763,786,11,117,156,499,14,0.9021618786783987
referential,PN12,1,h=1,0,3,PN12-1.2.edf,763,786,79,113,99,556,18,0.928325855136647
referential,PN12,1,h=4,0,3,PN12-1.2.edf,763,786,98,113,71,584,18,0.9365771225453062
referential,PN12,1,h=8,0,3,PN12-1.2.edf,763,786,98,113,79,576,18,0.938966260707418
referential,PN12,1,h=16,0,3,PN12-1.2.edf,763,786,51,116,69,586,15,0.9477769360759862
referential,PN12,1,h=19,0,3,PN12-1.2.edf,763,786,27,110,111,544,21,0.9035953615756658
referential,PN12,1,grouped,1,3,PN12-3.edf,931,576,16,35,26,454,61,0.6411675347222223
referential,PN12,1,h=1,1,3,PN12-3.edf,931,576,99,68,23,457,28,0.9424696180555556
referential,PN12,1,h=4,1,3,PN12-3.edf,931,576,60,64,67,413,32,0.8199218749999999
referential,PN12,1,h=8,1,3,PN12-3.edf,931,576,66,62,116,364,34,0.7915364583333334
referential,PN12,1,h=16,1,3,PN12-3.edf,931,576,46,47,56,424,49,0.6664062499999999
referential,PN12,1,h=19,1,3,PN12-3.edf,931,576,29,33,35,445,63,0.738671875
referential,PN12,1,grouped,2,3,PN12-4.edf,1089,378,28,25,17,298,38,0.8439909297052154
referential,PN12,1,h=1,2,3,PN12-4.edf,1089,378,43,45,15,300,18,0.9548500881834215
referential,PN12,1,h=4,2,3,PN12-4.edf,1089,378,75,52,12,303,11,0.9724363819601916
referential,PN12,1,h=8,2,3,PN12-4.edf,1089,378,87,54,13,302,9,0.9692113882590073
referential,PN12,1,h=16,2,3,PN12-4.edf,1089,378,30,49,15,300,14,0.9386747291509197
referential,PN12,1,h=19,2,3,PN12-4.edf,1089,378,19,27,15,300,36,0.7790879314688839
referential,PN14,1,grouped,0,4,PN14-1.edf,652,162,8,9,19,116,18,0.7138545953360769
referential,PN14,1,h=1,0,4,PN14-1.edf,652,162,73,17,6,129,10,0.9091906721536351
referential,PN14,1,h=4,0,4,PN14-1.edf,652,162,45,15,3,132,12,0.8545953360768175
referential,PN14,1,h=8,0,4,PN14-1.edf,652,162,94,14,2,133,13,0.8161865569272977
referential,PN14,1,h=16,0,4,PN14-1.edf,652,162,49,17,12,123,10,0.7676268861454046
referential,PN14,1,h=19,0,4,PN14-1.edf,652,162,18,0,10,125,27,0.37668038408779153
referential,PN14,1,grouped,1,4,PN14-2.edf,724,72,20,0,5,55,12,0.7583333333333333
referential,PN14,1,h=1,1,4,PN14-2.edf,724,72,47,10,7,53,2,0.8319444444444445
referential,PN14,1,h=4,1,4,PN14-2.edf,724,72,92,9,14,46,3,0.7847222222222223
referential,PN14,1,h=8,1,4,PN14-2.edf,724,72,98,8,10,50,4,0.8236111111111112
referential,PN14,1,h=16,1,4,PN14-2.edf,724,72,28,3,2,58,9,0.8555555555555555
referential,PN14,1,h=19,1,4,PN14-2.edf,724,72,20,3,6,54,9,0.7097222222222224
referential,PN14,1,grouped,2,4,PN14-3.edf,585,246,14,17,21,184,24,0.6504461629982153
referential,PN14,1,h=1,2,4,PN14-3.edf,585,246,33,23,4,201,18,0.9712076145151696
referential,PN14,1,h=4,2,4,PN14-3.edf,585,246,78,20,3,202,21,0.8726948245092208
referential,PN14,1,h=8,2,4,PN14-3.edf,585,246,34,21,3,202,20,0.7878643664485425
referential,PN14,1,h=16,2,4,PN14-3.edf,585,246,58,15,16,189,26,0.7353955978584176
referential,PN14,1,h=19,2,4,PN14-3.edf,585,246,15,20,16,189,21,0.7117192147531232
referential,PN14,1,grouped,3,4,PN14-4.edf,384,498,18,26,35,380,57,0.7188561474814922
referential,PN14,1,h=1,3,4,PN14-4.edf,384,498,92,60,53,362,23,0.8786180868050516
referential,PN14,1,h=4,3,4,PN14-4.edf,384,498,83,56,24,391,27,0.893395267818261
referential,PN14,1,h=8,3,4,PN14-4.edf,384,498,50,43,22,393,40,0.8476701988677603
referential,PN14,1,h=16,3,4,PN14-4.edf,384,498,24,27,33,382,56,0.6563216722310931
referential,PN14,1,h=19,3,4,PN14-4.edf,384,498,21,11,26,389,72,0.6965307011177239
referential,PN00,3,grouped,0,5,PN00-1.edf,403,138,26,19,5,110,4,0.9561436672967865
referential,PN00,3,h=1,0,5,PN00-1.edf,403,138,67,19,1,114,4,0.9705103969754253
referential,PN00,3,h=4,0,5,PN00-1.edf,403,138,95,20,1,114,3,0.9829867674858224
referential,PN00,3,h=8,0,5,PN00-1.edf,403,138,98,19,2,113,4,0.9289224952741021
referential,PN00,3,h=16,0,5,PN00-1.edf,403,138,74,17,4,111,6,0.9047258979206049
referential,PN00,3,h=19,0,5,PN00-1.edf,403,138,16,16,4,111,7,0.9440453686200379
referential,PN00,3,grouped,1,5,PN00-2.edf,427,108,11,14,17,73,4,0.8722222222222221
referential,PN00,3,h=1,1,5,PN00-2.edf,427,108,95,17,15,75,1,0.9820987654320987
referential,PN00,3,h=4,1,5,PN00-2.edf,427,108,79,17,15,75,1,0.9864197530864197
referential,PN00,3,h=8,1,5,PN00-2.edf,427,108,90,16,16,74,2,0.9407407407407407
referential,PN00,3,h=16,1,5,PN00-2.edf,427,108,98,14,12,78,4,0.8506172839506172
referential,PN00,3,h=19,1,5,PN00-2.edf,427,108,13,13,16,74,5,0.8530864197530864
referential,PN00,3,grouped,2,5,PN00-3.edf,417,120,23,14,9,91,6,0.9035
referential,PN00,3,h=1,2,5,PN00-3.edf,417,120,58,14,10,90,6,0.9125
referential,PN00,3,h=4,2,5,PN00-3.edf,417,120,93,14,11,89,6,0.9015
referential,PN00,3,h=8,2,5,PN00-3.edf,417,120,96,14,11,89,6,0.8765000000000001
referential,PN00,3,h=16,2,5,PN00-3.edf,417,120,24,14,8,92,6,0.8735
referential,PN00,3,h=19,2,5,PN00-3.edf,417,120,22,12,7,93,8,0.885
referential,PN00,3,grouped,3,5,PN00-4.edf,398,144,18,2,13,107,22,0.5920138888888888
referential,PN00,3,h=1,3,5,PN00-4.edf,398,144,88,22,9,111,2,0.9590277777777778
referential,PN00,3,h=4,3,5,PN00-4.edf,398,144,99,18,8,112,6,0.9291666666666667
referential,PN00,3,h=8,3,5,PN00-4.edf,398,144,96,17,9,111,7,0.8916666666666666
referential,PN00,3,h=16,3,5,PN00-4.edf,398,144,64,10,13,107,14,0.6611111111111111
referential,PN00,3,h=19,3,5,PN00-4.edf,398,144,26,8,17,103,16,0.6607638888888889
referential,PN00,3,grouped,4,5,PN00-5.edf,408,132,33,15,7,103,7,0.915702479338843
referential,PN00,3,h=1,4,5,PN00-5.edf,408,132,27,18,2,108,4,0.9814049586776858
referential,PN00,3,h=4,4,5,PN00-5.edf,408,132,96,19,9,101,3,0.9665289256198346
referential,PN00,3,h=8,4,5,PN00-5.edf,408,132,93,19,7,103,3,0.9491735537190082
referential,PN00,3,h=16,4,5,PN00-5.edf,408,132,38,14,9,101,8,0.8991735537190082
referential,PN00,3,h=19,4,5,PN00-5.edf,408,132,7,16,4,106,6,0.9177685950413224
referential,PN06,3,grouped,0,5,PN06-1.edf,345,126,21,7,30,75,14,0.4634920634920635
referential,PN06,3,h=1,0,5,PN06-1.edf,345,126,99,15,4,101,6,0.9691609977324264
referential,PN06,3,h=4,0,5,PN06-1.edf,345,126,98,20,16,89,1,0.9582766439909296
referential,PN06,3,h=8,0,5,PN06-1.edf,345,126,80,14,20,85,7,0.8430839002267574
referential,PN06,3,h=16,0,5,PN06-1.edf,345,126,29,13,28,77,8,0.6689342403628118
referential,PN06,3,h=19,0,5,PN06-1.edf,345,126,13,7,21,84,14,0.527891156462585
referential,PN06,3,grouped,1,5,PN06-2.edf,336,138,16,11,19,96,12,0.6665406427221172
referential,PN06,3,h=1,1,5,PN06-2.edf,336,138,94,19,8,107,4,0.9542533081285445
referential,PN06,3,h=4,1,5,PN06-2.edf,336,138,94,21,9,106,2,0.9735349716446126
referential,PN06,3,h=8,1,5,PN06-2.edf,336,138,89,16,4,111,7,0.8654064272211721
referential,PN06,3,h=16,1,5,PN06-2.edf,336,138,49,12,4,111,11,0.7686200378071835
referential,PN06,3,h=19,1,5,PN06-2.edf,336,138,27,6,11,104,17,0.6143667296786389
referential,PN06,3,grouped,2,5,PN06-3.edf,379,84,17,8,10,60,6,0.8244897959183672
referential,PN06,3,h=1,2,5,PN06-3.edf,379,84,98,11,9,61,3,0.9214285714285715
referential,PN06,3,h=4,2,5,PN06-3.edf,379,84,95,12,7,63,2,0.9346938775510204
referential,PN06,3,h=8,2,5,PN06-3.edf,379,84,94,8,3,67,6,0.942857142857143
referential,PN06,3,h=16,2,5,PN06-3.edf,379,84,47,10,5,65,4,0.926530612244898
referential,PN06,3,h=19,2,5,PN06-3.edf,379,84,16,9,9,61,5,0.9153061224489797
referential,PN06,3,grouped,3,5,PN06-4.edf,345,126,28,14,25,80,7,0.7668934240362811
referential,PN06,3,h=1,3,5,PN06-4.edf,345,126,94,20,8,97,1,0.9659863945578232
referential,PN06,3,h=4,3,5,PN06-4.edf,345,126,98,15,10,95,6,0.9365079365079365
referential,PN06,3,h=8,3,5,PN06-4.edf,345,126,50,12,14,91,9,0.8326530612244897
referential,PN06,3,h=16,3,5,PN06-4.edf,345,126,29,8,10,95,13,0.7596371882086168
referential,PN06,3,h=19,3,5,PN06-4.edf,345,126,13,5,8,97,16,0.7501133786848072
referential,PN06,3,grouped,4,5,PN06-5.edf,379,84,17,2,9,61,12,0.616326530612245
referential,PN06,3,h=1,4,5,PN06-5.edf,379,84,93,13,10,60,1,0.963265306122449
referential,PN06,3,h=4,4,5,PN06-5.edf,379,84,97,7,5,65,7,0.860204081632653
referential,PN06,3,h=8,4,5,PN06-5.edf,379,84,97,6,11,59,8,0.7806122448979592
referential,PN06,3,h=16,4,5,PN06-5.edf,379,84,28,3,9,61,11,0.5387755102040817
referential,PN06,3,h=19,4,5,PN06-5.edf,379,84,15,4,12,58,10,0.6551020408163265
referential,PN10,3,grouped,0,5,PN10-7.8.9.edf,436,162,11,25,78,57,2,0.7541838134430726
referential,PN10,3,h=1,0,5,PN10-7.8.9.edf,436,162,73,23,18,117,4,0.9220850480109739
referential,PN10,3,h=4,0,5,PN10-7.8.9.edf,436,162,55,24,33,102,3,0.8356652949245542
referential,PN10,3,h=8,0,5,PN10-7.8.9.edf,436,162,64,22,23,112,5,0.8639231824417009
referential,PN10,3,h=16,0,5,PN10-7.8.9.edf,436,162,37,20,33,102,7,0.8299039780521262
referential,PN10,3,h=19,0,5,PN10-7.8.9.edf,436,162,13,25,77,58,2,0.6982167352537723
referential,PN10,3,grouped,1,5,PN10-4.5.6.edf,441,156,37,17,14,116,9,0.9056213017751479
referential,PN10,3,h=1,1,5,PN10-4.5.6.edf,441,156,99,10,4,126,16,0.909171597633136
referential,PN10,3,h=4,1,5,PN10-4.5.6.edf,441,156,96,13,3,127,13,0.9497041420118344
referential,PN10,3,h=8,1,5,PN10-4.5.6.edf,441,156,40,14,9,121,12,0.900887573964497
referential,PN10,3,h=16,1,5,PN10-4.5.6.edf,441,156,33,19,5,125,7,0.9186390532544378
referential,PN10,3,h=19,1,5,PN10-4.5.6.edf,441,156,15,20,6,124,6,0.934319526627219
referential,PN10,3,grouped,2,5,PN10-1.edf,456,138,32,8,33,82,15,0.5134215500945181
referential,PN10,3,h=1,2,5,PN10-1.edf,456,138,38,22,44,71,1,0.9686200378071834
referential,PN10,3,h=4,2,5,PN10-1.edf,456,138,74,16,39,76,7,0.709640831758034
referential,PN10,3,h=8,2,5,PN10-1.edf,456,138,53,7,35,80,16,0.6056710775047259
referential,PN10,3,h=16,2,5,PN10-1.edf,456,138,23,8,37,78,15,0.4487712665406427
referential,PN10,3,h=19,2,5,PN10-1.edf,456,138,21,14,42,73,9,0.6657844990548204
referential,PN10,3,grouped,3,5,PN10-3.edf,465,126,15,20,83,22,1,0.9410430839002267
referential,PN10,3,h=1,3,5,PN10-3.edf,465,126,21,17,16,89,4,0.9269841269841269
referential,PN10,3,h=4,3,5,PN10-3.edf,465,126,45,20,30,75,1,0.9464852607709751
referential,PN10,3,h=8,3,5,PN10-3.edf,465,126,73,19,21,84,2,0.9360544217687075
referential,PN10,3,h=16,3,5,PN10-3.edf,465,126,39,18,60,45,3,0.8213151927437642
referential,PN10,3,h=19,3,5,PN10-3.edf,465,126,14,16,35,70,5,0.8222222222222223
referential,PN10,3,grouped,4,5,PN10-10.edf;PN10-2.edf,465,126,36,15,3,102,6,0.9541950113378685
referential,PN10,3,h=1,4,5,PN10-10.edf;PN10-2.edf,465,126,54,17,3,102,4,0.8820861678004535
referential,PN10,3,h=4,4,5,PN10-10.edf;PN10-2.edf,465,126,32,17,5,100,4,0.9383219954648526
referential,PN10,3,h=8,4,5,PN10-10.edf;PN10-2.edf,465,126,40,16,4,101,5,0.9233560090702948
referential,PN10,3,h=16,4,5,PN10-10.edf;PN10-2.edf,465,126,39,16,3,102,5,0.8916099773242631
referential,PN10,3,h=19,4,5,PN10-10.edf;PN10-2.edf,465,126,23,15,4,101,6,0.8829931972789116
referential,PN12,3,grouped,0,3,PN12-1.2.edf,254,258,33,40,51,164,3,0.9148729042725797
referential,PN12,3,h=1,0,3,PN12-1.2.edf,254,258,68,39,54,161,4,0.9060032449972958
referential,PN12,3,h=4,0,3,PN12-1.2.edf,254,258,68,41,53,162,2,0.8988642509464575
referential,PN12,3,h=8,0,3,PN12-1.2.edf,254,258,93,40,37,178,3,0.9158464034613305
referential,PN12,3,h=16,0,3,PN12-1.2.edf,254,258,25,42,51,164,1,0.9355327203893996
referential,PN12,3,h=19,0,3,PN12-1.2.edf,254,258,22,34,41,174,9,0.8898864250946458
referential,PN12,3,grouped,1,3,PN12-3.edf,307,192,5,15,63,97,17,0.5150390625000001
referential,PN12,3,h=1,1,3,PN12-3.edf,307,192,50,30,32,128,2,0.93828125
referential,PN12,3,h=4,1,3,PN12-3.edf,307,192,51,23,30,130,9,0.8675781250000001
referential,PN12,3,h=8,1,3,PN12-3.edf,307,192,28,24,38,122,8,0.8341796875
referential,PN12,3,h=16,1,3,PN12-3.edf,307,192,10,17,38,122,15,0.7455078125
referential,PN12,3,h=19,1,3,PN12-3.edf,307,192,5,15,63,97,17,0.5443359375
referential,PN12,3,grouped,2,3,PN12-4.edf,360,126,4,3,6,99,18,0.6693877551020408
referential,PN12,3,h=1,2,3,PN12-4.edf,360,126,69,18,3,102,3,0.9687074829931972
referential,PN12,3,h=4,2,3,PN12-4.edf,360,126,89,18,3,102,3,0.9641723356009071
referential,PN12,3,h=8,2,3,PN12-4.edf,360,126,39,16,5,100,5,0.9446712018140588
referential,PN12,3,h=16,2,3,PN12-4.edf,360,126,12,14,5,100,7,0.8312925170068027
referential,PN12,3,h=19,2,3,PN12-4.edf,360,126,21,6,5,100,15,0.5002267573696144
referential,PN14,3,grouped,0,4,PN14-1.edf,211,54,8,5,9,36,4,0.6617283950617284
referential,PN14,3,h=1,0,4,PN14-1.edf,211,54,44,8,3,42,1,0.9234567901234567
referential,PN14,3,h=4,0,4,PN14-1.edf,211,54,36,8,9,36,1,0.8691358024691358
referential,PN14,3,h=8,0,4,PN14-1.edf,211,54,24,0,1,44,9,0.7111111111111111
referential,PN14,3,h=16,0,4,PN14-1.edf,211,54,21,5,7,38,4,0.7382716049382716
referential,PN14,3,h=19,0,4,PN14-1.edf,211,54,16,0,4,41,9,0.38024691358024687
referential,PN14,3,grouped,1,4,PN14-2.edf,235,24,8,1,2,18,3,0.7125
referential,PN14,3,h=1,1,4,PN14-2.edf,235,24,65,3,3,17,1,0.7875
referential,PN14,3,h=4,1,4,PN14-2.edf,235,24,78,3,0,20,1,0.7625
referential,PN14,3,h=8,1,4,PN14-2.edf,235,24,84,3,1,19,1,0.8
referential,PN14,3,h=16,1,4,PN14-2.edf,235,24,17,2,2,18,2,0.7749999999999999
referential,PN14,3,h=19,1,4,PN14-2.edf,235,24,18,1,3,17,3,0.5125000000000001
referential,PN14,3,grouped,2,4,PN14-3.edf,192,78,14,6,3,62,7,0.7100591715976331
referential,PN14,3,h=1,2,4,PN14-3.edf,192,78,37,7,2,63,6,0.978698224852071
referential,PN14,3,h=4,2,4,PN14-3.edf,192,78,34,7,2,63,6,0.7254437869822485
referential,PN14,3,h=8,2,4,PN14-3.edf,192,78,71,9,4,61,4,0.749112426035503
referential,PN14,3,h=16,2,4,PN14-3.edf,192,78,19,8,1,64,5,0.765680473372781
referential,PN14,3,h=19,2,4,PN14-3.edf,192,78,27,7,1,64,6,0.7301775147928995
referential,PN14,3,grouped,3,4,PN14-4.edf,124,162,7,6,7,128,21,0.5947873799725653
referential,PN14,3,h=1,3,4,PN14-4.edf,124,162,47,19,10,125,8,0.9113854595336076
referential,PN14,3,h=4,3,4,PN14-4.edf,124,162,10,4,1,134,23,0.5344307270233197
referential,PN14,3,h=8,3,4,PN14-4.edf,124,162,22,11,14,121,16,0.6543209876543209
referential,PN14,3,h=16,3,4,PN14-4.edf,124,162,25,7,9,126,20,0.6364883401920438
referential,PN14,3,h=19,3,4,PN14-4.edf,124,162,9,6,7,128,21,0.6781893004115226
referential,PN00,5,grouped,0,5,PN00-1.edf,235,84,12,9,5,65,5,0.9377551020408164
referential,PN00,5,h=1,0,5,PN00-1.edf,235,84,96,11,3,67,3,0.9571428571428571
referential,PN00,5,h=4,0,5,PN00-1.edf,235,84,83,12,5,65,2,0.9561224489795919
referential,PN00,5,h=8,0,5,PN00-1.edf,235,84,93,11,2,68,3,0.9306122448979591
referential,PN00,5,h=16,0,5,PN00-1.edf,235,84,22,10,11,59,4,0.8908163265306123
referential,PN00,5,h=19,0,5,PN00-1.edf,235,84,11,9,9,61,5,0.8663265306122448
referential,PN00,5,grouped,1,5,PN00-2.edf,254,60,6,5,3,47,5,0.906
referential,PN00,5,h=1,1,5,PN00-2.edf,254,60,48,10,8,42,0,0.996
referential,PN00,5,h=4,1,5,PN00-2.edf,254,60,97,9,4,46,1,0.978
referential,PN00,5,h=8,1,5,PN00-2.edf,254,60,37,7,4,46,3,0.908
referential,PN00,5,h=16,1,5,PN00-2.edf,254,60,12,5,3,47,5,0.9380000000000001
referential,PN00,5,h=19,1,5,PN00-2.edf,254,60,12,6,3,47,4,0.93
referential,PN00,5,grouped,2,5,PN00-3.edf,244,72,18,11,4,56,1,0.9555555555555556
referential,PN00,5,h=1,2,5,PN00-3.edf,244,72,56,10,2,58,2,0.9263888888888888
referential,PN00,5,h=4,2,5,PN00-3.edf,244,72,99,10,3,57,2,0.9180555555555555
referential,PN00,5,h=8,2,5,PN00-3.edf,244,72,55,10,3,57,2,0.9263888888888889
referential,PN00,5,h=16,2,5,PN00-3.edf,244,72,20,10,8,52,2,0.8902777777777778
referential,PN00,5,h=19,2,5,PN00-3.edf,244,72,12,8,6,54,4,0.8597222222222222
referential,PN00,5,grouped,3,5,PN00-4.edf,235,84,18,4,9,61,10,0.7663265306122449
referential,PN00,5,h=1,3,5,PN00-4.edf,235,84,79,12,5,65,2,0.9673469387755101
referential,PN00,5,h=4,3,5,PN00-4.edf,235,84,98,10,6,64,4,0.9326530612244898
referential,PN00,5,h=8,3,5,PN00-4.edf,235,84,93,10,5,65,4,0.8918367346938776
referential,PN00,5,h=16,3,5,PN00-4.edf,235,84,72,6,7,63,8,0.7244897959183674
referential,PN00,5,h=19,3,5,PN00-4.edf,235,84,19,9,14,56,5,0.810204081632653
referential,PN00,5,grouped,4,5,PN00-5.edf,240,78,19,10,6,59,3,0.9053254437869823
referential,PN00,5,h=1,4,5,PN00-5.edf,240,78,93,11,0,65,2,0.98698224852071
referential,PN00,5,h=4,4,5,PN00-5.edf,240,78,84,12,5,60,1,0.9668639053254438
referential,PN00,5,h=8,4,5,PN00-5.edf,240,78,64,12,1,64,1,0.9443786982248521
referential,PN00,5,h=16,4,5,PN00-5.edf,240,78,59,12,11,54,1,0.902958579881657
referential,PN00,5,h=19,4,5,PN00-5.edf,240,78,25,12,3,62,1,0.9526627218934912
referential,PN06,5,grouped,0,5,PN06-1.edf,196,72,25,8,35,25,4,0.5319444444444444
referential,PN06,5,h=1,0,5,PN06-1.edf,196,72,98,8,5,55,4,0.9027777777777777
referential,PN06,5,h=4,0,5,PN06-1.edf,196,72,94,10,12,48,2,0.9430555555555555
referential,PN06,5,h=8,0,5,PN06-1.edf,196,72,91,11,12,48,1,0.8902777777777777
referential,PN06,5,h=16,0,5,PN06-1.edf,196,72,63,9,21,39,3,0.7277777777777777
referential,PN06,5,h=19,0,5,PN06-1.edf,196,72,25,2,17,43,10,0.5013888888888889
referential,PN06,5,grouped,1,5,PN06-2.edf,192,78,9,8,19,46,5,0.6023668639053255
referential,PN06,5,h=1,1,5,PN06-2.edf,192,78,92,12,12,53,1,0.9349112426035503
referential,PN06,5,h=4,1,5,PN06-2.edf,192,78,98,13,3,62,0,0.9928994082840236
referential,PN06,5,h=8,1,5,PN06-2.edf,192,78,33,8,16,49,5,0.7775147928994083
referential,PN06,5,h=16,1,5,PN06-2.edf,192,78,4,0,5,60,13,0.5124260355029586
referential,PN06,5,h=19,1,5,PN06-2.edf,192,78,9,3,12,53,10,0.591715976331361
referential,PN06,5,grouped,2,5,PN06-3.edf,216,48,41,7,5,35,1,0.934375
referential,PN06,5,h=1,2,5,PN06-3.edf,216,48,93,4,3,37,4,0.9
referential,PN06,5,h=4,2,5,PN06-3.edf,216,48,99,8,10,30,0,0.9656250000000001
referential,PN06,5,h=8,2,5,PN06-3.edf,216,48,98,4,2,38,4,0.915625
referential,PN06,5,h=16,2,5,PN06-3.edf,216,48,95,5,1,39,3,0.934375
referential,PN06,5,h=19,2,5,PN06-3.edf,216,48,31,6,1,39,2,0.971875
referential,PN06,5,grouped,3,5,PN06-4.edf,196,72,84,5,5,55,7,0.8527777777777777
referential,PN06,5,h=1,3,5,PN06-4.edf,196,72,91,12,11,49,0,0.9347222222222222
referential,PN06,5,h=4,3,5,PN06-4.edf,196,72,91,7,10,50,5,0.873611111111111
referential,PN06,5,h=8,3,5,PN06-4.edf,196,72,98,3,4,56,9,0.8930555555555556
referential,PN06,5,h=16,3,5,PN06-4.edf,196,72,72,4,4,56,8,0.8402777777777778
referential,PN06,5,h=19,3,5,PN06-4.edf,196,72,38,5,2,58,7,0.8472222222222222
referential,PN06,5,grouped,4,5,PN06-5.edf,216,48,39,2,3,37,6,0.803125
referential,PN06,5,h=1,4,5,PN06-5.edf,216,48,97,7,4,36,1,0.9781249999999999
referential,PN06,5,h=4,4,5,PN06-5.edf,216,48,98,3,0,40,5,0.8875
referential,PN06,5,h=8,4,5,PN06-5.edf,216,48,47,2,2,38,6,0.784375
referential,PN06,5,h=16,4,5,PN06-5.edf,216,48,40,1,3,37,7,0.6375
referential,PN06,5,h=19,4,5,PN06-5.edf,216,48,34,2,1,39,6,0.7312500000000001
referential,PN10,5,grouped,0,5,PN10-1.edf,259,78,30,3,17,48,10,0.5408284023668639
referential,PN10,5,h=1,0,5,PN10-1.edf,259,78,90,13,20,45,0,0.9644970414201184
referential,PN10,5,h=4,0,5,PN10-1.edf,259,78,83,9,24,41,4,0.7668639053254438
referential,PN10,5,h=8,0,5,PN10-1.edf,259,78,80,5,22,43,8,0.6118343195266271
referential,PN10,5,h=16,0,5,PN10-1.edf,259,78,43,7,19,46,6,0.6698224852071006
referential,PN10,5,h=19,0,5,PN10-1.edf,259,78,31,9,20,45,4,0.6982248520710059
referential,PN10,5,grouped,1,5,PN10-7.8.9.edf,249,90,14,15,52,23,0,0.736
referential,PN10,5,h=1,1,5,PN10-7.8.9.edf,249,90,95,13,13,62,2,0.9404444444444444
referential,PN10,5,h=4,1,5,PN10-7.8.9.edf,249,90,96,14,31,44,1,0.8222222222222222
referential,PN10,5,h=8,1,5,PN10-7.8.9.edf,249,90,57,15,36,39,0,0.7528888888888889
referential,PN10,5,h=16,1,5,PN10-7.8.9.edf,249,90,34,14,41,34,1,0.7315555555555555
referential,PN10,5,h=19,1,5,PN10-7.8.9.edf,249,90,26,12,32,43,3,0.7066666666666666
referential,PN10,5,grouped,2,5,PN10-4.5.6.edf,249,90,26,9,5,70,6,0.9226666666666666
referential,PN10,5,h=1,2,5,PN10-4.5.6.edf,249,90,36,3,2,73,12,0.9271111111111112
referential,PN10,5,h=4,2,5,PN10-4.5.6.edf,249,90,98,8,2,73,7,0.9440000000000001
referential,PN10,5,h=8,2,5,PN10-4.5.6.edf,249,90,97,7,1,74,8,0.976
referential,PN10,5,h=16,2,5,PN10-4.5.6.edf,249,90,29,10,2,73,5,0.9288888888888889
referential,PN10,5,h=19,2,5,PN10-4.5.6.edf,249,90,14,10,3,72,5,0.9440000000000001
referential,PN10,5,grouped,3,5,PN10-3.edf,264,72,12,11,16,44,1,0.8819444444444444
referential,PN10,5,h=1,3,5,PN10-3.edf,264,72,40,9,1,59,3,0.9347222222222222
referential,PN10,5,h=4,3,5,PN10-3.edf,264,72,51,11,14,46,1,0.9458333333333333
referential,PN10,5,h=8,3,5,PN10-3.edf,264,72,49,11,9,51,1,0.9388888888888888
referential,PN10,5,h=16,3,5,PN10-3.edf,264,72,37,11,29,31,1,0.9333333333333333
referential,PN10,5,h=19,3,5,PN10-3.edf,264,72,18,12,55,5,0,0.811111111111111
referential,PN10,5,grouped,4,5,PN10-10.edf;PN10-2.edf,264,72,22,11,1,59,1,0.986111111111111
referential,PN10,5,h=1,4,5,PN10-10.edf;PN10-2.edf,264,72,61,8,0,60,4,0.8833333333333333
referential,PN10,5,h=4,4,5,PN10-10.edf;PN10-2.edf,264,72,81,5,0,60,7,0.9680555555555556
referential,PN10,5,h=8,4,5,PN10-10.edf;PN10-2.edf,264,72,41,7,0,60,5,0.9083333333333333
referential,PN10,5,h=16,4,5,PN10-10.edf;PN10-2.edf,264,72,77,7,2,58,5,0.925
referential,PN10,5,h=19,4,5,PN10-10.edf;PN10-2.edf,264,72,27,8,1,59,4,0.9583333333333334
referential,PN12,5,grouped,0,3,PN12-1.2.edf,148,150,18,24,17,108,1,0.94944
referential,PN12,5,h=1,0,3,PN12-1.2.edf,148,150,90,21,14,111,4,0.9488000000000001
referential,PN12,5,h=4,0,3,PN12-1.2.edf,148,150,1,0,0,125,25,0.86944
referential,PN12,5,h=8,0,3,PN12-1.2.edf,148,150,1,0,0,125,25,0.83232
referential,PN12,5,h=16,0,3,PN12-1.2.edf,148,150,1,0,0,125,25,0.8163199999999999
referential,PN12,5,h=19,0,3,PN12-1.2.edf,148,150,17,23,16,109,2,0.94848
referential,PN12,5,grouped,1,3,PN12-3.edf,177,114,20,10,38,57,9,0.6038781163434902
referential,PN12,5,h=1,1,3,PN12-3.edf,177,114,99,16,17,78,3,0.9307479224376731
referential,PN12,5,h=4,1,3,PN12-3.edf,177,114,92,13,11,84,6,0.9080332409972298
referential,PN12,5,h=8,1,3,PN12-3.edf,177,114,75,13,15,80,6,0.8315789473684211
referential,PN12,5,h=16,1,3,PN12-3.edf,177,114,28,11,22,73,8,0.7457063711911357
referential,PN12,5,h=19,1,3,PN12-3.edf,177,114,21,9,45,50,10,0.5584487534626039
referential,PN12,5,grouped,2,3,PN12-4.edf,211,72,12,3,6,54,9,0.8319444444444444
referential,PN12,5,h=1,2,3,PN12-4.edf,211,72,17,5,4,56,7,0.7902777777777777
referential,PN12,5,h=4,2,3,PN12-4.edf,211,72,28,7,9,51,5,0.836111111111111
referential,PN12,5,h=8,2,3,PN12-4.edf,211,72,23,7,7,53,5,0.8875000000000001
referential,PN12,5,h=16,2,3,PN12-4.edf,211,72,10,2,0,60,10,0.7333333333333333
referential,PN12,5,h=19,2,3,PN12-4.edf,211,72,17,3,0,60,9,0.8152777777777778
referential,PN14,5,grouped,0,4,PN14-1.edf,124,30,8,3,4,21,2,0.648
referential,PN14,5,h=1,0,4,PN14-1.edf,124,30,79,5,2,23,0,0.9520000000000001
referential,PN14,5,h=4,0,4,PN14-1.edf,124,30,99,4,4,21,1,0.8960000000000001
referential,PN14,5,h=8,0,4,PN14-1.edf,124,30,70,3,3,22,2,0.784
referential,PN14,5,h=16,0,4,PN14-1.edf,124,30,36,3,3,22,2,0.728
referential,PN14,5,h=19,0,4,PN14-1.edf,124,30,16,3,5,20,2,0.6080000000000001
referential,PN14,5,grouped,1,4,PN14-2.edf,139,12,8,1,1,9,1,0.85
referential,PN14,5,h=1,1,4,PN14-2.edf,139,12,53,1,0,10,1,0.9
referential,PN14,5,h=4,1,4,PN14-2.edf,139,12,93,1,1,9,1,0.7999999999999999
referential,PN14,5,h=8,1,4,PN14-2.edf,139,12,86,1,0,10,1,1.0
referential,PN14,5,h=16,1,4,PN14-2.edf,139,12,31,1,0,10,1,0.9500000000000001
referential,PN14,5,h=19,1,4,PN14-2.edf,139,12,33,1,1,9,1,0.6000000000000001
referential,PN14,5,grouped,2,4,PN14-3.edf,110,48,16,5,2,38,3,0.809375
referential,PN14,5,h=1,2,4,PN14-3.edf,110,48,36,3,5,35,5,0.90625
referential,PN14,5,h=4,2,4,PN14-3.edf,110,48,13,2,2,38,6,0.853125
referential,PN14,5,h=8,2,4,PN14-3.edf,110,48,1,0,0,40,8,0.825
referential,PN14,5,h=16,2,4,PN14-3.edf,110,48,27,4,4,36,4,0.8937499999999999
referential,PN14,5,h=19,2,4,PN14-3.edf,110,48,21,5,3,37,3,0.7031250000000001
referential,PN14,5,grouped,3,4,PN14-4.edf,72,96,35,4,4,76,12,0.71953125
referential,PN14,5,h=1,3,4,PN14-4.edf,72,96,99,12,1,79,4,0.9226562500000001
referential,PN14,5,h=4,3,4,PN14-4.edf,72,96,92,10,6,74,6,0.8390625
referential,PN14,5,h=8,3,4,PN14-4.edf,72,96,90,7,6,74,9,0.88828125
referential,PN14,5,h=16,3,4,PN14-4.edf,72,96,83,5,12,68,11,0.54140625
referential,PN14,5,h=19,3,4,PN14-4.edf,72,96,38,6,8,72,10,0.7992187500000001
referential,PN00,8,grouped,0,5,PN00-1.edf,144,48,33,7,0,40,1,1.0
referential,PN00,8,h=1,0,5,PN00-1.edf,144,48,78,5,1,39,3,0.9812500000000001
referential,PN00,8,h=4,0,5,PN00-1.edf,144,48,96,6,2,38,2,0.9874999999999999
referential,PN00,8,h=8,0,5,PN00-1.edf,144,48,92,5,0,40,3,0.975
referential,PN00,8,h=16,0,5,PN00-1.edf,144,48,45,3,7,33,5,0.8125
referential,PN00,8,h=19,0,5,PN00-1.edf,144,48,34,6,0,40,2,1.0
referential,PN00,8,grouped,1,5,PN00-2.edf,153,36,20,5,2,28,1,0.9833333333333334
referential,PN00,8,h=1,1,5,PN00-2.edf,153,36,96,6,0,30,0,1.0
referential,PN00,8,h=4,1,5,PN00-2.edf,153,36,95,6,0,30,0,1.0
referential,PN00,8,h=8,1,5,PN00-2.edf,153,36,85,4,1,29,2,0.9777777777777777
referential,PN00,8,h=16,1,5,PN00-2.edf,153,36,35,5,2,28,1,0.9444444444444445
referential,PN00,8,h=19,1,5,PN00-2.edf,153,36,16,2,1,29,4,0.8500000000000001
referential,PN00,8,grouped,2,5,PN00-3.edf,148,42,22,6,7,28,1,0.9020408163265307
referential,PN00,8,h=1,2,5,PN00-3.edf,148,42,94,6,4,31,1,0.8857142857142857
referential,PN00,8,h=4,2,5,PN00-3.edf,148,42,99,4,5,30,3,0.8040816326530612
referential,PN00,8,h=8,2,5,PN00-3.edf,148,42,97,5,6,29,2,0.8326530612244898
referential,PN00,8,h=16,2,5,PN00-3.edf,148,42,60,4,9,26,3,0.7306122448979592
referential,PN00,8,h=19,2,5,PN00-3.edf,148,42,41,5,4,31,2,0.8285714285714285
referential,PN00,8,grouped,3,5,PN00-4.edf,139,54,34,5,6,39,4,0.8246913580246913
referential,PN00,8,h=1,3,5,PN00-4.edf,139,54,95,8,4,41,1,0.9209876543209876
referential,PN00,8,h=4,3,5,PN00-4.edf,139,54,96,7,3,42,2,0.9160493827160494
referential,PN00,8,h=8,3,5,PN00-4.edf,139,54,61,4,6,39,5,0.8691358024691358
referential,PN00,8,h=16,3,5,PN00-4.edf,139,54,63,3,3,42,6,0.7555555555555555
referential,PN00,8,h=19,3,5,PN00-4.edf,139,54,51,3,8,37,6,0.7432098765432098
referential,PN00,8,grouped,4,5,PN00-5.edf,144,48,42,5,4,36,3,0.91875
referential,PN00,8,h=1,4,5,PN00-5.edf,144,48,98,7,0,40,1,0.984375
referential,PN00,8,h=4,4,5,PN00-5.edf,144,48,5,2,3,37,6,0.746875
referential,PN00,8,h=8,4,5,PN00-5.edf,144,48,4,1,0,40,7,0.75
referential,PN00,8,h=16,4,5,PN00-5.edf,144,48,55,6,4,36,2,0.903125
referential,PN00,8,h=19,4,5,PN00-5.edf,144,48,59,6,3,37,2,0.9437500000000001
referential,PN06,8,grouped,0,5,PN06-1.edf,120,48,38,1,8,32,7,0.44999999999999996
referential,PN06,8,h=1,0,5,PN06-1.edf,120,48,99,6,6,34,2,0.821875
referential,PN06,8,h=4,0,5,PN06-1.edf,120,48,99,7,6,34,1,0.89375
referential,PN06,8,h=8,0,5,PN06-1.edf,120,48,96,5,16,24,3,0.7125
referential,PN06,8,h=16,0,5,PN06-1.edf,120,48,31,3,8,32,5,0.49374999999999997
referential,PN06,8,h=19,0,5,PN06-1.edf,120,48,18,1,7,33,7,0.453125
referential,PN06,8,grouped,1,5,PN06-2.edf,120,48,39,2,4,36,6,0.80625
referential,PN06,8,h=1,1,5,PN06-2.edf,120,48,99,6,7,33,2,0.859375
referential,PN06,8,h=4,1,5,PN06-2.edf,120,48,99,7,10,30,1,0.9031250000000001
referential,PN06,8,h=8,1,5,PN06-2.edf,120,48,98,6,4,36,2,0.8125
referential,PN06,8,h=16,1,5,PN06-2.edf,120,48,68,1,2,38,7,0.678125
referential,PN06,8,h=19,1,5,PN06-2.edf,120,48,30,1,2,38,7,0.70625
referential,PN06,8,grouped,2,5,PN06-3.edf,134,30,24,2,2,23,3,0.808
referential,PN06,8,h=1,2,5,PN06-3.edf,134,30,97,1,3,22,4,0.776
referential,PN06,8,h=4,2,5,PN06-3.edf,134,30,98,4,10,15,1,0.8
referential,PN06,8,h=8,2,5,PN06-3.edf,134,30,96,5,11,14,0,0.88
referential,PN06,8,h=16,2,5,PN06-3.edf,134,30,98,3,2,23,2,0.928
referential,PN06,8,h=19,2,5,PN06-3.edf,134,30,24,4,3,22,1,0.8800000000000001
referential,PN06,8,grouped,3,5,PN06-4.edf,124,42,30,3,6,29,4,0.7591836734693878
referential,PN06,8,h=1,3,5,PN06-4.edf,124,42,96,7,8,27,0,0.9102040816326531
referential,PN06,8,h=4,3,5,PN06-4.edf,124,42,96,6,8,27,1,0.8612244897959184
referential,PN06,8,h=8,3,5,PN06-4.edf,124,42,98,5,15,20,2,0.6040816326530613
referential,PN06,8,h=16,3,5,PN06-4.edf,124,42,71,3,8,27,4,0.7877551020408163
referential,PN06,8,h=19,3,5,PN06-4.edf,124,42,12,1,2,33,6,0.7632653061224489
referential,PN06,8,grouped,4,5,PN06-5.edf,134,30,53,1,0,25,4,0.664
referential,PN06,8,h=1,4,5,PN06-5.edf,134,30,99,2,5,20,3,0.8160000000000001
referential,PN06,8,h=4,4,5,PN06-5.edf,134,30,99,2,4,21,3,0.8
referential,PN06,8,h=8,4,5,PN06-5.edf,134,30,98,0,0,25,5,0.8
referential,PN06,8,h=16,4,5,PN06-5.edf,134,30,98,1,0,25,4,0.6880000000000001
referential,PN06,8,h=19,4,5,PN06-5.edf,134,30,20,2,4,21,3,0.696
referential,PN10,8,grouped,0,5,PN10-1.edf,153,48,96,2,8,32,6,0.53125
referential,PN10,8,h=1,0,5,PN10-1.edf,153,48,71,8,7,33,0,0.959375
referential,PN10,8,h=4,0,5,PN10-1.edf,153,48,89,6,13,27,2,0.821875
referential,PN10,8,h=8,0,5,PN10-1.edf,153,48,96,5,11,29,3,0.765625
referential,PN10,8,h=16,0,5,PN10-1.edf,153,48,57,4,9,31,4,0.74375
referential,PN10,8,h=19,0,5,PN10-1.edf,153,48,26,4,8,32,4,0.696875
referential,PN10,8,grouped,1,5,PN10-7.8.9.edf,148,54,13,9,25,20,0,0.871604938271605
referential,PN10,8,h=1,1,5,PN10-7.8.9.edf,148,54,34,8,11,34,1,0.8814814814814815
referential,PN10,8,h=4,1,5,PN10-7.8.9.edf,148,54,60,9,27,18,0,0.7703703703703704
referential,PN10,8,h=8,1,5,PN10-7.8.9.edf,148,54,35,9,31,14,0,0.7185185185185186
referential,PN10,8,h=16,1,5,PN10-7.8.9.edf,148,54,20,9,22,23,0,0.8148148148148148
referential,PN10,8,h=19,1,5,PN10-7.8.9.edf,148,54,27,9,27,18,0,0.8617283950617285
referential,PN10,8,grouped,2,5,PN10-4.5.6.edf,148,54,40,8,0,45,1,1.0
referential,PN10,8,h=1,2,5,PN10-4.5.6.edf,148,54,97,3,0,45,6,0.9481481481481482
referential,PN10,8,h=4,2,5,PN10-4.5.6.edf,148,54,95,7,2,43,2,0.9629629629629629
referential,PN10,8,h=8,2,5,PN10-4.5.6.edf,148,54,96,9,1,44,0,0.9950617283950617
referential,PN10,8,h=16,2,5,PN10-4.5.6.edf,148,54,82,5,1,44,4,0.9777777777777777
referential,PN10,8,h=19,2,5,PN10-4.5.6.edf,148,54,38,7,0,45,2,0.9975308641975308
referential,PN10,8,grouped,3,5,PN10-3.edf,158,42,27,7,19,16,0,0.9510204081632653
referential,PN10,8,h=1,3,5,PN10-3.edf,158,42,77,6,5,30,1,0.9306122448979592
referential,PN10,8,h=4,3,5,PN10-3.edf,158,42,12,0,1,34,7,0.8775510204081631
referential,PN10,8,h=8,3,5,PN10-3.edf,158,42,54,5,2,33,2,0.9673469387755103
referential,PN10,8,h=16,3,5,PN10-3.edf,158,42,90,7,11,24,0,0.9836734693877551
referential,PN10,8,h=19,3,5,PN10-3.edf,158,42,27,7,30,5,0,0.9020408163265305
referential,PN10,8,grouped,4,5,PN10-10.edf;PN10-2.edf,158,42,17,5,0,35,2,1.0
referential,PN10,8,h=1,4,5,PN10-10.edf;PN10-2.edf,158,42,53,5,3,32,2,0.9020408163265305
referential,PN10,8,h=4,4,5,PN10-10.edf;PN10-2.edf,158,42,70,7,4,31,0,0.9795918367346939
referential,PN10,8,h=8,4,5,PN10-10.edf;PN10-2.edf,158,42,39,4,0,35,3,0.8489795918367347
referential,PN10,8,h=16,4,5,PN10-10.edf;PN10-2.edf,158,42,30,3,0,35,4,0.9469387755102041
referential,PN10,8,h=19,4,5,PN10-10.edf;PN10-2.edf,158,42,16,4,0,35,3,0.9877551020408163
referential,PN12,8,grouped,0,3,PN12-1.2.edf,91,90,45,13,19,56,2,0.8977777777777778
referential,PN12,8,h=1,0,3,PN12-1.2.edf,91,90,96,13,15,60,2,0.9155555555555556
referential,PN12,8,h=4,0,3,PN12-1.2.edf,91,90,78,14,19,56,1,0.9155555555555557
referential,PN12,8,h=8,0,3,PN12-1.2.edf,91,90,63,13,15,60,2,0.9182222222222222
referential,PN12,8,h=16,0,3,PN12-1.2.edf,91,90,56,15,10,65,0,0.9368888888888889
referential,PN12,8,h=19,0,3,PN12-1.2.edf,91,90,71,13,10,65,2,0.9111111111111112
referential,PN12,8,grouped,1,3,PN12-3.edf,105,72,28,5,18,42,7,0.5819444444444445
referential,PN12,8,h=1,1,3,PN12-3.edf,105,72,43,9,9,51,3,0.9097222222222221
referential,PN12,8,h=4,1,3,PN12-3.edf,105,72,36,8,12,48,4,0.8472222222222221
referential,PN12,8,h=8,1,3,PN12-3.edf,105,72,69,7,5,55,5,0.8791666666666667
referential,PN12,8,h=16,1,3,PN12-3.edf,105,72,25,6,9,51,6,0.7305555555555555
referential,PN12,8,h=19,1,3,PN12-3.edf,105,72,30,7,40,20,5,0.475
referential,PN12,8,grouped,2,3,PN12-4.edf,129,42,42,1,1,34,6,0.6571428571428571
referential,PN12,8,h=1,2,3,PN12-4.edf,129,42,89,1,2,33,6,0.8816326530612245
referential,PN12,8,h=4,2,3,PN12-4.edf,129,42,98,3,2,33,4,0.8693877551020408
referential,PN12,8,h=8,2,3,PN12-4.edf,129,42,89,3,2,33,4,0.8938775510204082
referential,PN12,8,h=16,2,3,PN12-4.edf,129,42,57,4,1,34,3,0.9551020408163265
referential,PN12,8,h=19,2,3,PN12-4.edf,129,42,44,2,0,35,5,0.5714285714285714
referential,PN14,8,grouped,0,4,PN14-1.edf,76,18,28,2,0,15,1,0.6888888888888889
referential,PN14,8,h=1,0,4,PN14-1.edf,76,18,95,2,0,15,1,0.9555555555555556
referential,PN14,8,h=4,0,4,PN14-1.edf,76,18,58,2,0,15,1,0.6888888888888889
referential,PN14,8,h=8,0,4,PN14-1.edf,76,18,98,1,1,14,2,0.8666666666666667
referential,PN14,8,h=16,0,4,PN14-1.edf,76,18,45,2,1,14,1,0.7777777777777778
referential,PN14,8,h=19,0,4,PN14-1.edf,76,18,43,0,0,15,3,0.6888888888888889
referential,PN14,8,grouped,1,4,PN14-2.edf,86,6,15,0,0,5,1,0.8
referential,PN14,8,h=1,1,4,PN14-2.edf,86,6,60,0,0,5,1,0.6
referential,PN14,8,h=4,1,4,PN14-2.edf,86,6,29,0,0,5,1,0.19999999999999996
referential,PN14,8,h=8,1,4,PN14-2.edf,86,6,59,0,1,4,1,0.19999999999999996
referential,PN14,8,h=16,1,4,PN14-2.edf,86,6,30,0,0,5,1,1.0
referential,PN14,8,h=19,1,4,PN14-2.edf,86,6,23,0,0,5,1,1.0
referential,PN14,8,grouped,2,4,PN14-3.edf,67,30,94,1,0,25,4,0.6799999999999999
referential,PN14,8,h=1,2,4,PN14-3.edf,67,30,1,0,0,25,5,0.11200000000000002
referential,PN14,8,h=4,2,4,PN14-3.edf,67,30,34,0,0,25,5,0.72
referential,PN14,8,h=8,2,4,PN14-3.edf,67,30,94,4,0,25,1,0.9359999999999999
referential,PN14,8,h=16,2,4,PN14-3.edf,67,30,90,3,2,23,2,0.8240000000000001
referential,PN14,8,h=19,2,4,PN14-3.edf,67,30,51,2,4,21,3,0.6319999999999999
referential,PN14,8,grouped,3,4,PN14-4.edf,43,60,0,0,0,50,10,0.588
referential,PN14,8,h=1,3,4,PN14-4.edf,43,60,4,0,0,50,10,0.61
referential,PN14,8,h=4,3,4,PN14-4.edf,43,60,5,0,0,50,10,0.616
referential,PN14,8,h=8,3,4,PN14-4.edf,43,60,2,0,0,50,10,0.588
referential,PN14,8,h=16,3,4,PN14-4.edf,43,60,4,1,0,50,9,0.6
referential,PN14,8,h=19,3,4,PN14-4.edf,43,60,11,1,3,47,9,0.712
referential,PN00,10,grouped,0,5,PN00-1.edf,115,42,10,4,8,27,3,0.8571428571428572
referential,PN00,10,h=1,0,5,PN00-1.edf,115,42,87,6,0,35,1,0.9877551020408163
referential,PN00,10,h=4,0,5,PN00-1.edf,115,42,36,4,7,28,3,0.8081632653061225
referential,PN00,10,h=8,0,5,PN00-1.edf,115,42,33,3,5,30,4,0.8122448979591836
referential,PN00,10,h=16,0,5,PN00-1.edf,115,42,57,6,5,30,1,0.942857142857143
referential,PN00,10,h=19,0,5,PN00-1.edf,115,42,13,4,7,28,3,0.8204081632653062
referential,PN00,10,grouped,1,5,PN00-2.edf,124,30,26,3,1,24,2,0.928
referential,PN00,10,h=1,1,5,PN00-2.edf,124,30,99,5,1,24,0,1.0
referential,PN00,10,h=4,1,5,PN00-2.edf,124,30,97,5,2,23,0,1.0
referential,PN00,10,h=8,1,5,PN00-2.edf,124,30,97,4,5,20,1,0.9359999999999999
referential,PN00,10,h=16,1,5,PN00-2.edf,124,30,43,5,3,22,0,0.984
referential,PN00,10,h=19,1,5,PN00-2.edf,124,30,22,3,3,22,2,0.9359999999999999
referential,PN00,10,grouped,2,5,PN00-3.edf,120,36,32,4,3,27,2,0.9000000000000001
referential,PN00,10,h=1,2,5,PN00-3.edf,120,36,57,5,8,22,1,0.8722222222222222
referential,PN00,10,h=4,2,5,PN00-3.edf,120,36,99,5,4,26,1,0.8777777777777779
referential,PN00,10,h=8,2,5,PN00-3.edf,120,36,97,5,5,25,1,0.888888888888889
referential,PN00,10,h=16,2,5,PN00-3.edf,120,36,20,5,5,25,1,0.8944444444444445
referential,PN00,10,h=19,2,5,PN00-3.edf,120,36,21,5,4,26,1,0.9277777777777778
referential,PN00,10,grouped,3,5,PN00-4.edf,115,42,18,1,3,32,6,0.7714285714285715
referential,PN00,10,h=1,3,5,PN00-4.edf,115,42,95,6,0,35,1,0.963265306122449
referential,PN00,10,h=4,3,5,PN00-4.edf,115,42,97,6,1,34,1,0.9795918367346939
referential,PN00,10,h=8,3,5,PN00-4.edf,115,42,95,3,1,34,4,0.9306122448979591
referential,PN00,10,h=16,3,5,PN00-4.edf,115,42,78,2,3,32,5,0.7102040816326531
referential,PN00,10,h=19,3,5,PN00-4.edf,115,42,32,2,7,28,5,0.7306122448979592
referential,PN00,10,grouped,4,5,PN00-5.edf,120,36,44,3,2,28,3,0.8555555555555556
referential,PN00,10,h=1,4,5,PN00-5.edf,120,36,95,5,0,30,1,0.9833333333333334
referential,PN00,10,h=4,4,5,PN00-5.edf,120,36,98,5,4,26,1,0.9555555555555556
referential,PN00,10,h=8,4,5,PN00-5.edf,120,36,97,5,0,30,1,0.9722222222222223
referential,PN00,10,h=16,4,5,PN00-5.edf,120,36,59,3,0,30,3,0.9055555555555556
referential,PN00,10,h=19,4,5,PN00-5.edf,120,36,99,4,0,30,2,0.9388888888888889
referential,PN06,10,grouped,0,5,PN06-1.edf,96,36,7,0,4,26,6,0.20555555555555555
referential,PN06,10,h=1,0,5,PN06-1.edf,96,36,97,5,1,29,1,0.8333333333333334
referential,PN06,10,h=4,0,5,PN06-1.edf,96,36,53,4,3,27,2,0.7944444444444444
referential,PN06,10,h=8,0,5,PN06-1.edf,96,36,57,4,9,21,2,0.8222222222222222
referential,PN06,10,h=16,0,5,PN06-1.edf,96,36,26,0,8,22,6,0.23888888888888887
referential,PN06,10,h=19,0,5,PN06-1.edf,96,36,8,0,0,30,6,0.2388888888888889
referential,PN06,10,grouped,1,5,PN06-2.edf,96,36,77,4,1,29,2,0.8722222222222222
referential,PN06,10,h=1,1,5,PN06-2.edf,96,36,97,5,8,22,1,0.7388888888888889
referential,PN06,10,h=4,1,5,PN06-2.edf,96,36,99,6,9,21,0,0.888888888888889
referential,PN06,10,h=8,1,5,PN06-2.edf,96,36,97,4,5,25,2,0.7666666666666666
referential,PN06,10,h=16,1,5,PN06-2.edf,96,36,75,5,6,24,1,0.8944444444444446
referential,PN06,10,h=19,1,5,PN06-2.edf,96,36,79,4,1,29,2,0.788888888888889
referential,PN06,10,grouped,2,5,PN06-3.edf,105,24,98,3,1,19,1,0.8374999999999999
referential,PN06,10,h=1,2,5,PN06-3.edf,105,24,98,1,0,20,3,0.9375
referential,PN06,10,h=4,2,5,PN06-3.edf,105,24,98,4,6,14,0,0.9750000000000001
referential,PN06,10,h=8,2,5,PN06-3.edf,105,24,2,0,0,20,4,0.6749999999999999
referential,PN06,10,h=16,2,5,PN06-3.edf,105,24,36,1,2,18,3,0.8625
referential,PN06,10,h=19,2,5,PN06-3.edf,105,24,26,2,1,19,2,0.9375
referential,PN06,10,grouped,3,5,PN06-4.edf,96,36,9,0,0,30,6,0.7
referential,PN06,10,h=1,3,5,PN06-4.edf,96,36,99,6,3,27,0,0.9444444444444444
referential,PN06,10,h=4,3,5,PN06-4.edf,96,36,99,6,14,16,0,0.8888888888888888
referential,PN06,10,h=8,3,5,PN06-4.edf,96,36,99,4,4,26,2,0.8500000000000001
referential,PN06,10,h=16,3,5,PN06-4.edf,96,36,61,3,1,29,3,0.6888888888888889
referential,PN06,10,h=19,3,5,PN06-4.edf,96,36,4,0,0,30,6,0.7222222222222222
referential,PN06,10,grouped,4,5,PN06-5.edf,105,24,29,1,2,18,3,0.5875
referential,PN06,10,h=1,4,5,PN06-5.edf,105,24,98,3,4,16,1,0.8625
referential,PN06,10,h=4,4,5,PN06-5.edf,105,24,99,1,2,18,3,0.8500000000000001
referential,PN06,10,h=8,4,5,PN06-5.edf,105,24,75,0,2,18,4,0.75
referential,PN06,10,h=16,4,5,PN06-5.edf,105,24,45,1,3,17,3,0.675
referential,PN06,10,h=19,4,5,PN06-5.edf,105,24,21,1,1,19,3,0.7374999999999999
referential,PN10,10,grouped,0,5,PN10-1.edf,115,36,31,1,7,23,5,0.5111111111111111
referential,PN10,10,h=1,0,5,PN10-1.edf,115,36,96,6,4,26,0,1.0
referential,PN10,10,h=4,0,5,PN10-1.edf,115,36,76,3,7,23,3,0.7944444444444445
referential,PN10,10,h=8,0,5,PN10-1.edf,115,36,86,1,7,23,5,0.6277777777777778
referential,PN10,10,h=16,0,5,PN10-1.edf,115,36,62,3,10,20,3,0.6722222222222223
referential,PN10,10,h=19,0,5,PN10-1.edf,115,36,29,2,2,28,4,0.8
referential,PN10,10,grouped,1,5,PN10-4.5.6.edf,115,36,28,6,2,28,0,0.9888888888888889
referential,PN10,10,h=1,1,5,PN10-4.5.6.edf,115,36,96,4,0,30,2,0.9500000000000001
referential,PN10,10,h=4,1,5,PN10-4.5.6.edf,115,36,11,0,1,29,6,0.8833333333333334
referential,PN10,10,h=8,1,5,PN10-4.5.6.edf,115,36,27,1,1,29,5,0.8777777777777778
referential,PN10,10,h=16,1,5,PN10-4.5.6.edf,115,36,48,5,1,29,1,0.9777777777777779
referential,PN10,10,h=19,1,5,PN10-4.5.6.edf,115,36,53,6,1,29,0,0.9666666666666667
referential,PN10,10,grouped,2,5,PN10-7.8.9.edf,115,36,35,6,20,10,0,0.8444444444444444
referential,PN10,10,h=1,2,5,PN10-7.8.9.edf,115,36,65,1,0,30,5,0.9388888888888889
referential,PN10,10,h=4,2,5,PN10-7.8.9.edf,115,36,23,6,25,5,0,0.6555555555555556
referential,PN10,10,h=8,2,5,PN10-7.8.9.edf,115,36,19,6,24,6,0,0.6388888888888888
referential,PN10,10,h=16,2,5,PN10-7.8.9.edf,115,36,36,6,20,10,0,0.8388888888888889
referential,PN10,10,h=19,2,5,PN10-7.8.9.edf,115,36,27,6,20,10,0,0.7722222222222223
referential,PN10,10,grouped,3,5,PN10-3.edf,115,36,63,6,11,19,0,0.9833333333333334
referential,PN10,10,h=1,3,5,PN10-3.edf,115,36,63,5,2,28,1,0.9777777777777779
referential,PN10,10,h=4,3,5,PN10-3.edf,115,36,75,6,6,24,0,0.9666666666666668
referential,PN10,10,h=8,3,5,PN10-3.edf,115,36,56,5,1,29,1,0.9666666666666668
referential,PN10,10,h=16,3,5,PN10-3.edf,115,36,65,6,5,25,0,0.9944444444444445
referential,PN10,10,h=19,3,5,PN10-3.edf,115,36,25,6,22,8,0,0.8388888888888889
referential,PN10,10,grouped,4,5,PN10-10.edf;PN10-2.edf,115,36,31,5,0,30,1,0.9833333333333334
referential,PN10,10,h=1,4,5,PN10-10.edf;PN10-2.edf,115,36,87,5,1,29,1,0.9555555555555556
referential,PN10,10,h=4,4,5,PN10-10.edf;PN10-2.edf,115,36,98,4,1,29,2,0.9555555555555556
referential,PN10,10,h=8,4,5,PN10-10.edf;PN10-2.edf,115,36,21,2,2,28,4,0.8222222222222223
referential,PN10,10,h=16,4,5,PN10-10.edf;PN10-2.edf,115,36,27,3,1,29,3,0.8833333333333333
referential,PN10,10,h=19,4,5,PN10-10.edf;PN10-2.edf,115,36,34,4,1,29,2,0.9388888888888889
referential,PN12,10,grouped,0,3,PN12-1.2.edf,72,72,41,11,7,53,1,0.9361111111111111
referential,PN12,10,h=1,0,3,PN12-1.2.edf,72,72,96,10,12,48,2,0.9069444444444444
referential,PN12,10,h=4,0,3,PN12-1.2.edf,72,72,99,10,14,46,2,0.8944444444444445
referential,PN12,10,h=8,0,3,PN12-1.2.edf,72,72,99,12,15,45,0,0.913888888888889
referential,PN12,10,h=16,0,3,PN12-1.2.edf,72,72,99,11,10,50,1,0.9569444444444445
referential,PN12,10,h=19,0,3,PN12-1.2.edf,72,72,38,9,6,54,3,0.9166666666666667
referential,PN12,10,grouped,1,3,PN12-3.edf,86,54,28,4,11,34,5,0.6172839506172839
referential,PN12,10,h=1,1,3,PN12-3.edf,86,54,75,9,5,40,0,0.9728395061728394
referential,PN12,10,h=4,1,3,PN12-3.edf,86,54,58,4,3,42,5,0.8962962962962964
referential,PN12,10,h=8,1,3,PN12-3.edf,86,54,93,4,3,42,5,0.9234567901234568
referential,PN12,10,h=16,1,3,PN12-3.edf,86,54,44,5,6,39,4,0.7827160493827161
referential,PN12,10,h=19,1,3,PN12-3.edf,86,54,15,4,16,29,5,0.6098765432098765
referential,PN12,10,grouped,2,3,PN12-4.edf,100,36,26,1,3,27,5,0.6166666666666667
referential,PN12,10,h=1,2,3,PN12-4.edf,100,36,31,2,2,28,4,0.6666666666666666
referential,PN12,10,h=4,2,3,PN12-4.edf,100,36,69,3,3,27,3,0.85
referential,PN12,10,h=8,2,3,PN12-4.edf,100,36,54,3,1,29,3,0.8944444444444446
referential,PN12,10,h=16,2,3,PN12-4.edf,100,36,85,5,1,29,1,0.9777777777777779
referential,PN12,10,h=19,2,3,PN12-4.edf,100,36,25,2,0,30,4,0.5611111111111111
referential,PN14,10,grouped,0,4,PN14-1.edf,62,12,51,1,0,10,1,0.65
referential,PN14,10,h=1,0,4,PN14-1.edf,62,12,3,0,0,10,2,0.9
referential,PN14,10,h=4,0,4,PN14-1.edf,62,12,1,0,0,10,2,0.9
referential,PN14,10,h=8,0,4,PN14-1.edf,62,12,4,0,0,10,2,0.5
referential,PN14,10,h=16,0,4,PN14-1.edf,62,12,3,0,0,10,2,0.44999999999999996
referential,PN14,10,h=19,0,4,PN14-1.edf,62,12,0,0,0,10,2,0.2
referential,PN14,10,grouped,1,4,PN14-2.edf,67,6,35,1,2,3,0,0.8
referential,PN14,10,h=1,1,4,PN14-2.edf,67,6,44,0,1,4,1,0.6
referential,PN14,10,h=4,1,4,PN14-2.edf,67,6,66,0,1,4,1,0.4
referential,PN14,10,h=8,1,4,PN14-2.edf,67,6,96,0,1,4,1,0.4
referential,PN14,10,h=16,1,4,PN14-2.edf,67,6,44,0,2,3,1,0.6
referential,PN14,10,h=19,1,4,PN14-2.edf,67,6,39,1,2,3,0,0.6
referential,PN14,10,grouped,2,4,PN14-3.edf,52,24,38,2,0,20,2,0.7499999999999999
referential,PN14,10,h=1,2,4,PN14-3.edf,52,24,99,2,0,20,2,1.0
referential,PN14,10,h=4,2,4,PN14-3.edf,52,24,86,3,3,17,1,0.9375
referential,PN14,10,h=8,2,4,PN14-3.edf,52,24,77,3,3,17,1,0.9125000000000001
referential,PN14,10,h=16,2,4,PN14-3.edf,52,24,66,2,1,19,2,0.925
referential,PN14,10,h=19,2,4,PN14-3.edf,52,24,43,2,0,20,2,0.6875
referential,PN14,10,grouped,3,4,PN14-4.edf,33,48,59,2,3,37,6,0.796875
referential,PN14,10,h=1,3,4,PN14-4.edf,33,48,98,7,2,38,1,0.98125
referential,PN14,10,h=4,3,4,PN14-4.edf,33,48,98,4,1,39,4,0.88125
referential,PN14,10,h=8,3,4,PN14-4.edf,33,48,98,5,5,35,3,0.88125
referential,PN14,10,h=16,3,4,PN14-4.edf,33,48,99,2,1,39,6,0.6062500000000001
referential,PN14,10,h=19,3,4,PN14-4.edf,33,48,31,3,0,40,5,0.8968750000000001
