patient,window_sec,fold,n_folds,test_recordings,n_train,n_test,best_epoch,TP,FP,TN,FN,auroc
chb01,1,0,5,chb01_03.edf,1929,240,38,34,2,198,6,0.991125
chb01,1,1,5,chb01_21.edf,1675,558,15,92,47,418,1,0.9895248005549775
chb01,1,2,5,chb01_15.edf;chb01_16.edf,1684,546,17,79,21,434,12,0.9827315541601256
chb01,1,3,5,chb01_04.edf;chb01_18.edf,1560,702,17,113,5,580,4,0.9968880122726277
chb01,1,4,5,chb01_26.edf,1636,606,25,94,19,486,7,0.9892951671404764
chb18,1,0,5,chb18_30.edf,1377,180,11,9,9,141,21,0.6591111111111111
chb18,1,1,5,chb18_36.edf,1300,276,13,46,80,150,0,0.9780718336483932
chb18,1,2,5,chb18_35.edf,1195,408,23,56,5,335,12,0.9717993079584776
chb18,1,3,5,chb18_32.edf,1257,330,27,54,11,264,1,0.9945785123966941
chb18,1,4,5,chb18_29.edf;chb18_31.edf,955,708,11,102,11,579,16,0.9826343004883654
chb06,1,0,5,chb06_13.edf,672,78,20,12,3,62,1,0.9585798816568047
chb06,1,1,5,chb06_09.edf,657,96,37,12,4,76,4,0.94140625
chb06,1,2,5,chb06_01.edf;chb06_18.edf,465,336,99,49,15,265,7,0.9598852040816327
chb06,1,3,5,chb06_04.edf,542,240,16,28,100,100,12,0.592125
chb06,1,4,5,chb06_10.edf;chb06_24.edf,600,168,27,25,17,123,3,0.9354591836734694
chb01,3,0,5,chb01_03.edf,638,78,79,12,0,65,1,1.0
chb01,3,1,5,chb01_21.edf,552,186,18,31,18,137,0,0.990426638917794
chb01,3,2,5,chb01_26.edf,542,198,33,32,2,163,1,0.9985307621671258
chb01,3,3,5,chb01_15.edf;chb01_16.edf,556,180,95,27,2,148,3,0.9937777777777779
chb01,3,4,5,chb01_04.edf;chb01_18.edf,513,234,52,37,1,194,2,0.9982905982905983
chb18,3,0,5,chb18_36.edf,422,90,39,15,5,70,0,0.9946666666666667
chb18,3,1,5,chb18_35.edf,388,132,39,20,0,110,2,0.9958677685950413
chb18,3,2,5,chb18_29.edf;chb18_31.edf,312,228,17,38,7,183,0,0.9976454293628809
chb18,3,3,5,chb18_30.edf,446,60,27,3,2,48,7,0.63
chb18,3,4,5,chb18_32.edf,408,108,31,18,2,88,0,0.9993827160493828
chb06,3,0,5,chb06_13.edf,211,24,22,4,1,19,0,0.9874999999999999
chb06,3,1,5,chb06_09.edf,206,30,99,4,1,24,1,0.984
chb06,3,2,5,chb06_01.edf;chb06_24.edf,139,114,49,19,16,79,0,0.9889196675900277
chb06,3,3,5,chb06_04.edf,172,72,99,8,31,29,4,0.5930555555555554
chb06,3,4,5,chb06_10.edf;chb06_18.edf,192,48,58,7,1,39,1,0.984375
chb01,5,0,5,chb01_03.edf,379,48,45,8,1,39,0,0.996875
chb01,5,1,5,chb01_21.edf,331,108,55,18,3,87,0,0.9981481481481481
chb01,5,2,5,chb01_26.edf,321,120,78,19,2,98,1,0.9964999999999999
chb01,5,3,5,chb01_15.edf;chb01_16.edf,331,108,34,18,1,89,0,0.9969135802469136
chb01,5,4,5,chb01_04.edf;chb01_18.edf,307,138,31,23,3,112,0,0.9996219281663516
chb18,5,0,5,chb18_36.edf,254,54,75,9,4,41,0,1.0
chb18,5,1,5,chb18_32.edf,244,66,28,11,1,54,0,1.0
chb18,5,2,5,chb18_35.edf,235,78,22,12,0,65,1,0.9988165680473373
chb18,5,3,5,chb18_30.edf,268,36,92,2,0,30,4,0.5833333333333333
chb18,5,4,5,chb18_29.edf;chb18_31.edf,187,138,51,22,1,114,1,0.9996219281663516
chb06,5,0,5,chb06_09.edf,120,18,99,2,3,12,1,0.9111111111111112
chb06,5,1,5,chb06_13.edf,124,12,55,1,0,10,1,1.0
chb06,5,2,5,chb06_01.edf;chb06_24.edf,81,66,49,11,4,51,0,0.9785123966942149
chb06,5,3,5,chb06_04.edf,96,48,70,4,14,26,4,0.6812499999999999
chb06,5,4,5,chb06_10.edf;chb06_18.edf,115,24,38,4,2,18,0,0.9874999999999999
chb01,10,0,5,chb01_21.edf,163,54,95,9,0,45,0,1.0
chb01,10,1,5,chb01_26.edf,158,60,96,10,1,49,0,0.998
chb01,10,2,5,chb01_03.edf,187,24,99,4,0,20,0,1.0
chb01,10,3,5,chb01_15.edf;chb01_16.edf,163,54,73,8,0,45,1,1.0
chb01,10,4,5,chb01_04.edf;chb01_18.edf,153,66,65,11,1,54,0,1.0
chb18,10,0,5,chb18_30.edf,124,18,98,1,0,15,2,0.7333333333333334
chb18,10,1,5,chb18_36.edf,120,24,97,4,3,17,0,1.0
chb18,10,2,5,chb18_32.edf,115,30,97,5,1,24,0,1.0
chb18,10,3,5,chb18_35.edf,110,36,97,3,0,30,3,1.0
chb18,10,4,5,chb18_29.edf;chb18_31.edf,86,66,55,11,1,54,0,1.0
chb06,10,0,5,chb06_09.edf,52,6,99,1,0,5,0,1.0
chb06,10,1,5,chb06_13.edf,52,6,99,1,0,5,0,1.0
chb06,10,2,5,chb06_01.edf;chb06_18.edf,38,24,64,3,0,20,1,0.9874999999999999
chb06,10,3,5,chb06_04.edf;chb06_24.edf,33,30,99,4,10,15,1,0.6880000000000001
chb06,10,4,5,chb06_10.edf,52,6,92,1,0,5,0,1.0
