patient,window_sec,kernel_height,fold,n_folds,test_recordings,n_train,n_test,best_epoch,TP,FP,TN,FN,auroc
chb01,1,16,0,5,chb01_03.edf,1929,240,69,37,6,194,3,0.99375
chb01,1,21,0,5,chb01_03.edf,1929,240,10,32,8,192,8,0.965
chb01,1,16,1,5,chb01_21.edf,1675,558,26,87,24,441,6,0.988646086252746
chb01,1,21,1,5,chb01_21.edf,1675,558,13,93,69,396,0,0.9898254133425829
chb01,1,16,2,5,chb01_15.edf;chb01_16.edf,1684,546,38,82,24,431,9,0.9795918367346939
chb01,1,21,2,5,chb01_15.edf;chb01_16.edf,1684,546,20,75,19,436,16,0.9648834681801715
chb01,1,16,3,5,chb01_04.edf;chb01_18.edf,1560,702,46,111,8,577,6,0.9976769669077361
chb01,1,21,3,5,chb01_04.edf;chb01_18.edf,1560,702,15,108,15,570,9,0.9930162904521879
chb01,1,16,4,5,chb01_26.edf,1636,606,47,97,31,474,4,0.9889618664836781
chb01,1,21,4,5,chb01_26.edf,1636,606,10,90,27,478,11,0.9816488579551024
chb18,1,16,0,5,chb18_30.edf,1377,180,33,7,0,150,23,0.748
chb18,1,21,0,5,chb18_30.edf,1377,180,8,9,4,146,21,0.7722222222222223
chb18,1,16,1,5,chb18_36.edf,1300,276,25,46,52,178,0,0.9706994328922495
chb18,1,21,1,5,chb18_36.edf,1300,276,19,45,23,207,1,0.984593572778828
chb18,1,16,2,5,chb18_35.edf,1195,408,33,59,7,333,9,0.9779411764705883
chb18,1,21,2,5,chb18_35.edf,1195,408,7,47,1,339,21,0.9655276816608996
chb18,1,16,3,5,chb18_32.edf,1257,330,54,55,16,259,0,0.9888264462809917
chb18,1,21,3,5,chb18_32.edf,1257,330,20,55,9,266,0,0.9979504132231405
chb18,1,16,4,5,chb18_29.edf;chb18_31.edf,955,708,19,100,10,580,18,0.9857081298477449
chb18,1,21,4,5,chb18_29.edf;chb18_31.edf,955,708,7,102,14,576,16,0.9852054007469118
chb06,1,16,0,5,chb06_13.edf,672,78,42,11,3,62,2,0.9372781065088758
chb06,1,21,0,5,chb06_13.edf,672,78,12,11,3,62,2,0.9076923076923077
chb06,1,16,1,5,chb06_09.edf,657,96,28,14,9,71,2,0.93984375
chb06,1,21,1,5,chb06_09.edf,657,96,11,11,9,71,5,0.85078125
chb06,1,16,2,5,chb06_01.edf;chb06_18.edf,465,336,49,47,26,254,9,0.9215561224489797
chb06,1,21,2,5,chb06_01.edf;chb06_18.edf,465,336,18,46,24,256,10,0.9324617346938775
chb06,1,16,3,5,chb06_04.edf,542,240,46,29,80,120,11,0.744625
chb06,1,21,3,5,chb06_04.edf,542,240,17,28,106,94,12,0.59175
chb06,1,16,4,5,chb06_10.edf;chb06_24.edf,600,168,16,14,9,131,14,0.9089285714285713
chb06,1,21,4,5,chb06_10.edf;chb06_24.edf,600,168,10,21,23,117,7,0.8704081632653061
chb01,3,16,0,5,chb01_03.edf,638,78,53,12,3,62,1,0.9940828402366864
chb01,3,21,0,5,chb01_03.edf,638,78,41,11,2,63,2,0.9928994082840236
chb01,3,16,1,5,chb01_21.edf,552,186,61,31,6,149,0,0.9979188345473465
chb01,3,21,1,5,chb01_21.edf,552,186,13,31,8,147,0,0.9977107180020812
chb01,3,16,2,5,chb01_26.edf,542,198,99,32,5,160,1,0.9965105601469239
chb01,3,21,2,5,chb01_26.edf,542,198,18,33,10,155,0,0.9943067033976125
chb01,3,16,3,5,chb01_15.edf;chb01_16.edf,556,180,75,26,0,150,4,0.9953333333333333
chb01,3,21,3,5,chb01_15.edf;chb01_16.edf,556,180,54,25,0,150,5,0.9946666666666667
chb01,3,16,4,5,chb01_04.edf;chb01_18.edf,513,234,89,38,2,193,1,0.9988165680473373
chb01,3,21,4,5,chb01_04.edf;chb01_18.edf,513,234,37,36,2,193,3,0.9986850756081526
chb18,3,16,0,5,chb18_36.edf,422,90,98,15,8,67,0,0.9937777777777778
chb18,3,21,0,5,chb18_36.edf,422,90,15,15,4,71,0,0.9964444444444445
chb18,3,16,1,5,chb18_35.edf,388,132,50,21,4,106,1,0.9942148760330579
chb18,3,21,1,5,chb18_35.edf,388,132,16,18,0,110,4,0.9867768595041323
chb18,3,16,2,5,chb18_29.edf;chb18_31.edf,312,228,21,36,4,186,2,0.9965373961218836
chb18,3,21,2,5,chb18_29.edf;chb18_31.edf,312,228,12,34,6,184,4,0.9921052631578947
chb18,3,16,3,5,chb18_30.edf,446,60,61,3,0,50,7,0.744
chb18,3,21,3,5,chb18_30.edf,446,60,22,3,0,50,7,0.804
chb18,3,16,4,5,chb18_32.edf,408,108,26,18,3,87,0,0.9981481481481481
chb18,3,21,4,5,chb18_32.edf,408,108,24,18,0,90,0,1.0
chb06,3,16,0,5,chb06_13.edf,211,24,57,3,0,20,1,0.9750000000000001
chb06,3,21,0,5,chb06_13.edf,211,24,25,3,1,19,1,0.9624999999999999
chb06,3,16,1,5,chb06_09.edf,206,30,55,5,1,24,0,0.992
chb06,3,21,1,5,chb06_09.edf,206,30,51,4,0,25,1,0.944
chb06,3,16,2,5,chb06_01.edf;chb06_24.edf,139,114,78,18,11,84,1,0.9523545706371191
chb06,3,21,2,5,chb06_01.edf;chb06_24.edf,139,114,39,18,8,87,1,0.9911357340720222
chb06,3,16,3,5,chb06_04.edf,172,72,71,8,31,29,4,0.675
chb06,3,21,3,5,chb06_04.edf,172,72,70,9,41,19,3,0.38749999999999996
chb06,3,16,4,5,chb06_10.edf;chb06_18.edf,192,48,47,7,6,34,1,0.909375
chb06,3,21,4,5,chb06_10.edf;chb06_18.edf,192,48,30,7,7,33,1,0.9375
chb01,5,16,0,5,chb01_03.edf,379,48,98,8,0,40,0,1.0
chb01,5,21,0,5,chb01_03.edf,379,48,41,7,0,40,1,0.996875
chb01,5,16,1,5,chb01_21.edf,331,108,70,17,3,87,1,0.9950617283950618
chb01,5,21,1,5,chb01_21.edf,331,108,26,18,4,86,0,0.9993827160493828
chb01,5,16,2,5,chb01_26.edf,321,120,98,19,2,98,1,0.993
chb01,5,21,2,5,chb01_26.edf,321,120,43,19,2,98,1,0.9944999999999999
chb01,5,16,3,5,chb01_15.edf;chb01_16.edf,331,108,96,17,1,89,1,0.991358024691358
chb01,5,21,3,5,chb01_15.edf;chb01_16.edf,331,108,52,15,0,90,3,1.0
chb01,5,16,4,5,chb01_04.edf;chb01_18.edf,307,138,96,22,2,113,1,0.9988657844990548
chb01,5,21,4,5,chb01_04.edf;chb01_18.edf,307,138,26,23,3,112,0,0.9954631379962193
chb18,5,16,0,5,chb18_36.edf,254,54,94,9,23,22,0,1.0
chb18,5,21,0,5,chb18_36.edf,254,54,30,9,4,41,0,1.0
chb18,5,16,1,5,chb18_32.edf,244,66,28,11,0,55,0,1.0
chb18,5,21,1,5,chb18_32.edf,244,66,16,11,0,55,0,1.0
chb18,5,16,2,5,chb18_35.edf,235,78,30,12,0,65,1,0.9952662721893492
chb18,5,21,2,5,chb18_35.edf,235,78,23,10,1,64,3,0.9881656804733727
chb18,5,16,3,5,chb18_30.edf,268,36,96,3,0,30,3,0.7722222222222223
chb18,5,21,3,5,chb18_30.edf,268,36,45,2,0,30,4,0.8333333333333333
chb18,5,16,4,5,chb18_29.edf;chb18_31.edf,187,138,89,23,0,115,0,1.0
chb18,5,21,4,5,chb18_29.edf;chb18_31.edf,187,138,30,22,3,112,1,0.9943289224952742
chb06,5,16,0,5,chb06_09.edf,120,18,44,2,3,12,1,0.7777777777777778
chb06,5,21,0,5,chb06_09.edf,120,18,47,2,1,14,1,0.8666666666666667
chb06,5,16,1,5,chb06_13.edf,124,12,94,1,0,10,1,1.0
chb06,5,21,1,5,chb06_13.edf,124,12,56,1,0,10,1,1.0
chb06,5,16,2,5,chb06_01.edf;chb06_24.edf,81,66,91,8,6,49,3,0.8033057851239669
chb06,5,21,2,5,chb06_01.edf;chb06_24.edf,81,66,29,8,6,49,3,0.915702479338843
chb06,5,16,3,5,chb06_04.edf,96,48,97,5,21,19,3,0.55
chb06,5,21,3,5,chb06_04.edf,96,48,96,4,22,18,4,0.475
chb06,5,16,4,5,chb06_10.edf;chb06_18.edf,115,24,66,4,5,15,0,0.9874999999999999
chb06,5,21,4,5,chb06_10.edf;chb06_18.edf,115,24,99,3,0,20,1,0.9874999999999999
chb01,8,16,0,5,chb01_03.edf,230,30,99,5,0,25,0,1.0
chb01,8,21,0,5,chb01_03.edf,230,30,96,3,0,25,2,1.0
chb01,8,16,1,5,chb01_21.edf,201,66,63,11,1,54,0,1.0
chb01,8,21,1,5,chb01_21.edf,201,66,67,11,1,54,0,1.0
chb01,8,16,2,5,chb01_26.edf,196,72,98,12,1,59,0,1.0
chb01,8,21,2,5,chb01_26.edf,196,72,97,12,2,58,0,0.998611111111111
chb01,8,16,3,5,chb01_15.edf;chb01_16.edf,201,66,97,9,1,54,2,0.9867768595041323
chb01,8,21,3,5,chb01_15.edf;chb01_16.edf,201,66,98,10,0,55,1,1.0
chb01,8,16,4,5,chb01_04.edf;chb01_18.edf,187,84,96,14,0,70,0,1.0
chb01,8,21,4,5,chb01_04.edf;chb01_18.edf,187,84,99,14,0,70,0,1.0
chb18,8,16,0,5,chb18_30.edf,158,18,51,1,0,15,2,0.7333333333333334
chb18,8,21,0,5,chb18_30.edf,158,18,26,1,0,15,2,0.8666666666666667
chb18,8,16,1,5,chb18_36.edf,148,30,69,5,12,13,0,1.0
chb18,8,21,1,5,chb18_36.edf,148,30,34,5,1,24,0,1.0
chb18,8,16,2,5,chb18_32.edf,144,36,58,6,2,28,0,1.0
chb18,8,21,2,5,chb18_32.edf,144,36,33,6,0,30,0,1.0
chb18,8,16,3,5,chb18_35.edf,134,48,75,5,0,40,3,0.9937499999999999
chb18,8,21,3,5,chb18_35.edf,134,48,70,6,0,40,2,0.9937499999999999
chb18,8,16,4,5,chb18_29.edf;chb18_31.edf,105,84,40,14,5,65,0,1.0
chb18,8,21,4,5,chb18_29.edf;chb18_31.edf,105,84,95,13,1,69,1,0.9989795918367348
chb06,8,16,0,5,chb06_09.edf,57,12,8,0,0,10,2,0.75
chb06,8,21,0,5,chb06_09.edf,57,12,63,1,0,10,1,0.9500000000000001
chb06,8,16,1,5,chb06_13.edf,62,6,66,1,0,5,0,1.0
chb06,8,21,1,5,chb06_13.edf,62,6,92,1,0,5,0,1.0
chb06,8,16,2,5,chb06_01.edf;chb06_24.edf,43,30,98,4,5,20,1,0.944
chb06,8,21,2,5,chb06_01.edf;chb06_24.edf,43,30,60,3,2,23,2,0.904
chb06,8,16,3,5,chb06_04.edf,48,24,63,3,6,14,1,0.7
chb06,8,21,3,5,chb06_04.edf,48,24,68,2,6,14,2,0.85
chb06,8,16,4,5,chb06_10.edf;chb06_18.edf,57,12,99,2,2,8,0,1.0
chb06,8,21,4,5,chb06_10.edf;chb06_18.edf,57,12,78,2,0,10,0,1.0
chb01,10,16,0,5,chb01_21.edf,163,54,99,9,1,44,0,1.0
chb01,10,21,0,5,chb01_21.edf,163,54,60,9,0,45,0,1.0
chb01,10,16,1,5,chb01_26.edf,158,60,99,10,1,49,0,0.998
chb01,10,21,1,5,chb01_26.edf,158,60,80,10,0,50,0,1.0
chb01,10,16,2,5,chb01_03.edf,187,24,94,4,0,20,0,1.0
chb01,10,21,2,5,chb01_03.edf,187,24,99,4,0,20,0,1.0
chb01,10,16,3,5,chb01_15.edf;chb01_16.edf,163,54,92,7,0,45,2,0.980246913580247
chb01,10,21,3,5,chb01_15.edf;chb01_16.edf,163,54,90,8,0,45,1,1.0
chb01,10,16,4,5,chb01_04.edf;chb01_18.edf,153,66,99,11,0,55,0,1.0
chb01,10,21,4,5,chb01_04.edf;chb01_18.edf,153,66,99,11,0,55,0,1.0
chb18,10,16,0,5,chb18_30.edf,124,18,76,1,0,15,2,0.8222222222222222
chb18,10,21,0,5,chb18_30.edf,124,18,96,1,0,15,2,0.8222222222222222
chb18,10,16,1,5,chb18_36.edf,120,24,93,4,2,18,0,1.0
chb18,10,21,1,5,chb18_36.edf,120,24,60,4,3,17,0,1.0
chb18,10,16,2,5,chb18_32.edf,115,30,98,5,1,24,0,1.0
chb18,10,21,2,5,chb18_32.edf,115,30,68,5,1,24,0,0.992
chb18,10,16,3,5,chb18_35.edf,110,36,99,5,0,30,1,0.9944444444444445
chb18,10,21,3,5,chb18_35.edf,110,36,95,5,0,30,1,1.0
chb18,10,16,4,5,chb18_29.edf;chb18_31.edf,86,66,61,11,1,54,0,1.0
chb18,10,21,4,5,chb18_29.edf;chb18_31.edf,86,66,55,11,1,54,0,1.0
chb06,10,16,0,5,chb06_09.edf,52,6,9,0,0,5,1,1.0
chb06,10,21,0,5,chb06_09.edf,52,6,42,1,0,5,0,1.0
chb06,10,16,1,5,chb06_13.edf,52,6,65,1,0,5,0,1.0
chb06,10,21,1,5,chb06_13.edf,52,6,51,1,0,5,0,1.0
chb06,10,16,2,5,chb06_01.edf;chb06_18.edf,38,24,1,0,0,20,4,0.175
chb06,10,21,2,5,chb06_01.edf;chb06_18.edf,38,24,49,4,0,20,0,1.0
chb06,10,16,3,5,chb06_04.edf;chb06_24.edf,33,30,0,0,0,25,5,0.872
chb06,10,21,3,5,chb06_04.edf;chb06_24.edf,33,30,99,2,11,14,3,0.5680000000000001
chb06,10,16,4,5,chb06_10.edf,52,6,59,0,0,5,1,1.0
chb06,10,21,4,5,chb06_10.edf,52,6,46,1,0,5,0,1.0
