patient,window_sec,segment_sec,n_segments,tcn_layers,fold,n_folds,test_recordings,n_train,n_test,best_epoch,TP,FP,TN,FN,auroc,train_sec,sensitivity,specificity,precision,f1,accuracy
chb01,3,1,3,0,0,5,chb01_03.edf,638,78,77,12,0,65,1,1.0,5.524581670761108,0.9230769230769231,1.0,1.0,0.96,0.9871794871794872
chb01,3,1,3,0,1,5,chb01_21.edf,552,186,38,31,7,148,0,0.9991675338189386,2.4644007682800293,1.0,0.9548387096774194,0.8157894736842105,0.8985507246376812,0.9623655913978495
chb01,3,1,3,0,2,5,chb01_26.edf,542,198,66,32,3,162,1,0.9987144168962352,3.752194881439209,0.9696969696969697,0.9818181818181818,0.9142857142857143,0.9411764705882353,0.9797979797979798
chb01,3,1,3,0,3,5,chb01_15.edf;chb01_16.edf,556,180,32,29,0,150,1,0.9997777777777778,2.2053656578063965,0.9666666666666667,1.0,1.0,0.9830508474576272,0.9944444444444445
chb01,3,1,3,0,4,5,chb01_04.edf;chb01_18.edf,513,234,41,37,2,193,2,0.9994740302432612,2.600052118301392,0.9487179487179487,0.9897435897435898,0.9487179487179487,0.9487179487179487,0.9829059829059829
chb18,3,1,3,0,0,5,chb18_36.edf,422,90,22,15,4,71,0,0.9991111111111112,1.3435068130493164,1.0,0.9466666666666667,0.7894736842105263,0.8823529411764706,0.9555555555555556
chb18,3,1,3,0,1,5,chb18_35.edf,388,132,32,20,0,110,2,0.9987603305785124,1.6943092346191406,0.9090909090909091,1.0,1.0,0.9523809523809523,0.9848484848484849
chb18,3,1,3,0,2,5,chb18_29.edf;chb18_31.edf,312,228,16,36,2,188,2,0.9994459833795012,0.846630334854126,0.9473684210526315,0.9894736842105263,0.9473684210526315,0.9473684210526315,0.9824561403508771
chb18,3,1,3,0,3,5,chb18_30.edf,446,60,25,2,0,50,8,0.658,1.4644429683685305,0.2,1.0,1.0,0.3333333333333333,0.8666666666666667
chb18,3,1,3,0,4,5,chb18_32.edf,408,108,37,18,0,90,0,1.0,1.835585594177246,1.0,1.0,1.0,1.0,1.0
chb01,1,1,1,0,0,5,chb01_03.edf,1929,240,10,33,3,197,7,0.9852500000000001,3.7874274253845215,0.825,0.985,0.9166666666666666,0.868421052631579,0.9583333333333334
chb01,1,1,1,0,1,5,chb01_21.edf,1675,558,15,92,48,417,1,0.9895479246155625,3.1701877117156982,0.989247311827957,0.896774193548387,0.6571428571428571,0.7896995708154506,0.9121863799283154
chb01,1,1,1,0,2,5,chb01_15.edf;chb01_16.edf,1684,546,17,79,21,434,12,0.9829489192126555,3.3222668170928955,0.8681318681318682,0.9538461538461539,0.79,0.8272251308900523,0.9395604395604396
chb01,1,1,1,0,3,5,chb01_04.edf;chb01_18.edf,1560,702,9,110,2,583,7,0.9965373657681351,2.3914904594421387,0.9401709401709402,0.9965811965811966,0.9821428571428571,0.9606986899563319,0.9871794871794872
chb01,1,1,1,0,4,5,chb01_26.edf,1636,606,19,98,27,478,3,0.9892167434565238,3.458723306655884,0.9702970297029703,0.9465346534653465,0.784,0.8672566371681416,0.9504950495049505
chb02,1,1,1,0,0,3,chb02_16+.edf,436,486,13,66,10,395,15,0.9831123304374333,0.8030438423156738,0.8148148148148148,0.9753086419753086,0.868421052631579,0.8407643312101911,0.948559670781893
chb02,1,1,1,0,1,3,chb02_16.edf,432,492,27,70,23,387,12,0.956454491374182,1.170879602432251,0.8536585365853658,0.9439024390243902,0.7526881720430108,0.8,0.9288617886178862
chb02,1,1,1,0,2,3,chb02_19.edf,782,54,29,8,12,33,1,0.8716049382716049,2.2447619438171387,0.8888888888888888,0.7333333333333333,0.4,0.5517241379310345,0.7592592592592593
chb03,1,1,1,0,0,5,chb03_02.edf,1617,390,17,60,2,323,5,0.9900591715976332,3.2681119441986084,0.9230769230769231,0.9938461538461538,0.967741935483871,0.9448818897637795,0.982051282051282
chb03,1,1,1,0,1,5,chb03_03.edf,1598,414,9,67,2,343,2,0.9996639361478682,2.421435594558716,0.9710144927536232,0.9942028985507246,0.9710144927536232,0.9710144927536232,0.9903381642512077
chb03,1,1,1,0,2,5,chb03_35.edf,1622,384,4,63,18,302,1,0.98994140625,1.9710488319396973,0.984375,0.94375,0.7777777777777778,0.8689655172413793,0.9505208333333334
chb03,1,1,1,0,3,5,chb03_01.edf;chb03_36.edf,1425,630,12,98,9,516,7,0.9939047619047618,2.4554221630096436,0.9333333333333333,0.9828571428571429,0.9158878504672897,0.9245283018867925,0.9746031746031746
chb03,1,1,1,0,4,5,chb03_04.edf;chb03_34.edf,1454,594,8,94,25,470,5,0.9816753392510968,2.093480110168457,0.9494949494949495,0.9494949494949495,0.7899159663865546,0.8623853211009175,0.9494949494949495
chb04,1,1,1,0,0,3,chb04_05.edf,1579,294,15,49,191,54,0,0.2911286963765098,2.9276769161224365,1.0,0.22040816326530613,0.20416666666666666,0.3391003460207612,0.35034013605442177
chb04,1,1,1,0,1,3,chb04_08.edf,1281,666,31,108,52,503,3,0.9765765765765765,3.718397617340088,0.972972972972973,0.9063063063063063,0.675,0.7970479704797048,0.9174174174174174
chb04,1,1,1,0,2,3,chb04_28.edf,768,1308,28,38,108,982,180,0.5875852200993182,2.002795696258545,0.1743119266055046,0.9009174311926605,0.2602739726027397,0.2087912087912088,0.7798165137614679
chb05,1,1,1,0,0,5,chb05_06.edf,2126,690,16,96,7,568,19,0.9882646502835538,4.078844785690308,0.8347826086956521,0.9878260869565217,0.9320388349514563,0.8807339449541285,0.9623188405797102
chb05,1,1,1,0,1,5,chb05_13.edf,2150,660,7,100,11,539,10,0.9916694214876033,2.952922821044922,0.9090909090909091,0.98,0.9009009009009009,0.9049773755656109,0.9681818181818181
chb05,1,1,1,0,2,5,chb05_16.edf,2217,576,14,81,3,477,15,0.9828993055555555,3.913710594177246,0.84375,0.99375,0.9642857142857143,0.9,0.96875
chb05,1,1,1,0,3,5,chb05_17.edf,2102,720,20,107,13,587,13,0.9804861111111111,4.411763429641724,0.8916666666666667,0.9783333333333334,0.8916666666666667,0.8916666666666667,0.9638888888888889
chb05,1,1,1,0,4,5,chb05_22.edf,2116,702,24,113,77,508,4,0.9745196873402002,5.161283254623413,0.9658119658119658,0.8683760683760684,0.5947368421052631,0.7361563517915309,0.8846153846153846
chb06,1,1,1,0,0,5,chb06_13.edf,672,78,20,12,3,62,1,0.9597633136094674,1.5158088207244873,0.9230769230769231,0.9538461538461539,0.8,0.8571428571428571,0.9487179487179487
chb06,1,1,1,0,1,5,chb06_09.edf,657,96,37,12,4,76,4,0.93984375,2.2012665271759033,0.75,0.95,0.75,0.75,0.9166666666666666
chb06,1,1,1,0,2,5,chb06_01.edf;chb06_18.edf,465,336,99,49,18,262,7,0.9593112244897959,3.0059525966644287,0.875,0.9357142857142857,0.7313432835820896,0.7967479674796748,0.9255952380952381
chb06,1,1,1,0,3,5,chb06_04.edf,542,240,16,27,100,100,13,0.5976250000000001,1.1135470867156982,0.675,0.5,0.2125984251968504,0.32335329341317365,0.5291666666666667
chb06,1,1,1,0,4,5,chb06_10.edf;chb06_24.edf,600,168,27,25,17,123,3,0.9349489795918368,1.6769335269927979,0.8928571428571429,0.8785714285714286,0.5952380952380952,0.7142857142857143,0.8809523809523809
chb07,1,1,1,0,0,3,chb07_12.edf,1147,516,9,84,37,393,2,0.9907247160627366,1.7334835529327393,0.9767441860465116,0.913953488372093,0.6942148760330579,0.8115942028985508,0.9244186046511628
chb07,1,1,1,0,1,3,chb07_13.edf,1099,576,13,78,9,471,18,0.9811414930555555,1.9832487106323242,0.8125,0.98125,0.896551724137931,0.8524590163934426,0.953125
chb07,1,1,1,0,2,3,chb07_19.edf,873,858,25,88,13,702,55,0.9571812802582034,2.195392608642578,0.6153846153846154,0.9818181818181818,0.8712871287128713,0.7213114754098361,0.9207459207459208
chb08,1,1,1,0,0,5,chb08_02.edf,3590,1026,21,149,54,801,22,0.9619712048151569,7.912904739379883,0.8713450292397661,0.9368421052631579,0.7339901477832512,0.7967914438502673,0.9259259259259259
chb08,1,1,1,0,1,5,chb08_05.edf,3499,1140,13,152,180,770,38,0.8935235457063713,6.02588152885437,0.8,0.8105263157894737,0.4578313253012048,0.5823754789272031,0.8087719298245614
chb08,1,1,1,0,2,5,chb08_11.edf,3768,804,21,119,19,651,15,0.9834929828469591,8.024832725524902,0.8880597014925373,0.9716417910447761,0.8623188405797102,0.875,0.9577114427860697
chb08,1,1,1,0,3,5,chb08_13.edf,3643,960,17,148,53,747,12,0.98384375,6.87705659866333,0.925,0.93375,0.736318407960199,0.8199445983379502,0.9322916666666666
chb08,1,1,1,0,4,5,chb08_21.edf,3144,1584,12,227,154,1166,37,0.9407943067033976,5.2415924072265625,0.8598484848484849,0.8833333333333333,0.5958005249343832,0.703875968992248,0.8794191919191919
chb09,1,1,1,0,0,3,chb09_06.edf,1017,384,21,58,38,282,6,0.949951171875,2.2304325103759766,0.90625,0.88125,0.6041666666666666,0.725,0.8854166666666666
chb09,1,1,1,0,1,3,chb09_08.edf,604,900,17,135,80,670,15,0.9603022222222223,1.2667133808135986,0.9,0.8933333333333333,0.627906976744186,0.7397260273972602,0.8944444444444445
chb09,1,1,1,0,2,3,chb09_19.edf,1027,372,27,54,24,286,8,0.9139438085327782,2.7692973613739014,0.8709677419354839,0.9225806451612903,0.6923076923076923,0.7714285714285715,0.9139784946236559
chb10,1,1,1,0,0,5,chb10_38.edf,1718,534,13,76,22,423,13,0.9761141270041661,2.9118053913116455,0.8539325842696629,0.950561797752809,0.7755102040816326,0.8128342245989305,0.9344569288389513
chb10,1,1,1,0,1,5,chb10_89.edf,1886,324,5,42,6,264,12,0.9281207133058985,2.3579137325286865,0.7777777777777778,0.9777777777777777,0.875,0.8235294117647058,0.9444444444444444
chb10,1,1,1,0,2,5,chb10_27.edf,1833,390,20,59,10,315,6,0.9729704142011836,3.9260783195495605,0.9076923076923077,0.9692307692307692,0.855072463768116,0.8805970149253731,0.958974358974359
chb10,1,1,1,0,3,5,chb10_12.edf;chb10_30.edf,1699,558,19,77,4,461,16,0.9739391837206614,3.6288223266601562,0.8279569892473119,0.9913978494623656,0.9506172839506173,0.8850574712643678,0.96415770609319
chb10,1,1,1,0,4,5,chb10_20.edf;chb10_31.edf,1444,876,7,137,116,614,9,0.9689153687370988,2.0031893253326416,0.9383561643835616,0.8410958904109589,0.541501976284585,0.6867167919799498,0.8573059360730594
chb11,1,1,1,0,0,3,chb11_82.edf,2440,132,10,19,2,108,3,0.9917355371900827,3.714282989501953,0.8636363636363636,0.9818181818181818,0.9047619047619048,0.8837209302325582,0.9621212121212122
chb11,1,1,1,0,1,3,chb11_92.edf,2392,192,19,27,2,158,5,0.9904296874999999,4.936946868896484,0.84375,0.9875,0.9310344827586207,0.8852459016393442,0.9635416666666666
chb11,1,1,1,0,2,3,chb11_99.edf,259,2859,99,585,311,1796,167,0.8963359218006846,1.992992639541626,0.7779255319148937,0.8523967726625534,0.6529017857142857,0.7099514563106796,0.832808674361665
chb12,1,1,1,0,0,5,chb12_42.edf,3998,936,22,143,85,695,13,0.9615220249835635,8.942352056503296,0.9166666666666666,0.8910256410256411,0.6271929824561403,0.7447916666666666,0.8952991452991453
chb12,1,1,1,0,1,5,chb12_08.edf,4353,492,30,69,19,391,13,0.9425936942296252,11.814711332321167,0.8414634146341463,0.9536585365853658,0.7840909090909091,0.8117647058823529,0.9349593495934959
chb12,1,1,1,0,2,5,chb12_10.edf;chb12_23.edf,3336,1764,24,205,110,1360,89,0.8990351242537831,7.735326051712036,0.6972789115646258,0.9251700680272109,0.6507936507936508,0.6732348111658456,0.88718820861678
chb12,1,1,1,0,3,5,chb12_06.edf;chb12_09.edf;chb12_38.edf,3072,2094,12,283,217,1528,66,0.912644395366212,4.965635299682617,0.8108882521489972,0.8756446991404011,0.566,0.6666666666666666,0.8648519579751671
chb12,1,1,1,0,4,5,chb12_11.edf;chb12_33.edf;chb12_36.edf,4228,648,28,85,11,529,23,0.9272976680384087,10.785377979278564,0.7870370370370371,0.9796296296296296,0.8854166666666666,0.8333333333333334,0.9475308641975309
chb13,1,1,1,0,0,5,chb13_19.edf,1900,264,15,43,16,204,1,0.9770661157024794,3.4918053150177,0.9772727272727273,0.9272727272727272,0.7288135593220338,0.8349514563106796,0.9356060606060606
chb13,1,1,1,0,1,5,chb13_55.edf,1929,228,16,25,20,170,13,0.9153739612188365,3.774172306060791,0.6578947368421053,0.8947368421052632,0.5555555555555556,0.6024096385542169,0.8552631578947368
chb13,1,1,1,0,2,5,chb13_62.edf,1214,1122,12,115,98,837,72,0.7739998284194572,2.0242063999176025,0.6149732620320856,0.895187165775401,0.539906103286385,0.575,0.8484848484848485
chb13,1,1,1,0,3,5,chb13_58.edf;chb13_59.edf,1732,474,5,72,16,379,7,0.975965390161833,2.2261924743652344,0.9113924050632911,0.959493670886076,0.8181818181818182,0.8622754491017964,0.9514767932489452
chb13,1,1,1,0,4,5,chb13_21.edf;chb13_60.edf,1670,552,15,54,17,443,38,0.9250472589792059,3.1639463901519775,0.5869565217391305,0.9630434782608696,0.7605633802816901,0.6625766871165644,0.9003623188405797
chb14,1,1,1,0,0,5,chb14_11.edf,614,246,16,21,0,205,20,0.9594289113622844,1.2396354675292969,0.5121951219512195,1.0,1.0,0.6774193548387096,0.9186991869918699
chb14,1,1,1,0,1,5,chb14_18.edf,705,132,7,19,17,93,3,0.947107438016529,1.0325555801391602,0.8636363636363636,0.8454545454545455,0.5277777777777778,0.6551724137931034,0.8484848484848485
chb14,1,1,1,0,2,5,chb14_17.edf;chb14_27.edf,638,216,4,28,11,169,8,0.9175925925925925,0.7827420234680176,0.7777777777777778,0.9388888888888889,0.717948717948718,0.7466666666666667,0.9120370370370371
chb14,1,1,1,0,3,5,chb14_03.edf;chb14_04.edf,542,336,19,51,41,239,5,0.9424744897959184,1.2104380130767822,0.9107142857142857,0.8535714285714285,0.5543478260869565,0.6891891891891891,0.8630952380952381
chb14,1,1,1,0,4,5,chb14_06.edf,744,84,7,10,15,55,4,0.8612244897959183,1.0443062782287598,0.7142857142857143,0.7857142857142857,0.4,0.5128205128205128,0.7738095238095238
chb15,1,1,1,0,0,5,chb15_62.edf,9043,648,15,107,11,529,1,0.9995541838134431,16.362140893936157,0.9907407407407407,0.9796296296296296,0.9067796610169492,0.9469026548672567,0.9814814814814815
chb15,1,1,1,0,1,5,chb15_06.edf;chb15_22.edf;chb15_49.edf,7305,2820,26,421,23,2327,49,0.992494341330919,18.02096390724182,0.8957446808510638,0.9902127659574468,0.9481981981981982,0.9212253829321663,0.9744680851063829
chb15,1,1,1,0,2,5,chb15_15.edf;chb15_31.edf;chb15_40.edf;chb15_54.edf,5121,5550,21,820,101,4524,105,0.9754041782322865,11.240400552749634,0.8864864864864865,0.9781621621621621,0.8903365906623235,0.8884073672806068,0.9628828828828829
chb15,1,1,1,0,3,5,chb15_10.edf;chb15_17.edf;chb15_52.edf,8904,822,25,130,32,653,7,0.9870850871117267,21.26774311065674,0.948905109489051,0.9532846715328467,0.8024691358024691,0.8695652173913043,0.9525547445255474
chb15,1,1,1,0,4,5,chb15_20.edf;chb15_28.edf;chb15_46.edf,7872,2112,20,331,64,1696,21,0.9852676265495868,16.45906949043274,0.9403409090909091,0.9636363636363636,0.8379746835443038,0.8862115127175368,0.9597537878787878
chb16,1,1,1,0,0,5,chb16_10.edf,288,54,39,6,4,41,3,0.854320987654321,1.0880115032196045,0.6666666666666666,0.9111111111111111,0.6,0.631578947368421,0.8703703703703703
chb16,1,1,1,0,1,5,chb16_11.edf,288,54,29,5,8,37,4,0.8592592592592593,0.8851737976074219,0.5555555555555556,0.8222222222222222,0.38461538461538464,0.45454545454545453,0.7777777777777778
chb16,1,1,1,0,2,5,chb16_14.edf,264,84,42,7,45,25,7,0.4173469387755102,1.133779764175415,0.5,0.35714285714285715,0.1346153846153846,0.21212121212121213,0.38095238095238093
chb16,1,1,1,0,3,5,chb16_16.edf,302,36,45,3,4,26,3,0.7555555555555555,1.2027134895324707,0.5,0.8666666666666667,0.42857142857142855,0.46153846153846156,0.8055555555555556
chb16,1,1,1,0,4,5,chb16_17.edf,182,186,18,16,57,98,15,0.6243496357960457,0.406890869140625,0.5161290322580645,0.632258064516129,0.2191780821917808,0.3076923076923077,0.6129032258064516
chb17,1,1,1,0,0,3,chb17a_03.edf,974,540,20,77,20,430,13,0.9653086419753086,2.154686450958252,0.8555555555555555,0.9555555555555556,0.7938144329896907,0.8235294117647058,0.9388888888888889
chb17,1,1,1,0,1,3,chb17a_04.edf,854,690,18,106,22,553,9,0.9870094517958412,1.8172199726104736,0.9217391304347826,0.9617391304347827,0.828125,0.8724279835390947,0.9550724637681159
chb17,1,1,1,0,2,3,chb17b_63.edf,984,528,8,67,28,412,21,0.9372159090909091,1.4515380859375,0.7613636363636364,0.9363636363636364,0.7052631578947368,0.73224043715847,0.9071969696969697
chb18,1,1,1,0,0,5,chb18_30.edf,1377,180,30,10,8,142,20,0.6442222222222223,3.8108205795288086,0.3333333333333333,0.9466666666666667,0.5555555555555556,0.4166666666666667,0.8444444444444444
chb18,1,1,1,0,1,5,chb18_36.edf,1300,276,13,46,78,152,0,0.977788279773157,2.3041234016418457,1.0,0.6608695652173913,0.3709677419354839,0.5411764705882353,0.717391304347826
chb18,1,1,1,0,2,5,chb18_35.edf,1195,408,23,56,6,334,12,0.970977508650519,2.780280113220215,0.8235294117647058,0.9823529411764705,0.9032258064516129,0.8615384615384616,0.9558823529411765
chb18,1,1,1,0,3,5,chb18_32.edf,1257,330,27,54,11,264,1,0.9947107438016528,3.1887969970703125,0.9818181818181818,0.96,0.8307692307692308,0.9,0.9636363636363636
chb18,1,1,1,0,4,5,chb18_29.edf;chb18_31.edf,955,708,9,110,31,559,8,0.9825912094225798,1.3866143226623535,0.9322033898305084,0.9474576271186441,0.7801418439716312,0.8494208494208494,0.9449152542372882
chb19,1,1,1,0,0,3,chb19_28.edf,758,468,27,52,22,368,26,0.855456936226167,1.929349660873413,0.6666666666666666,0.9435897435897436,0.7027027027027027,0.6842105263157895,0.8974358974358975
chb19,1,1,1,0,1,3,chb19_29.edf,763,462,31,64,13,372,13,0.9741271715297689,2.1491029262542725,0.8311688311688312,0.9662337662337662,0.8311688311688312,0.8311688311688312,0.9437229437229437
chb19,1,1,1,0,2,3,chb19_30.edf,744,486,18,69,18,387,12,0.9713153482700807,1.5407955646514893,0.8518518518518519,0.9555555555555556,0.7931034482758621,0.8214285714285714,0.9382716049382716
chb20,1,1,1,0,0,5,chb20_15.edf,1008,504,7,65,6,414,19,0.9750566893424036,1.3942601680755615,0.7738095238095238,0.9857142857142858,0.9154929577464789,0.8387096774193549,0.9503968253968254
chb20,1,1,1,0,1,5,chb20_14.edf,1228,228,17,32,1,189,6,0.9973684210526317,2.4711101055145264,0.8421052631578947,0.9947368421052631,0.9696969696969697,0.9014084507042254,0.9692982456140351
chb20,1,1,1,0,2,5,chb20_12.edf,1272,174,13,28,5,140,1,0.9895362663495838,2.186400890350342,0.9655172413793104,0.9655172413793104,0.8484848484848485,0.9032258064516129,0.9655172413793104
chb20,1,1,1,0,3,5,chb20_13.edf,1080,414,13,67,25,320,2,0.9841629909682839,1.9051177501678467,0.9710144927536232,0.927536231884058,0.7282608695652174,0.8322981366459627,0.9347826086956522
chb20,1,1,1,0,4,5,chb20_16.edf;chb20_68.edf,1056,444,13,61,29,341,13,0.9273192111029949,1.868696689605713,0.8243243243243243,0.9216216216216216,0.6777777777777778,0.7439024390243902,0.9054054054054054
chb21,1,1,1,0,0,4,chb21_19.edf,686,336,36,51,23,257,5,0.9686862244897958,2.1786751747131348,0.9107142857142857,0.9178571428571428,0.6891891891891891,0.7846153846153846,0.9166666666666666
chb21,1,1,1,0,1,4,chb21_20.edf,715,300,28,44,11,239,6,0.97232,2.00638747215271,0.88,0.956,0.8,0.8380952380952381,0.9433333333333334
chb21,1,1,1,0,2,4,chb21_21.edf,566,486,15,73,40,365,8,0.9534217344916933,1.0757167339324951,0.9012345679012346,0.9012345679012346,0.6460176991150443,0.7525773195876289,0.9012345679012346
chb21,1,1,1,0,3,4,chb21_22.edf,897,72,24,12,10,50,0,0.9861111111111112,2.2563745975494385,1.0,0.8333333333333334,0.5454545454545454,0.7058823529411765,0.8611111111111112
chb22,1,1,1,0,0,3,chb22_20.edf,700,348,28,57,10,280,1,0.9956599286563615,1.8372130393981934,0.9827586206896551,0.9655172413793104,0.8507462686567164,0.912,0.9683908045977011
chb22,1,1,1,0,1,3,chb22_25.edf,624,444,19,73,22,348,1,0.9946676406135866,1.3379907608032227,0.9864864864864865,0.9405405405405406,0.7684210526315789,0.863905325443787,0.9481981981981982
chb22,1,1,1,0,2,3,chb22_38.edf,633,432,24,56,6,354,16,0.9768518518518519,1.5498003959655762,0.7777777777777778,0.9833333333333333,0.9032258064516129,0.835820895522388,0.9490740740740741
chb23,1,1,1,0,0,3,chb23_06.edf,1492,678,7,109,29,536,4,0.9908685096718615,2.048375129699707,0.9646017699115044,0.9486725663716814,0.7898550724637681,0.8685258964143426,0.9513274336283186
chb23,1,1,1,0,1,3,chb23_08.edf,1713,402,11,65,8,327,2,0.994386277567387,2.6998538970947266,0.9701492537313433,0.9761194029850746,0.8904109589041096,0.9285714285714286,0.9751243781094527
chb23,1,1,1,0,2,3,chb23_09.edf,864,1464,15,212,36,1184,32,0.9830858640150498,1.621412992477417,0.8688524590163934,0.9704918032786886,0.8548387096774194,0.8617886178861789,0.953551912568306
chb24,1,1,1,0,0,5,chb24_07.edf;chb24_21.edf,2020,540,22,75,23,427,15,0.9319753086419753,4.4171459674835205,0.8333333333333334,0.9488888888888889,0.7653061224489796,0.7978723404255319,0.9296296296296296
chb24,1,1,1,0,1,5,chb24_01.edf;chb24_04.edf;chb24_14.edf,1708,930,9,114,86,689,41,0.8873340270551509,2.47707200050354,0.7354838709677419,0.8890322580645161,0.57,0.6422535211267606,0.8634408602150537
chb24,1,1,1,0,2,5,chb24_03.edf;chb24_13.edf;chb24_15.edf,2035,522,17,70,20,415,17,0.9112432289602325,3.8940162658691406,0.8045977011494253,0.9540229885057471,0.7777777777777778,0.7909604519774012,0.9291187739463601
chb24,1,1,1,0,3,5,chb24_06.edf;chb24_09.edf,2246,258,22,32,9,206,11,0.8958355868036777,5.113984823226929,0.7441860465116279,0.958139534883721,0.7804878048780488,0.7619047619047619,0.9224806201550387
chb24,1,1,1,0,4,5,chb24_11.edf;chb24_17.edf,1800,816,18,82,22,658,54,0.8043576989619378,3.716346263885498,0.6029411764705882,0.9676470588235294,0.7884615384615384,0.6833333333333333,0.9068627450980392
