patient,window_sec,segment_sec,n_segments,tcn_layers,fold,n_folds,test_recordings,n_train,n_test,best_epoch,TP,FP,TN,FN,auroc,train_sec
chb01,3,1,3,0,0,5,chb01_03.edf,638,78,77,12,0,65,1,1.0,5.524581670761108
chb01,3,1,3,0,1,5,chb01_21.edf,552,186,38,31,7,148,0,0.9991675338189386,2.4644007682800293
chb01,3,1,3,0,2,5,chb01_26.edf,542,198,66,32,3,162,1,0.9987144168962352,3.752194881439209
chb01,3,1,3,0,3,5,chb01_15.edf;chb01_16.edf,556,180,32,29,0,150,1,0.9997777777777778,2.2053656578063965
chb01,3,1,3,0,4,5,chb01_04.edf;chb01_18.edf,513,234,41,37,2,193,2,0.9994740302432612,2.600052118301392
chb18,3,1,3,0,0,5,chb18_36.edf,422,90,22,15,4,71,0,0.9991111111111112,1.3435068130493164
chb18,3,1,3,0,1,5,chb18_35.edf,388,132,32,20,0,110,2,0.9987603305785124,1.6943092346191406
chb18,3,1,3,0,2,5,chb18_29.edf;chb18_31.edf,312,228,16,36,2,188,2,0.9994459833795012,0.846630334854126
chb18,3,1,3,0,3,5,chb18_30.edf,446,60,25,2,0,50,8,0.658,1.4644429683685305
chb18,3,1,3,0,4,5,chb18_32.edf,408,108,37,18,0,90,0,1.0,1.835585594177246
chb01,1,1,1,0,0,5,chb01_03.edf,1929,240,10,33,3,197,7,0.9852500000000001,3.7874274253845215
chb01,1,1,1,0,1,5,chb01_21.edf,1675,558,15,92,48,417,1,0.9895479246155625,3.1701877117156982
chb01,1,1,1,0,2,5,chb01_15.edf;chb01_16.edf,1684,546,17,79,21,434,12,0.9829489192126555,3.3222668170928955
chb01,1,1,1,0,3,5,chb01_04.edf;chb01_18.edf,1560,702,9,110,2,583,7,0.9965373657681351,2.3914904594421387
chb01,1,1,1,0,4,5,chb01_26.edf,1636,606,19,98,27,478,3,0.9892167434565238,3.458723306655884
chb02,1,1,1,0,0,3,chb02_16+.edf,436,486,13,66,10,395,15,0.9831123304374333,0.8030438423156738
chb02,1,1,1,0,1,3,chb02_16.edf,432,492,27,70,23,387,12,0.956454491374182,1.170879602432251
chb02,1,1,1,0,2,3,chb02_19.edf,782,54,29,8,12,33,1,0.8716049382716049,2.2447619438171387
chb03,1,1,1,0,0,5,chb03_02.edf,1617,390,17,60,2,323,5,0.9900591715976332,3.2681119441986084
chb03,1,1,1,0,1,5,chb03_03.edf,1598,414,9,67,2,343,2,0.9996639361478682,2.421435594558716
chb03,1,1,1,0,2,5,chb03_35.edf,1622,384,4,63,18,302,1,0.98994140625,1.9710488319396973
chb03,1,1,1,0,3,5,chb03_01.edf;chb03_36.edf,1425,630,12,98,9,516,7,0.9939047619047618,2.4554221630096436
chb03,1,1,1,0,4,5,chb03_04.edf;chb03_34.edf,1454,594,8,94,25,470,5,0.9816753392510968,2.093480110168457
chb04,1,1,1,0,0,3,chb04_05.edf,1579,294,15,49,191,54,0,0.2911286963765098,2.9276769161224365
chb04,1,1,1,0,1,3,chb04_08.edf,1281,666,31,108,52,503,3,0.9765765765765765,3.718397617340088
chb04,1,1,1,0,2,3,chb04_28.edf,768,1308,28,38,108,982,180,0.5875852200993182,2.002795696258545
chb05,1,1,1,0,0,5,chb05_06.edf,2126,690,16,96,7,568,19,0.9882646502835538,4.078844785690308
chb05,1,1,1,0,1,5,chb05_13.edf,2150,660,7,100,11,539,10,0.9916694214876033,2.952922821044922
chb05,1,1,1,0,2,5,chb05_16.edf,2217,576,14,81,3,477,15,0.9828993055555555,3.913710594177246
chb05,1,1,1,0,3,5,chb05_17.edf,2102,720,20,107,13,587,13,0.9804861111111111,4.411763429641724
chb05,1,1,1,0,4,5,chb05_22.edf,2116,702,24,113,77,508,4,0.9745196873402002,5.161283254623413
chb06,1,1,1,0,0,5,chb06_13.edf,672,78,20,12,3,62,1,0.9597633136094674,1.5158088207244873
chb06,1,1,1,0,1,5,chb06_09.edf,657,96,37,12,4,76,4,0.93984375,2.2012665271759033
chb06,1,1,1,0,2,5,chb06_01.edf;chb06_18.edf,465,336,99,49,18,262,7,0.9593112244897959,3.0059525966644287
chb06,1,1,1,0,3,5,chb06_04.edf,542,240,16,27,100,100,13,0.5976250000000001,1.1135470867156982
chb06,1,1,1,0,4,5,chb06_10.edf;chb06_24.edf,600,168,27,25,17,123,3,0.9349489795918368,1.6769335269927979
chb07,1,1,1,0,0,3,chb07_12.edf,1147,516,9,84,37,393,2,0.9907247160627366,1.7334835529327393
chb07,1,1,1,0,1,3,chb07_13.edf,1099,576,13,78,9,471,18,0.9811414930555555,1.9832487106323242
chb07,1,1,1,0,2,3,chb07_19.edf,873,858,25,88,13,702,55,0.9571812802582034,2.195392608642578
chb08,1,1,1,0,0,5,chb08_02.edf,3590,1026,21,149,54,801,22,0.9619712048151569,7.912904739379883
chb08,1,1,1,0,1,5,chb08_05.edf,3499,1140,13,152,180,770,38,0.8935235457063713,6.02588152885437
chb08,1,1,1,0,2,5,chb08_11.edf,3768,804,21,119,19,651,15,0.9834929828469591,8.024832725524902
chb08,1,1,1,0,3,5,chb08_13.edf,3643,960,17,148,53,747,12,0.98384375,6.87705659866333
chb08,1,1,1,0,4,5,chb08_21.edf,3144,1584,12,227,154,1166,37,0.9407943067033976,5.2415924072265625
chb09,1,1,1,0,0,3,chb09_06.edf,1017,384,21,58,38,282,6,0.949951171875,2.2304325103759766
chb09,1,1,1,0,1,3,chb09_08.edf,604,900,17,135,80,670,15,0.9603022222222223,1.2667133808135986
chb09,1,1,1,0,2,3,chb09_19.edf,1027,372,27,54,24,286,8,0.9139438085327782,2.7692973613739014
chb10,1,1,1,0,0,5,chb10_38.edf,1718,534,13,76,22,423,13,0.9761141270041661,2.9118053913116455
chb10,1,1,1,0,1,5,chb10_89.edf,1886,324,5,42,6,264,12,0.9281207133058985,2.3579137325286865
chb10,1,1,1,0,2,5,chb10_27.edf,1833,390,20,59,10,315,6,0.9729704142011836,3.9260783195495605
chb10,1,1,1,0,3,5,chb10_12.edf;chb10_30.edf,1699,558,19,77,4,461,16,0.9739391837206614,3.6288223266601562
chb10,1,1,1,0,4,5,chb10_20.edf;chb10_31.edf,1444,876,7,137,116,614,9,0.9689153687370988,2.0031893253326416
chb11,1,1,1,0,0,3,chb11_82.edf,2440,132,10,19,2,108,3,0.9917355371900827,3.714282989501953
chb11,1,1,1,0,1,3,chb11_92.edf,2392,192,19,27,2,158,5,0.9904296874999999,4.936946868896484
chb11,1,1,1,0,2,3,chb11_99.edf,259,2859,99,585,311,1796,167,0.8963359218006846,1.992992639541626
chb12,1,1,1,0,0,5,chb12_42.edf,3998,936,22,143,85,695,13,0.9615220249835635,8.942352056503296
chb12,1,1,1,0,1,5,chb12_08.edf,4353,492,30,69,19,391,13,0.9425936942296252,11.814711332321167
chb12,1,1,1,0,2,5,chb12_10.edf;chb12_23.edf,3336,1764,24,205,110,1360,89,0.8990351242537831,7.735326051712036
chb12,1,1,1,0,3,5,chb12_06.edf;chb12_09.edf;chb12_38.edf,3072,2094,12,283,217,1528,66,0.912644395366212,4.965635299682617
chb12,1,1,1,0,4,5,chb12_11.edf;chb12_33.edf;chb12_36.edf,4228,648,28,85,11,529,23,0.9272976680384087,10.785377979278564
chb13,1,1,1,0,0,5,chb13_19.edf,1900,264,15,43,16,204,1,0.9770661157024794,3.4918053150177
chb13,1,1,1,0,1,5,chb13_55.edf,1929,228,16,25,20,170,13,0.9153739612188365,3.774172306060791
chb13,1,1,1,0,2,5,chb13_62.edf,1214,1122,12,115,98,837,72,0.7739998284194572,2.0242063999176025
chb13,1,1,1,0,3,5,chb13_58.edf;chb13_59.edf,1732,474,5,72,16,379,7,0.975965390161833,2.2261924743652344
chb13,1,1,1,0,4,5,chb13_21.edf;chb13_60.edf,1670,552,15,54,17,443,38,0.9250472589792059,3.1639463901519775
chb14,1,1,1,0,0,5,chb14_11.edf,614,246,16,21,0,205,20,0.9594289113622844,1.2396354675292969
chb14,1,1,1,0,1,5,chb14_18.edf,705,132,7,19,17,93,3,0.947107438016529,1.0325555801391602
chb14,1,1,1,0,2,5,chb14_17.edf;chb14_27.edf,638,216,4,28,11,169,8,0.9175925925925925,0.7827420234680176
chb14,1,1,1,0,3,5,chb14_03.edf;chb14_04.edf,542,336,19,51,41,239,5,0.9424744897959184,1.2104380130767822
chb14,1,1,1,0,4,5,chb14_06.edf,744,84,7,10,15,55,4,0.8612244897959183,1.0443062782287598
chb15,1,1,1,0,0,5,chb15_62.edf,9043,648,15,107,11,529,1,0.9995541838134431,16.362140893936157
chb15,1,1,1,0,1,5,chb15_06.edf;chb15_22.edf;chb15_49.edf,7305,2820,26,421,23,2327,49,0.992494341330919,18.02096390724182
chb15,1,1,1,0,2,5,chb15_15.edf;chb15_31.edf;chb15_40.edf;chb15_54.edf,5121,5550,21,820,101,4524,105,0.9754041782322865,11.240400552749634
chb15,1,1,1,0,3,5,chb15_10.edf;chb15_17.edf;chb15_52.edf,8904,822,25,130,32,653,7,0.9870850871117267,21.26774311065674
chb15,1,1,1,0,4,5,chb15_20.edf;chb15_28.edf;chb15_46.edf,7872,2112,20,331,64,1696,21,0.9852676265495868,16.45906949043274
chb16,1,1,1,0,0,5,chb16_10.edf,288,54,39,6,4,41,3,0.854320987654321,1.0880115032196045
chb16,1,1,1,0,1,5,chb16_11.edf,288,54,29,5,8,37,4,0.8592592592592593,0.8851737976074219
chb16,1,1,1,0,2,5,chb16_14.edf,264,84,42,7,45,25,7,0.4173469387755102,1.133779764175415
chb16,1,1,1,0,3,5,chb16_16.edf,302,36,45,3,4,26,3,0.7555555555555555,1.2027134895324707
chb16,1,1,1,0,4,5,chb16_17.edf,182,186,18,16,57,98,15,0.6243496357960457,0.406890869140625
chb17,1,1,1,0,0,3,chb17a_03.edf,974,540,20,77,20,430,13,0.9653086419753086,2.154686450958252
chb17,1,1,1,0,1,3,chb17a_04.edf,854,690,18,106,22,553,9,0.9870094517958412,1.8172199726104736
chb17,1,1,1,0,2,3,chb17b_63.edf,984,528,8,67,28,412,21,0.9372159090909091,1.4515380859375
chb18,1,1,1,0,0,5,chb18_30.edf,1377,180,30,10,8,142,20,0.6442222222222223,3.8108205795288086
chb18,1,1,1,0,1,5,chb18_36.edf,1300,276,13,46,78,152,0,0.977788279773157,2.3041234016418457
chb18,1,1,1,0,2,5,chb18_35.edf,1195,408,23,56,6,334,12,0.970977508650519,2.780280113220215
chb18,1,1,1,0,3,5,chb18_32.edf,1257,330,27,54,11,264,1,0.9947107438016528,3.1887969970703125
chb18,1,1,1,0,4,5,chb18_29.edf;chb18_31.edf,955,708,9,110,31,559,8,0.9825912094225798,1.3866143226623535
chb19,1,1,1,0,0,3,chb19_28.edf,758,468,27,52,22,368,26,0.855456936226167,1.929349660873413
chb19,1,1,1,0,1,3,chb19_29.edf,763,462,31,64,13,372,13,0.9741271715297689,2.1491029262542725
chb19,1,1,1,0,2,3,chb19_30.edf,744,486,18,69,18,387,12,0.9713153482700807,1.5407955646514893
chb20,1,1,1,0,0,5,chb20_15.edf,1008,504,7,65,6,414,19,0.9750566893424036,1.3942601680755615
chb20,1,1,1,0,1,5,chb20_14.edf,1228,228,17,32,1,189,6,0.9973684210526317,2.4711101055145264
chb20,1,1,1,0,2,5,chb20_12.edf,1272,174,13,28,5,140,1,0.9895362663495838,2.186400890350342
chb20,1,1,1,0,3,5,chb20_13.edf,1080,414,13,67,25,320,2,0.9841629909682839,1.9051177501678467
chb20,1,1,1,0,4,5,chb20_16.edf;chb20_68.edf,1056,444,13,61,29,341,13,0.9273192111029949,1.868696689605713
chb21,1,1,1,0,0,4,chb21_19.edf,686,336,36,51,23,257,5,0.9686862244897958,2.1786751747131348
chb21,1,1,1,0,1,4,chb21_20.edf,715,300,28,44,11,239,6,0.97232,2.00638747215271
chb21,1,1,1,0,2,4,chb21_21.edf,566,486,15,73,40,365,8,0.9534217344916933,1.0757167339324951
chb21,1,1,1,0,3,4,chb21_22.edf,897,72,24,12,10,50,0,0.9861111111111112,2.2563745975494385
chb22,1,1,1,0,0,3,chb22_20.edf,700,348,28,57,10,280,1,0.9956599286563615,1.8372130393981934
chb22,1,1,1,0,1,3,chb22_25.edf,624,444,19,73,22,348,1,0.9946676406135866,1.3379907608032227
chb22,1,1,1,0,2,3,chb22_38.edf,633,432,24,56,6,354,16,0.9768518518518519,1.5498003959655762
chb23,1,1,1,0,0,3,chb23_06.edf,1492,678,7,109,29,536,4,0.9908685096718615,2.048375129699707
chb23,1,1,1,0,1,3,chb23_08.edf,1713,402,11,65,8,327,2,0.994386277567387,2.6998538970947266
chb23,1,1,1,0,2,3,chb23_09.edf,864,1464,15,212,36,1184,32,0.9830858640150498,1.621412992477417
chb24,1,1,1,0,0,5,chb24_07.edf;chb24_21.edf,2020,540,22,75,23,427,15,0.9319753086419753,4.4171459674835205
chb24,1,1,1,0,1,5,chb24_01.edf;chb24_04.edf;chb24_14.edf,1708,930,9,114,86,689,41,0.8873340270551509,2.47707200050354
chb24,1,1,1,0,2,5,chb24_03.edf;chb24_13.edf;chb24_15.edf,2035,522,17,70,20,415,17,0.9112432289602325,3.8940162658691406
chb24,1,1,1,0,3,5,chb24_06.edf;chb24_09.edf,2246,258,22,32,9,206,11,0.8958355868036777,5.113984823226929
chb24,1,1,1,0,4,5,chb24_11.edf;chb24_17.edf,1800,816,18,82,22,658,54,0.8043576989619378,3.716346263885498
