patient,window_sec,fold,n_folds,test_recordings,n_train,n_test,best_epoch,n_epochs,train_loss,val_loss,TP,FP,TN,FN,img_TP,img_FP,img_TN,img_FN,auroc,train_sec
chb01,5,0,5,chb01_03.edf,379,48,71,87,0.0316875455614339,0.0309547976863787,3,0,40,5,83,19,821,85,0.99375,109.45737290382384
chb01,5,1,5,chb01_21.edf,331,108,4,20,0.0553453141345624,0.0557034593428166,0,0,90,18,0,0,1890,378,0.5,21.873665809631348
chb01,5,2,5,chb01_26.edf,321,120,39,55,0.0365532279705929,0.0346148299652292,18,5,95,2,300,376,1724,120,0.9495,58.25614285469055
chb01,5,3,5,chb01_15.edf;chb01_16.edf,331,108,20,36,0.0353879398307111,0.0382273884461279,17,5,85,1,279,350,1540,99,0.9851851851851852,39.34006118774414
chb01,5,4,5,chb01_04.edf;chb01_18.edf,307,138,79,95,0.0359734135721938,0.0377782869118743,16,0,115,7,313,230,2185,170,0.995085066162571,96.17829918861388
chb02,5,0,3,chb02_16+.edf,81,96,37,53,0.0438281621462033,0.0454019121825695,12,27,53,4,255,876,804,81,0.796875,14.99275016784668
chb02,5,1,3,chb02_16.edf,81,96,4,20,0.0549258845455852,0.05867425724864,0,0,80,16,0,0,1680,336,0.5,5.385823249816895
chb02,5,2,3,chb02_19.edf,153,6,99,100,0.0351026804008719,0.0327367298305034,0,0,5,1,10,28,77,11,0.8,50.595232248306274
chb03,5,0,5,chb03_03.edf,307,78,58,74,0.0452393156775203,0.0491575693841804,6,15,50,7,138,617,748,135,0.5810650887573965,74.88145756721497
chb03,5,1,5,chb03_04.edf;chb03_34.edf,278,114,2,18,0.0552890418826737,0.0561019619305928,0,0,95,19,0,0,1995,399,0.5,16.523978233337402
chb03,5,2,5,chb03_02.edf,307,78,2,18,0.0554394377815884,0.0556960643816856,0,0,65,13,0,0,1365,273,0.8059171597633137,18.270193815231323
chb03,5,3,5,chb03_35.edf,312,72,57,73,0.047921505794202,0.0502450822855963,1,0,60,11,97,130,1130,155,0.9458333333333332,75.06145977973938
chb03,5,4,5,chb03_01.edf;chb03_36.edf,273,120,66,82,0.0470766508046939,0.0485885369728317,7,3,97,13,186,338,1762,234,0.9325,73.82571649551392
chb04,5,0,3,chb04_05.edf,312,54,20,36,0.040527725685501566,0.03666844298569565,7,32,13,2,119,741,204,70,0.2839506172839506,36.6185200214386
chb04,5,1,3,chb04_08.edf,249,132,54,70,0.027608734673627545,0.034161300021797444,16,36,74,6,299,974,1336,163,0.7710743801652893,55.611711263656616
chb04,5,2,3,chb04_28.edf,148,258,49,65,0.03575377298598124,0.03699970617890358,6,6,209,37,312,880,3635,591,0.5680908599242833,30.739861488342285
chb05,5,0,5,chb05_06.edf,422,138,84,100,0.032594922271707856,0.03311625572870362,16,0,115,7,311,179,2236,172,0.9739130434782609,134.44569277763367
chb05,5,1,5,chb05_13.edf,427,132,85,100,0.0321315009418214,0.02865757217691257,16,1,109,6,331,258,2052,131,0.9227272727272727,136.09870958328247
chb05,5,2,5,chb05_16.edf,441,114,23,39,0.03419946576410822,0.03971667968356804,16,0,95,3,300,116,1879,99,0.9944598337950139,54.85532283782959
chb05,5,3,5,chb05_17.edf,417,144,52,68,0.03373847727063885,0.02842231757829046,17,3,117,7,351,243,2277,153,0.9857638888888889,90.40404272079468
chb05,5,4,5,chb05_22.edf,422,138,7,23,0.03535709712554305,0.03781985611004649,17,1,114,6,350,334,2081,133,0.9765595463137997,30.993101596832275
chb06,5,0,5,chb06_09.edf,120,18,68,84,0.055414811391679065,0.05540231615304947,0,0,15,3,0,0,315,63,0.4444444444444444,32.20673441886902
chb06,5,1,5,chb06_13.edf,124,12,3,19,0.055905325987738216,0.053841326385736465,0,0,10,2,0,0,210,42,0.55,7.556152105331421
chb06,5,2,5,chb06_01.edf;chb06_24.edf,81,66,29,45,0.05034173228753307,0.049341414123773575,0,0,55,11,33,160,995,198,0.343801652892562,11.675667762756348
chb06,5,3,5,chb06_04.edf,96,48,99,100,0.05195409154135083,0.05202922597527504,0,0,40,8,0,0,840,168,0.390625,30.655989170074463
chb06,5,4,5,chb06_10.edf;chb06_18.edf,115,24,99,100,0.04818542670018925,0.053218282759189606,0,1,19,4,47,111,309,37,0.8625,36.76201295852661
chb07,5,0,3,chb07_12.edf,225,102,20,36,0.053394000341021826,0.051295541058805655,3,0,85,14,113,101,1684,244,0.8650519031141868,25.93013072013855
chb07,5,1,3,chb07_13.edf,216,114,59,75,0.049911364466214726,0.05265739970763314,7,0,95,12,196,362,1633,203,0.9091412742382271,51.701940059661865
chb07,5,2,3,chb07_19.edf,172,168,80,96,0.04309814132065208,0.04555262252688408,12,5,135,16,218,516,2424,370,0.7382653061224489,52.80896043777466
